rank,Youtuber,category,Country,created_year,created_month,created_date,channel_id,Total Views,Subscriber Count,Hidden Subscriber Count,Video Count,Recent Video 1 Title,Recent Video 1 URL,Recent Video 2 Title,Recent Video 2 URL,Recent Video 3 Title,Recent Video 3 URL,Recent Video 4 Title,Recent Video 4 URL,Recent Video 5 Title,Recent Video 5 URL
1,T-Series,Music,India,2006.0,Mar,13.0,UCq-Fj5jknLsUf-MWSy4_brA,307068036713,300000000,False,24088,DUM DUM (Behind The Scenes): Ft. Jacqueline Fernandez | Jaani | Asees Kaur | Bunny | Bhushan Kumar,https://www.youtube.com/watch?v=AvN5eTWcmH0,SON OF SARDAAR 2: Rabba Sanu | Ajay Devgn | Mrunal Thakur | Sunny Vik | Vikas M | Khara,https://www.youtube.com/watch?v=V4OjxoSeIN0,Rangeen: Keeve Keeve - Vineet Kumar Singh #YTShortsIndia,https://www.youtube.com/watch?v=7ZAKCMESdpk,"Ye Tune Kya Kiya (DnB Remix): Akshay Kumar, Imran Khan, Sonakshi Sinha | Javed B | Pritam | DIGVIJAY",https://www.youtube.com/watch?v=GIoj4tODLUw,Maa💕 - A Blessing That Never Fades | Tulsi Kumar | Payal Dev | Manoj Muntashir,https://www.youtube.com/watch?v=DcKJ2j0Sgbk
2,YouTube Movies,Film & Animation,United States,2006.0,Mar,5.0,UClgRkhTL3_hImCAmdLfDE4g,0,191000000,False,0,,,,,,,,,,
3,MrBeast,Entertainment,United States,2012.0,Feb,20.0,UCX6OQ3DkcsbYNE6H8uQQuVA,92592953875,419000000,False,892,Guess What Hit You,https://www.youtube.com/watch?v=qXW93Cois2s,$1  = One Year of Clean Water,https://www.youtube.com/watch?v=r7f0L48dHpc,"2,000,000 People Get Clean Water For The First Time!",https://www.youtube.com/watch?v=Z4hVGCWH1Kc,"Don’t Turn Around, Win $10k",https://www.youtube.com/watch?v=zxuICI0kL3s,Subscribe To Explode The TNT,https://www.youtube.com/watch?v=R1SFXJo-FlE
4,Cocomelon - Nursery Rhymes,Education,United States,2006.0,Sep,1.0,UCbCmjCuTUZos6Inko4u57UQ,206096953425,196000000,False,1652,Creating a Cardboard Melonhead! 😲 #cocomelon #kids #crafts,https://www.youtube.com/watch?v=64DzKhM-TqA,The Muffin Man! Super Hero Rescue 🦸 | CoComelon Nursery Rhymes & Kids Songs,https://www.youtube.com/watch?v=KLfXETqLCiM,Wash Your hand With us! 🫧👏🫧 Tutorial for Kids,https://www.youtube.com/watch?v=YFCIBqBYJ5w,Fishing for ABCs 🎣 #cocomelon #shorts,https://www.youtube.com/watch?v=30ftjZ9CIEU,Making Mini Origami Characters 😍 Cute Kids Crafts,https://www.youtube.com/watch?v=AYBVdnSsewE
5,SET India,Shows,India,2006.0,Sep,20.0,UCpEhnqL0y41EpW2TvWAHD7Q,180240899978,185000000,False,158177,Pihu की आवाज़ में 'Ladki Badi Anjani' सुनकर Vicky को मिला सुकून | Superstar Singer 3 | Voice Of Pihu,https://www.youtube.com/watch?v=KxZUF7dhna0,Bade Achhe Lagte Hai - New Season - Ep 39 - Coming Up Next - बड़े अच्छे लगते हैं - नया सीजन,https://www.youtube.com/watch?v=I2MOFiDazO4,NEW! Bade Achhe Lagte Hai | New Season | Ep 30 | 25 July 2025 | Teaser,https://www.youtube.com/watch?v=X1XPzyqURzM,एक औरत की Greed ने तबाह की पूरी Family की ज़िन्दगी | Crime Patrol Satark | Khatarnak Kisse,https://www.youtube.com/watch?v=4VSVgzRYjnI,Bhagyashree Ne Purab Ko Kaha Gunda | Bade Achhe Lagte Hai | New Season | #badeachhelagtehai,https://www.youtube.com/watch?v=8GuxcKu8Tv0
6,Music,,,2013.0,Sep,24.0,UCWf8ejg2TN9-FAdzLN10qXQ,50697088,186000,False,870,「無廣告版」一杯茶一本書 ❤ 舒服音樂陪我度過一整天 ~ TEA & BOOK ❤ RELAX MUSIC FOR STUDYING & WORKING,https://www.youtube.com/watch?v=WQl1C3xBhKo,「無廣告版」淡淡純鋼琴～享受讀書 & 工作的時間 ❤ Beautiful Relax Music for Studying & Working,https://www.youtube.com/watch?v=b_YcUd8Voj0,[無廣告版] 放鬆＆專心讀書. 工作音樂   5Hrs  RELAXING SOLO GUITAR  - STUDY MUSIC,https://www.youtube.com/watch?v=gcf174yIp8s,「無廣告版」一個人靜靜聽音樂～唯美鋼琴讀書音樂 - Music For Studying - Beautiful Piano,https://www.youtube.com/watch?v=Q_aifkbPnH8,「無廣告版」把大自然帶進家中~ 森林系音樂 ☕ 純淨鋼琴讀書＆工作音樂 Relax Piano ＆ forest nature ambience,https://www.youtube.com/watch?v=5r00dfnyW3g
7,ýýý Kids Diana Show,People & Blogs,United States,2015.0,May,12.0,UCk8GzjMOrta8yxDcKfylJYw,117881327356,136000000,False,1400,Magic Washing Machine Makes Balloons!,https://www.youtube.com/watch?v=sjulCb53A1E,Oliver at the Safari! Fun & Educational Adventures for Kids,https://www.youtube.com/watch?v=uCYJVRupJ9k,Oliver Forgot to Turn Off the Hose! 💧🌸 Diana Teaches a Lesson,https://www.youtube.com/watch?v=NxrkqlOE1L4,Kids Learn Good Habits — Mobile Phone Jail Adventure,https://www.youtube.com/watch?v=TnwRD4LYDto,Don't Forget to Brush! 😁🪥,https://www.youtube.com/watch?v=WfHrYHh7cj8
8,PewDiePie,Gaming,Japan,2010.0,Apr,29.0,UC-lHJZR3Gqxm24_Vd_AJ5Yw,29581640464,110000000,False,4820,The greatest game of GeoGuessr..,https://www.youtube.com/watch?v=yzSBeCJfhkw,This Hit Different This Year… 🇸🇪,https://www.youtube.com/watch?v=MhRGfNkw3Vo,I'm DONE with Google,https://www.youtube.com/watch?v=u_Lxkt50xOg,This Trip Was NOT What We Planned,https://www.youtube.com/watch?v=4uqo-brP3xs,Presenting my Billion Dollar Plan...,https://www.youtube.com/watch?v=pgeTa1PV_40
9,Like Nastya,People & Blogs,Russia,2016.0,Jan,14.0,UCJplp5SjeGSdVdwsfb9Q7lQ,115104291340,129000000,False,973,Nastya and her friend learn healthy lifestyle,https://www.youtube.com/watch?v=HVPrMWKTd_Y,Nastya is getting ready for back to school with looks from @OldNavy #OldNavyPartner #AD,https://www.youtube.com/watch?v=IGWwl7B27X4,Nastya and Kids Learn Mall Safety Rules,https://www.youtube.com/watch?v=6QNpyX8fKjA,Nastya in the show Born to be Viral,https://www.youtube.com/watch?v=N0xcpomoHp8,Nastya takes care of little sister and her toy babies,https://www.youtube.com/watch?v=4MdR_BEAEFA
10,Vlad and Niki,Entertainment,United States,2018.0,Apr,23.0,UCvlE5gTbOvjiolFlEm-c_Ow,110579736537,143000000,False,929,No Wi Fi Challenge for kids with Chris,https://www.youtube.com/watch?v=Ks5B6wp8BOU,Kid pretends to be a parent for Uncle,https://www.youtube.com/watch?v=FIrMRgJQu-g,Fun Watermelon Adventure and other useful stories for kids,https://www.youtube.com/watch?v=hKtQsBUdo4o,Creative Cardboard School Adventure,https://www.youtube.com/watch?v=UAmqrySBUYo,Four Colors Water Balloons Challenge,https://www.youtube.com/watch?v=YSzHkw1h_Oc
11,Zee Music Company,Music,India,2014.0,Mar,12.0,UCFFbwnve3yF62-tVXkTyHqg,80181661198,119000000,False,14549,When your dil goes bawaria… 💖Groove to #Bawaria today! #dhadak2 #siddhant #triptiidimri #shorts,https://www.youtube.com/watch?v=8Rmje-rMg7Y,"When love overflows, it becomes music! 💙🎶 #Dhadak2 album out now – feel every beat! #shorts",https://www.youtube.com/watch?v=9inPVegtlDA,Ye Baarish | Baba Harshit & Deepali Babbar | Joy Chakraborty | Somit Jay Sharma,https://www.youtube.com/watch?v=hl8h9PMNQdE,Tenu Pta | Shatrunj | Musii | Latest Punjabi Song 2025,https://www.youtube.com/watch?v=1ssX78SlZZQ,Acting is a lot of GIVE & TAKE | Vikrant Massey & Shanaya Kapoor | Yashasvi | On Set Off Script,https://www.youtube.com/watch?v=V6N8T0TLa0I
12,WWE,Sports,United States,2007.0,May,11.0,UCJ5v_MCY6GNUBTO8-D3XoAg,97000563075,110000000,False,86893,Becky Lynch was WRONG for this... 💀💀💀,https://www.youtube.com/watch?v=PJwtelAH-Uo,Dominik Mysterio celebrates 20-year anniversary: SummerSlam 2025 Vlog,https://www.youtube.com/watch?v=-29rS8-MmJM,Brock Lesnar Shocks the WWE Universe with SummerSlam return | Full Results: WWE Now India,https://www.youtube.com/watch?v=MkxXv3AVv-w,Paul Heyman’s eyes almost fell out of his head when Roman Reigns’ music hit 😌😳💀,https://www.youtube.com/watch?v=Wz2wXHr_cLM,FULL MATCH: Roman Reigns vs. Erick Rowan | No Disqualification Match: WWE Clash of Champions 2019,https://www.youtube.com/watch?v=nnXHBGLroAo
13,Gaming,,,2013.0,Dec,15.0,UCOpNcN46UbXVtpKMrmU4Abg,0,92400000,False,0,,,,,,,,,,
14,BLACKPINK,People & Blogs,South Korea,2016.0,Jun,29.0,UCOmHUn--16B90oW2L6FRR3A,39559371926,98300000,False,629,BLACKPINK WORLD TOUR [DEADLINE] IN PARIS 🌷 #BLACKPINK #WORLDTOUR #DEADLINE #DEADLINE_IN_PARIS,https://www.youtube.com/watch?v=7QILfdCO6C4,BLACKPINK WORLD TOUR [DEADLINE] IN NEW YORK 🗽 #BLACKPINK #WORLDTOUR #DEADLINE #DEADLINE_IN_NEWYORK,https://www.youtube.com/watch?v=sOrVRJNMJn8,BLACKPINK - '뛰어(JUMP)' Live at WORLD TOUR [DEADLINE] IN GOYANG,https://www.youtube.com/watch?v=P169hsXjYQs,BLACKPINK WORLD TOUR [DEADLINE] IN TORONTO 🍁 #BLACKPINK #WORLDTOUR #DEADLINE #DEADLINE_IN_TORONTO,https://www.youtube.com/watch?v=cuIrjGTGfLs,BLACKPINK WORLD TOUR [DEADLINE] IN CHICAGO ✨ #BLACKPINK #WORLDTOUR #DEADLINE #DEADLINE_IN_CHICAGO,https://www.youtube.com/watch?v=YOy_-1ukMIY
15,Goldmines,Film & Animation,,2006.0,Aug,15.0,UCyoXW-Dse7fURq30EWl_CUA,30439374536,106000000,False,11179,Kajal Aggarwal Maa Ke Saath Dhanush Se Sorry Bolne Aati Hai#Dhanush #KajalAggarwal #RowdyHero #Maari,https://www.youtube.com/watch?v=5DtBN2tkquw,ब्रह्मानंदम गाँव आने के लिए राम पोथीनेनी को फ़ोन करता है,https://www.youtube.com/watch?v=4EuXuS7Nsjk,अल्लू अर्जुन नहीं मिलने दे रहा है वेनेला किशोर को उसकी होने वाली बीवी से,https://www.youtube.com/watch?v=K0DqBJ8p_ug,आधी पिनिसेट्टी इन तीनों से पोस्टमॉर्टम रिपोर्ट के बारे में पूछताछ करता है,https://www.youtube.com/watch?v=NhrxP0HCRVY,ब्रह्मानंदम रवि तेजा और वेनेला किशोर की मौत को कॉल लगा रहा है | साउथ बेस्ट कॉमेडी सीन,https://www.youtube.com/watch?v=SRySOtYHVKw
16,Sony SAB,Shows,India,2007.0,Aug,4.0,UC6-F5tO8uklgE9Zy8IvbdFw,132719260574,103000000,False,101555,Pushpa Impossible | पुष्पा इंपासिबल | Ep 992 | Coming Up Next,https://www.youtube.com/watch?v=0d763aTdnGE,NEW! Pushpa Impossible | Ep 991 | 6 Aug 2025 | Teaser,https://www.youtube.com/watch?v=Fo9UXv0cvUY,Court Mein Shaadi | Wagle Ki Duniya | Ep 1357 | Full Episode | 4 Aug 2025,https://www.youtube.com/watch?v=9luSsIwG3jg,"Itti Si Khushi | Sneak Peak- Fridge | Starts 18th Aug, 9 PM | New Launch | Sony SAB",https://www.youtube.com/watch?v=93H2M2AV4aw,"Itti Si Khushi | Starts 18th Aug, 9 PM | New Launch | Sony SAB",https://www.youtube.com/watch?v=cU0KgAm7la8
17,5-Minute Crafts,Howto & Style,United Kingdom,2020.0,Jul,27.0,UC295-Dw_tDNtZXFeAPAW6Aw,28228530816,81000000,False,7767,🍉 HOW TO MAKE QUICK SUMMER DESSERTS 🍧🌞 Fun & Tasty Recipes!,https://www.youtube.com/watch?v=_jjkzU9olnk,🎨 WANT TO GET CRAFTY? Try These DIY Art & Craft Ideas Anyone Can Make! 💖🤩,https://www.youtube.com/watch?v=5ZPtUnRLTGg,ADORABLE CRAFTS EVER! 🌸 Easy & Fun DIY Home Decor Ideas 🛋️✨,https://www.youtube.com/watch?v=Iu9-PEzVaXM,EASY PEEL & CUT VEGGIES! 🥕🌟 Must-Try Kitchen Hacks & Gadgets! 🍽️,https://www.youtube.com/watch?v=jesGBehnshk,🌈 RAINBOW COOKING HACKS! Tasty Ideas for Bright & Fun Meals 🥞🍬,https://www.youtube.com/watch?v=0wiQ-yJ_Sno
18,BANGTANTV,Music,South Korea,2012.0,Dec,17.0,UCLkAepWjdylmXSltofFvsYQ,25531146524,81100000,False,2903,[BANGTAN BOMB] j-hope’s SUMMER SWAG Sketch - BTS (방탄소년단),https://www.youtube.com/watch?v=KSYfAq4aoqQ,‘#RUNSEOKJIN_epTOUR in NEWARK’ Background🎬 #공연전_백스테이지에서_석진이 🐹🐟👀 #진 #Jin #BTS #방탄소년단 #Jin_TOUR_US,https://www.youtube.com/watch?v=Lc2u6eBXGGo,진 (Jin) ‘RUNSEOKJIN_EP.TOUR’ in AMSTERDAM: LIVE VIEWING Tickets are Available,https://www.youtube.com/watch?v=WYsdxVuMJsE,‘#RUNSEOKJIN_epTOUR in TAMPA’ Background🎬 #공연전_운동하는_석진이💪🐹 #진 #Jin #BTS #방탄소년단 #Jin_TOUR_US,https://www.youtube.com/watch?v=MdeTthRUzhw,‘#RUNSEOKJIN_epTOUR in DALLAS’ Background🎬 #석진이의_오늘의_BEST_PICK👍🌟 #진 #Jin #BTS #방탄소년단 #Jin_TOUR_US,https://www.youtube.com/watch?v=0DCepxgqcF8
19,Sports,,United States,2006.0,Jan,30.0,UCja8sZ2T4ylIqjggA1Zuukg,1148217521,1040000,False,34164,"Dallas Cowboys Training Camp UPDATE: CeeDee Lamb Shines, O-Line Struggles, & Dak Looking Sharp! 🏈",https://www.youtube.com/watch?v=98LC1UkbETc,Turf almost took him out 😂 #shorts #baseball,https://www.youtube.com/watch?v=365Ede6x2_M,“Vazquez sets up at Ford Field” 😂😂 #shorts,https://www.youtube.com/watch?v=JBQtphfKNWA,Nabers has had some UNREAL catches #shorts,https://www.youtube.com/watch?v=TIxmqqUdFIs,The rookie kicker has been perfect in practice #shorts #nfl,https://www.youtube.com/watch?v=e8ohjcr1N9s
20,Justin Bieber,Music,Canada,2007.0,Jan,15.0,UCIwFjwMjI0y7PDBVEO9-bkQ,35211787113,75900000,False,252,Justin Bieber - YUKON,https://www.youtube.com/watch?v=fXivMSJm_kA,"Justin Bieber, Sexyy Red - SWEET SPOT (Audio)",https://www.youtube.com/watch?v=wiV8lwhv8tc,"Justin Bieber, Dijon - DEVOTION (Audio)",https://www.youtube.com/watch?v=SpbDwr7HZdw,"Justin Bieber, Druski - THERAPY SESSION (Audio)",https://www.youtube.com/watch?v=ZYwUJj732Nk,Justin Bieber - GO BABY (Audio),https://www.youtube.com/watch?v=cfhRITCzKGE
21,HYBE LABELS,Music,South Korea,2008.0,Jun,4.0,UC3IZKseVpdzPSBaWxBxundA,40715081891,78100000,False,2687,[HYBE MUSIC GROUP AUDITION] Message From TWS,https://www.youtube.com/watch?v=hWYA1ei-h08,범규 (BEOMGYU) 'Take My Half' Official MV,https://www.youtube.com/watch?v=4nu1wZu4zZQ,범규 (BEOMGYU) 'Take My Half' Official MV,https://www.youtube.com/watch?v=VNWX3qWBd-A,[HYBE MUSIC GROUP AUDITION] Message From LE_SSERAFIM,https://www.youtube.com/watch?v=cpPFytRof28,휴닝카이 (HUENINGKAI) 'Dance With You' Official MV,https://www.youtube.com/watch?v=G3Oey7XrKoI
22,Zee TV,Entertainment,India,2005.0,Dec,11.0,UCppHT7SZKKvar4Oc9J4oljQ,107425855357,93100000,False,217069,शारदा को शक है कि रीत किसी मकसद से घर लौटी है - Jaane Anjaane Hum Mile - Full Episode 217 @zeetv,https://www.youtube.com/watch?v=ev3LI0eto2U,#Saru #Shorts #Zee TV #Entertainment #Drama,https://www.youtube.com/watch?v=kLg3-XNEjq8,#KUMKUM BHAGYA #Shorts #Zee TV #Entertainment #Family Drama,https://www.youtube.com/watch?v=I_meaXXYObY,Saru | Is Ved ready to confess what he truly feels for Saru?,https://www.youtube.com/watch?v=bBXIke5YH_Q,करिश्मा ने देवांश को मारने और चंद्रिका को झुकाने की कसम खाई - Vasudha - Full Episode 257 @zeetv,https://www.youtube.com/watch?v=cWIMvqw3XIk
23,Pinkfong Baby Shark - Kids' Songs & Stories,Education,United States,2011.0,Dec,14.0,UCcdwLMPsaU2ezNSJU1nFoBQ,51286666949,82700000,False,3611,Who’s the Culprit? 🕵️‍♂️🌳 | Outdoor Songs 🎶 | Dance Along for Summer Fun | Pinkfong Official,https://www.youtube.com/watch?v=TNtsSKLgM4s,Imma be your Baby Shark 😈 #idol #kpopdemonhunters #sajaboys,https://www.youtube.com/watch?v=BZD-Y_odmYE,🔴 LIVE 24/7 for Mobile 🔴 🦈 Baby Shark Dance Non-Stop | August Shark Month Special | Pinkfong LIVE,https://www.youtube.com/watch?v=cBNB2x_BViU,🔴 Pinkfong LIVE 24/7 | 2025 Awards 🏆 Most Viewed Kids' Songs | Baby Shark 10th Special Live,https://www.youtube.com/watch?v=ldYM4MWK1Go,🎧 ASMR Self-Care Day with Ninimo | Subscribe @Pinkfong #ninimo #hates #cucmber,https://www.youtube.com/watch?v=TwcohrC7Ocw
24,Canal KondZilla,Music,Brazil,2012.0,Mar,21.0,UCffDXn7ycAzwL2LDlbyWOTw,39600649793,67800000,False,3399,"NOVA GERAÇÃO - DAVIZIN MC, MC THZYNHO, MC THAN, DMENORVK (KondZilla)",https://www.youtube.com/watch?v=5-OV0nAFGmI,Cypher Nova Geração Pt. 1 (KondZilla),https://www.youtube.com/watch?v=-TXtI6Ovwaw,“Vamos com calma” 🫣❤️,https://www.youtube.com/watch?v=juhyNAiBAjg,Torpedão - MC H2 (KondZilla),https://www.youtube.com/watch?v=KrzRkOqOfzw,APRESENTAÇÃO NOVOS CONTRATADOS 2025 - KONDZILLA NOVA ERA,https://www.youtube.com/watch?v=H2G9kfBpbB8
25,ChuChu TV Nursery Rhymes & Kids Songs,Education,India,2013.0,Feb,9.0,UCBnZ16ahKA2DZ_T5W0FPUXg,56097683041,97100000,False,916,"Three Little Kittens, Lost Their Mittens Nursery Rhyme for Kids | ChuChu TV Toddler Learning Videos",https://www.youtube.com/watch?v=9tTjE_OBHkk,Cinderella - Magical Carpet with ChuChu & Friends #ChuChuTV #Storytime #shorts #KidsStories,https://www.youtube.com/watch?v=uS2riVzxKmc,The Wheels on the Cars Go Round and Round Song #Shorts #ChuChuTV #NurseryRhymes #JumblikansDinosaurs,https://www.youtube.com/watch?v=NMR9G0480Do,ABC Animal Train Phonics Song -Part2 #BabyTaku #Shorts #ChuChuTV #NurseryRhymes #KidsSongs #Animals,https://www.youtube.com/watch?v=VLGini4Iioo,Wheels on the Bus : 83 Minutes of Playtime & Family Adventures | ChuChuTV Nursery Rhymes for Infants,https://www.youtube.com/watch?v=EEOcOeZTFrc
26,Shemaroo Filmi Gaane,Music,India,2010.0,Jun,11.0,UCP6uH_XlsxrXwZQ4DlqbqPg,33086968074,72900000,False,9506,"Babul Ki Duayen Leti Ja | Mohammed Rafi | Neel Kamal(1968) | Waheeda Rehman, Balraj Sahni | Sad Song",https://www.youtube.com/watch?v=efAuuHr9eI0,R D Burman Timeless Hits...Gulabi Aankhein Jo Teri Dekhi | O Mere Dil Ke Chain | Tu Tu Hai Wohi,https://www.youtube.com/watch?v=86X-iidBfEc,"Kiska Mahal Hai Kiska Ye Ghar Hai | Prem Nagar(1974) | Kishore Kumar, Lata Mangeshkar | Popular Hits",https://www.youtube.com/watch?v=BOiQyn4czaM,"Dil Hai Kab Kis Pe | Zalzala 1988 | Asha Bhosle | Kimi Katkar, Shatrughan Sinha | 80s Romantic Songs",https://www.youtube.com/watch?v=8ovmNHJ8Jas,"Kisi Shayar Ki Ghazal [4K Lyrical] | Dream Girl (1977) | Dharmendra, Hema Malini | Popular Songs",https://www.youtube.com/watch?v=wL6q-GCsEZ4
27,Colors TV,Shows,India,2008.0,Jun,13.0,UC55IWqFLDH1Xp7iu1_xknRA,81029595591,80800000,False,272549,Laughter Chefs Unlimited Entertainment | Full Episode Ep. 19 | Naga Panchami's sizzling cook-off!,https://www.youtube.com/watch?v=DZkqX5q8xGQ,Molkki | Ep. 104 | Manas Gives Purvi's Clue To Police | Colors TV,https://www.youtube.com/watch?v=Ie8SSRYL1b4,Comedy Nights With Kapil | Fun Unlimited #comedy #kapilsharma,https://www.youtube.com/watch?v=sXdk7KXVtdg,"Meri Aashiqui Tum Se Hi | Ep. 97 | Ishaani's Family Become Homeless, How? | Colors TV",https://www.youtube.com/watch?v=HSU99o0aoM0,Entertainment Ki Raat | Full Episode Ep. 20 | Shankar Mahadevan like never before!,https://www.youtube.com/watch?v=3FK_33BkMRo
28,T-Series Bhakti Sagar,Music,India,2018.0,Aug,3.0,UCaayLD9i5x4MmIoVZxXSv_g,41495027500,77900000,False,30545,शिव का नाम लो Shiv Ka Naam Lo | With Lyrics | Shiv Bhajan | SONU NIGAM | GULSHAN KUMAR Shiv Bhajan,https://www.youtube.com/watch?v=M45AOreTc0c,Ketu Shanti Mantra 108 Times | केतू ग्रह शांति मंत्र | Navgrah Mantra | T-Series Spiritual,https://www.youtube.com/watch?v=zQlj8E_ntQI,Shyama Ke Dham Ka | Khatu Shyam Bhajan | AVINASH KARN | Full Audio,https://www.youtube.com/watch?v=IqEO_xY_YQM,TERI SHARAN MEIN KANHAIYA |🙏Kirshna Bhajan🙏| NARESH RAINA | Full 4K,https://www.youtube.com/watch?v=VzpYybRTQXQ,जय श्रीनाथ Jai Shrinath | Krishna Bhajans | कृष्ण भजन संग्रह | ANURADHA PAUDWAL,https://www.youtube.com/watch?v=NW3CSKTJLSk
29,Dude Perfect,Sports,United States,2009.0,Mar,17.0,UCRijo3ddMTht_IHyNSNXpNQ,19467469032,61400000,False,504,Who is the Strongest Dude?,https://www.youtube.com/watch?v=KnZEH3-9pnM,ATHLETE 🤯,https://www.youtube.com/watch?v=sABCiSt_Tto,Who was the Most Accurate 😂 #GalaxyZFold7 #SamsungPartner #GoogleGemini,https://www.youtube.com/watch?v=LnuPCavhlUU,15 Years of Trickshots…,https://www.youtube.com/watch?v=0iZ70zLPfLc,I Tried America's Most Dangerous Sport,https://www.youtube.com/watch?v=W1FzfKrT5LM
30,Movieclips,Film & Animation,United States,2006.0,Apr,28.0,UC3gNmTGu-TTbFPpfSs5kNkg,66540524948,64600000,False,43014,Godzilla x Kong: The New Empire (2024) 4K - Godzilla vs. Tiamat | Movieclips,https://www.youtube.com/watch?v=PfTAQrbGmv0,Godzilla x Kong: The New Empire (2024) 4K - Kong vs. Giant Snake | Movieclips,https://www.youtube.com/watch?v=QfIGpzTG8bs,Godzilla x Kong: The New Empire (2024) 4K - Skar’s Apes Attack Kong | Movieclips,https://www.youtube.com/watch?v=zl_XwbzR2I4,Godzilla x Kong: The New Empire (2024) 4K - Kong vs. the Wart Dogs | Movieclips,https://www.youtube.com/watch?v=wsUIrBnIb98,Open Season 3 (2010) - On the Road Again | Movieclips,https://www.youtube.com/watch?v=zDY-BZp1NcY
31,Tips Official,Music,India,2007.0,May,22.0,UCJrDMFOdv1I2k8n9oK_V21w,49185113437,77500000,False,8330,#happybirthdayadityanarayan #lovesongs #hindisongs #mangtahaikya,https://www.youtube.com/watch?v=ubnT1g2Y9oM,#happybirthdaydipikakibrahim #tujhedekhenmeriaankhen #lovesongs #hindisongs #ytshorts,https://www.youtube.com/watch?v=9FA0noL-Lhc,"Happy Birthday to the melody maestro, Nadeem Akhtar Saifi ✨#lovesongs #bollywood #hindisongs",https://www.youtube.com/watch?v=zbPCvWXLVaE,32 years of the film that redefined the anti-hero! ✨ Khal Nayak still remains a cult classic 🖤,https://www.youtube.com/watch?v=wlf_Y6TPwss,"32 Years Of Khal Nayak | Sanjay Dutt, Madhuri Dixit | Nayak Hoon Main | Choli Ke Peeche Kya Hai |90s",https://www.youtube.com/watch?v=ZE3TpMvXHik
32,El Reino Infantil,Music,Argentina,2011.0,Jun,2.0,UCK1i2UviaXLUNrZlAFpw_jA,68492507369,69700000,False,1881,Super Especial Para Niños 🚀 Hey Kids | Canciones Infantiles (10 min) | El Reino Infantil,https://www.youtube.com/watch?v=mFWmAcXb5gw,Juego Smiley | Mini Smiley Español😀 Canciones Infantiles | El Reino Infantil,https://www.youtube.com/watch?v=z5XQdlNFCrg,"Aprendemos las Vocales: ""I"" #Shorts",https://www.youtube.com/watch?v=5Sn7xKoOsCA,Soy una Taza ☕ BICHIKIDS 🐞 Canciones Infantiles (55 min) | El Reino Infantil,https://www.youtube.com/watch?v=NTw4Ci8vgGA,Soy una Taza #short #bichikids,https://www.youtube.com/watch?v=-rw2sbMjWIw
33,Wave Music,Music,India,2014.0,Oct,29.0,UCbuK8xxu2P_sqoMnDsoBrrg,2691018054,4820000,False,2420,LANY - Know You Naked (Lyrics),https://www.youtube.com/watch?v=4GDBNNifEjY,"ILLENIUM, WYLDE - Ur Alive (Lyrics)",https://www.youtube.com/watch?v=fUPubyvltuk,Said The Sky & Parson James - Heavenly (Lyrics),https://www.youtube.com/watch?v=vmE1qq2zSxA,ILLENIUM & Norma Jean Martine - Refuge (Lyrics),https://www.youtube.com/watch?v=Djbb0ikaKKc,SLANDER with JOSHUA of SEVENTEEN - Love Is Gone (Lyrics),https://www.youtube.com/watch?v=m5aQ5vCnOR8
34,Aaj Tak,News & Politics,India,2009.0,Aug,27.0,UCt4t-jeY85JegMlZ-E5UWtA,40563634380,73100000,False,489703,"World War की आहट, 8 अगस्त को Trump की डेडलाइन, Putin का परमाणु पलटवार | Russia-Ukraine War",https://www.youtube.com/watch?v=6BswaWSdHuc,Black And White With Anjana Om Kashyap LIVE: Uttarkashi Cloudburst | US Tariff | Dharali News,https://www.youtube.com/watch?v=yFXIcagTs-I,AAJTAK 2 LIVE | DHARALI CLOUDBURST | UTTARAKHAND DISASTER | अभी भी सैंकड़ों हैं लापता ! | AT2,https://www.youtube.com/watch?v=UjhLGZRznE8,"Khabardar: Donald Trump की सौदेबाजी से खबरदार, Trump ने भारत पर अतिरिक्त 25 प्रतिशत टैरिफ लगाया",https://www.youtube.com/watch?v=92SJN3UzaU0,Donald Trump's Annoucement on Tariff: भारत पर Tarrif बढ़ाने को लेकर Donald Trump का बड़ा ऐलान,https://www.youtube.com/watch?v=T1KBRdqEteA
35,Sony Music India,Music,India,2009.0,Sep,2.0,UC56gTxNs4f9xZ7Pa2i5xNzg,36974302249,67100000,False,7078,Dance Basanti | The Dance Anthem You Can’t Stop Playing…💃🔥#partymusic #hindisong #hitsong,https://www.youtube.com/watch?v=AG1ZoZSwGiM,Tum Se - Audio Lyrical | Jalebi | Jubin Nautiyal | Rhea & Varun | Samuel & Akanksha | Romantic Song,https://www.youtube.com/watch?v=cyO3dYsdTm4,When Emraan Hashmi Shows What Love Feels Like 'Zara Sa' ❤️ #lovesong #jannat #hindisong #kk #pritam,https://www.youtube.com/watch?v=5-laWhKqqxg,Agg Paaniyan Ch - Music Video | @Savikahlon  | Surinder K | @shahatgill | Aveera S Masson,https://www.youtube.com/watch?v=h5U3OlpUcJU,"Nadiyon Paar - 8K/4K Music Video | Janhvi Kapoor | Roohi | Sachin-Jigar | Rashmeet, Shamur, IP Singh",https://www.youtube.com/watch?v=t928rdRYYnU
36,EminemMusic,Music,United States,2007.0,Feb,9.0,UCfM3zsQsOnfWNUppiycmBuw,34617421143,65500000,False,204,STANS - Voicemail (In Theatres August 7),https://www.youtube.com/watch?v=jg-gzAFyiBQ,STANS - In Theatres August 7,https://www.youtube.com/watch?v=wUlX5pEEVYg,STANS - Hip-Hop (In Theatres August 7),https://www.youtube.com/watch?v=cODz62ulFP0,STANS - Writings (In Theatres August 7),https://www.youtube.com/watch?v=WrMj16ifYx0,STANS - My Name Is (In Theatres August 7),https://www.youtube.com/watch?v=wCmakUW16lk
37,Marshmello,Entertainment,United States,2015.0,Apr,6.0,UCEdvpU2pFRCVqU6yIPyTpMQ,17043839116,58100000,False,546,“Holy Water” with my brother @JellyRoll dropping 8/8,https://www.youtube.com/watch?v=Y4KECNyb44I,A song for the ones we've lost a long the way @JellyRoll,https://www.youtube.com/watch?v=r6f5VEUsaQo,Something special for my brother @JellyRoll Had to add the tattoos to tell us apart,https://www.youtube.com/watch?v=vKZi-hcRpVI,Which pose is your favorite? @JonasBrothers,https://www.youtube.com/watch?v=ZODggwuM6A0,I can’t wait for yall to watch this @SmurfsMovie,https://www.youtube.com/watch?v=iWraO07JAqo
38,YRF,Film & Animation,India,2006.0,Jun,7.0,UCbTLwN10NoCU4WDzLf1JMOA,50293725255,67600000,False,4617,"We have joined the dance party, have you? | Create your Shorts on #AavanJaavan now!",https://www.youtube.com/watch?v=c2deXOUpxQ0,"Making of Aavan Jaavan Song | War 2 | Hrithik, Kiara | Pritam, Arijit Singh, Nikhita | Amitabh B",https://www.youtube.com/watch?v=8w7U0IdNZPs,#Saiyaara found a home in your hearts - and we couldn't be more thankful.❤️,https://www.youtube.com/watch?v=DLW2xsB2GQI,Barsaat playlist just got an upgrade with #Dhun 🌧️ | Book your tickets and watch #Saiyaara now!,https://www.youtube.com/watch?v=G-lZdmiFypg,"The countdown begins…10 days, 2 warriors, 1 WAR. 🔥 #10DaysToWar2 | Hrithik Roshan, NTR, Kiara Advani",https://www.youtube.com/watch?v=qhNxInbiKPw
39,LooLoo Kids - Nursery Rhymes and Children's Songs,Music,,2016.0,Nov,29.0,UC4NALVCmcmL5ntpV0thoH6w,38213758541,60500000,False,1027,Wheels On The Bus - Learn Colors with SURPRISE EGGS - Kids Songs and Nursery Rhymes,https://www.youtube.com/watch?v=Fniwu3eTn20,Baby Star - Baby Shark MIX - Learn Colors with Sharks - Kids Songs and Nursery Rhymes,https://www.youtube.com/watch?v=UYZkLJh3kq0,Watch till the end… if there is one! 😂💫 #fun #shorts #kids,https://www.youtube.com/watch?v=G99DEuczylQ,A Ram Sam Sam - Learn Colors with Baby Shark and SURPRISE EGGS - Kids Songs and Nursery Rhymes,https://www.youtube.com/watch?v=57a3zKE9XV8,Rain Rain Go Away + Five Little Ducks + Ten in The Bed - Kids Songs - LooLoo Kids Nursery Rhymes,https://www.youtube.com/watch?v=asb-eRAv1So
40,Ed Sheeran,Music,United Kingdom,2006.0,Aug,8.0,UC0C-w0YjGpqDXGB8IHb662A,35706427959,58100000,False,652,"14 years later me and Rupert are reunited. Out Thursday 4pm BST, watch out for more stuff coming x",https://www.youtube.com/watch?v=1vRFXsVK0yw,Ed Sheeran - A Little More (Official Music Video),https://www.youtube.com/watch?v=O_0Wn73AnC8,I like this song - The real Ed Sheeran,https://www.youtube.com/watch?v=si_H55EGlVk,Ed Sheeran - Azizam (Live from Ipswich),https://www.youtube.com/watch?v=2MEvV3ha1_o,So fun rocking Oslo with @thisissigrid hometown hero. She’s one of the coolest x,https://www.youtube.com/watch?v=s-IN7kpxSGE
41,Infobells - Hindi,Education,India,2014.0,Jun,6.0,UC1ciY6kR3yj3kaKZ6R7ewAg,43720780472,70600000,False,813,Bhaiya Aur Behena -Raksha Bandhan | Hindi Rhymes & Cartoons | Infobells #hindirhymes #rakshabandhan,https://www.youtube.com/watch?v=eq1VDm2KrsU,चंदा मामा दूर के | Chanda Mama Dur Ke | Hindi Rhymes &Cartoons | Infobells #chandamama #hindirhymes,https://www.youtube.com/watch?v=WtP6y7pcS3Y,आलू कचालू बेटा को बुखार है -Aloo Kachaloo Sick Song | Hindi Rhymes & Cartoons | Infobells #sicksong,https://www.youtube.com/watch?v=7C8SZ-60FdA,Mummy Ki Roti Gol Gol Papa Ka Paisa Gol Gol | Hindi Rhymes & Cartoons | Infobells #hindirhymes,https://www.youtube.com/watch?v=wfVxTbEv9_8,"Gadi Aayi Gadi Aayi – Bus, Train, Airplane, Ship Sab Laayi! Hindi Rhymes for Kids | Infobells",https://www.youtube.com/watch?v=EoG_E1G8ddU
42,Taylor Swift,Music,United States,2006.0,Sep,20.0,UCqECaJ8Gagnn7YCbPEzWH6g,40061167398,61200000,False,286,The #TSSummer2025 collection. Available at store.taylorswift.com while supplies last! ☀️,https://www.youtube.com/watch?v=58zLBjzfd4M,Anti-Hero (Behind The Scenes with The Ghosts In The Room),https://www.youtube.com/watch?v=P0haCYjysUs,cardigan (behind the scenes - forest & ocean),https://www.youtube.com/watch?v=PQp643val70,"Anti-Hero (Behind the Scenes with Mike Birbiglia, John Early & Mary Elizabeth Ellis)",https://www.youtube.com/watch?v=-ddfFsLHNQs,Bejeweled (Behind the Scenes with Dita Von Teese),https://www.youtube.com/watch?v=0GeyBM6NS5s
43,Ariana Grande,Music,United States,2007.0,Jan,22.0,UC9CoOnJkIBMdeijd9qYoT_g,29417359965,56300000,False,231,Ariana Grande - twilight zone (a cappella),https://www.youtube.com/watch?v=faIWnA4a524,Ariana Grande - twilight zone (instrumental),https://www.youtube.com/watch?v=tcZAMKVF2OE,Ariana Grande - twilight zone (official music video),https://www.youtube.com/watch?v=XKPAzTPsWrw,Ariana Grande - supernatural (official music video),https://www.youtube.com/watch?v=hKwizc5nsWY,"Ariana Grande - brighter days ahead (behind the scenes, part two)",https://www.youtube.com/watch?v=E9-hgk5Laxc
44,BillionSurpriseToys  - Nursery Rhymes & Cartoons,Education,United States,2013.0,Oct,25.0,UCRx3mKNUdl8QE06nEug7p6Q,13558882869,57900000,False,1565,Bridge of Danger: The T-Rex Finale! #billionsurprisetoys #kidssongs #shorts #cartoon,https://www.youtube.com/watch?v=mwHiMWIRFDs,🔴LIVE | Family police pretend play,https://www.youtube.com/watch?v=uo5ncmgd4CY,Billion Surprise Toys is Live🔴Family Rescue Mission,https://www.youtube.com/watch?v=TDCyiKO_d6Q,Billion Surprise Toys is Live🔴Helping each other,https://www.youtube.com/watch?v=e19rn1wRIbI,Billion Surprise Toys is Live🔴Family vs. Dinosaurs,https://www.youtube.com/watch?v=TdS47BANeH8
45,JuegaGerman,Gaming,Chile,2013.0,May,19.0,UCYiGq8XF7YQD00x7wAd62Zg,17304627944,53800000,False,2346,Que Pasaría Si Los Humanos DESAPARECIERAN? 🫥,https://www.youtube.com/watch?v=h-NARkT6VcE,FINAL De La Llama COME CEREBROS Ha Llegado!!,https://www.youtube.com/watch?v=IBEmqMH719Y,Desafio con MI NOVIA ❤️,https://www.youtube.com/watch?v=D7sfocvSwd0,LA PARALISIS DE SUEÑO ES HORRIBLE!!!!!!,https://www.youtube.com/watch?v=-M7LHCkjs2k,Cuánto Tardarían Estos Personajes En Acabar Con La Humanidad 🌎💥,https://www.youtube.com/watch?v=eQIi932v3zc
46,Billie Eilish,Music,United States,2013.0,Feb,6.0,UCiGm_E4ZwYSHV3bcW1pnSeQ,20019940932,56400000,False,162,On Tour in Europe by Billie (Leg 1),https://www.youtube.com/watch?v=SHRLsnmyX68,blue.m4a (BLUE Mid-Writing Process),https://www.youtube.com/watch?v=MbgtBPgdy7c,paralyzed.m4a (BITTERSUITE Mid-Writing Process),https://www.youtube.com/watch?v=pprOlfeRRxA,playing diner for ricky.m4a (THE DINER Mid-Writing Process),https://www.youtube.com/watch?v=OQ1y3QMYHWI,playing claudia love of my life.m4a (L’AMOUR DE MA VIE Mid-Writing Process),https://www.youtube.com/watch?v=pHVXhX_1Pes
47,Get Movies,Entertainment,Russia,2006.0,Dec,16.0,UClZkHt2kNIgyrTTPnSQV3SA,36119014975,56000000,False,3730,Сборник добрых серий | Коллекция любимых серий Маша и Медведь,https://www.youtube.com/watch?v=jshFGowGUxk,НОВАЯ ИГРА — НОВЫЕ ИСТОРИИ 📚🌈 Трейлер игры «Говорящий Том и Друзья: мир»,https://www.youtube.com/watch?v=8eK-bSWS9To,Сборник добрых серий | Коллекция любимых серий Маша и Медведь,https://www.youtube.com/watch?v=TFteBsPkC2k,Ам Ням Истории Om Nom Stories- мультики для малышей - 6 серия 1 сезон,https://www.youtube.com/watch?v=NWWhZLqJVCw,Мастер Витя и Мотор - ПРЕМЬЕРА НОВОГО МУЛЬТФИЛЬМА! - 5 серия,https://www.youtube.com/watch?v=uEDRxpSs5kM
48,Shemaroo,Entertainment,India,2007.0,Sep,1.0,UCF1JIbMUs6uqoZEY1Haw0GQ,26670015546,59600000,False,13300,Ajay Devgn और Sanjay Dutt का जबरदस्त एक्शन सीन ! 💪🔥 | Son Of Sardaar | Best Action Scene (4K),https://www.youtube.com/watch?v=Z9orLfrMi1Y,"Bhoot | Full Supernatural Horror Movie First Time in 4K 😱💀 | Urmila Matondkar, Ajay Devgan, Rekha",https://www.youtube.com/watch?v=kjofoOHfycs,शेर हूँ कोई कुत्ता नहीं जो बुलाने पर आजाऊंगा | Ajay Devgn & Sanjay Dutt | Son Of Sardaar Comedy (4K),https://www.youtube.com/watch?v=IXgfXsduU18,घर के अंदर है इसलिए ज़िंदा हैं ! | Ajay Devgn VS Sanjay Dutt | Son Of Sardaar Comedy Scene (4K),https://www.youtube.com/watch?v=DQVZLHGAIvY,कधी हस भी लिया करो! 😜🤣 | Ajay Devgn & Sonakshi Sinha | Son Of Sardaar - Best Comedy Scene (4K),https://www.youtube.com/watch?v=P2NNAqLi-hM
49,Badabun,Entertainment,,2007.0,Jul,21.0,UCYWOjHweP2V-8kGKmmAmQJQ,20033224518,47600000,False,26676,"Deja de correr, deja de buscar respuestas, sólo escucha este mensaje",https://www.youtube.com/watch?v=lwoLjWEJCaI,¿Por qué Claudia ayuda tanto a Oaxaca?,https://www.youtube.com/watch?v=f7vsNYK69n0,Se hizo viral en TikTok por crear un combustible más limpio y ahora nadie sabe dónde está,https://www.youtube.com/watch?v=LeV_hkulqVM,En Tijuana los perritos ya son tratados como humanos,https://www.youtube.com/watch?v=QW3fDZqxwU0,La historia de un niño hondureño que llegó hasta la presidencia,https://www.youtube.com/watch?v=P7J3BzwX3tE
50,SonyMusicIndiaVEVO,Music,United States,2009.0,Sep,2.0,UC3MLnJtqc_phABBriLRhtgQ,37944329688,57500000,False,3761,JalRaj - O Sanam (Reprise) | Lyrical Video | JalRaj | Lucky Ali,https://www.youtube.com/watch?v=Fj4Fwah85Jc,"Ay Sakhi - Lyrical Video | Raanjhanaa | Sonam Kapoor | Dhanush | A.R. Rahman | Chinmayi, Madhushree",https://www.youtube.com/watch?v=R8MwJ_OvTOU,"Tu Hi Haqeeqat - Reprise | Lyrical Video | JalRaj | Emraan Hashmi, Soha Ali Khan | Javed Ali",https://www.youtube.com/watch?v=eh57JFPgJsY,"Jaadu Wali Chimki - Lyrics | Aap Jaisa Koi | R. Madhavan, Fatima Sana Shaikh",https://www.youtube.com/watch?v=NUD5GvHNlaA,Hamari Adhuri Kahani - Encore | Lyrical Video | Emraan Hashmi | Vidya Balan | Jeet Gannguli,https://www.youtube.com/watch?v=z23GK9PO2jE
51,A4,Gaming,Cuba,2006.0,Mar,11.0,UC2tsySbe9TNrI-xh2lximHA,34714419631,87500000,False,1017,Can you guess the order of the colors? 🎨☠️,https://www.youtube.com/watch?v=nxol1q6UglM,When is he coming out?🔔,https://www.youtube.com/watch?v=vq_W2mlKres,I Became Ronaldo's Bodyguard!,https://www.youtube.com/watch?v=eoIKZfun2ws,Which Shoes Will Protect Your Feet?,https://www.youtube.com/watch?v=VF1sbTAbDEY,Squid Game toilet 🦑🚽💀,https://www.youtube.com/watch?v=7voI14vQ3fM
52,Bad Bunny,Music,,2005.0,Nov,15.0,UCiY3z8HAGD6BlSNKVn2kSvQ,9607575417,160000,False,181,ALAMBRE PúA,https://www.youtube.com/watch?v=USOzILmurPc,VeLDÁ,https://www.youtube.com/watch?v=yIQ2VtGPt_E,PIToRRO DE COCO,https://www.youtube.com/watch?v=xyWHgMRUi1I,VOY A LLeVARTE PA PR,https://www.youtube.com/watch?v=uE_pyM3X-e0,CAFé CON RON,https://www.youtube.com/watch?v=sLJsaFYnsjE
53,Fernanfloo,Gaming,El Salvador,2011.0,May,2.0,UCV4xOVpbcV8SdueDCOxLXtQ,10906612196,49300000,False,555,Voy a ser PAPÁ ...,https://www.youtube.com/watch?v=Xyin9pXu_MQ,Murió mi perrito… y lo que hizo en el cielo te hará llorar 😭🌈 - My Little Puppy | Fernanfloo,https://www.youtube.com/watch?v=MDh0EhofAVY,"HAPPY WHEELS, PERO EN 2025 - Episodio 29 | Fernanfloo",https://www.youtube.com/watch?v=_gKmRIiJkBA,ME CASÉ  | LA BODA DE FERNANFLOO,https://www.youtube.com/watch?v=Lxhlamh5Cwg,ADIOS AMIGO CURLY - Fernanfloo,https://www.youtube.com/watch?v=8OmVVdapouU
54,Voot Kids,Entertainment,India,2016.0,Nov,23.0,UC0h7UYqTk7yrs4fEmszdHug,380715377,1030000,False,109,Watch Pokémon Only On Voot Kids!,https://www.youtube.com/watch?v=rAcVIi_FSG4,Rudra | రుద్ర | Season 2 | The Lonely Volcano | Episode 216,https://www.youtube.com/watch?v=Q0cVgU2Y0hI,Rudra | రుద్ర | Season 2 | Desert Magician| Episode 215,https://www.youtube.com/watch?v=Wi0pNYopk_M,Motu Patlu | మోటు పట్లు | Mela | Episode 20,https://www.youtube.com/watch?v=XbvJr78HNME,Hansel And Gretel In Telugu | హాన్సెల్ మరియు గ్రెటెల్ | Animated Stories In Telugu,https://www.youtube.com/watch?v=bMywoF6Hwcg
55,Felipe Neto,Entertainment,Brazil,2006.0,May,16.0,UCV306eHqgo0LvBf3Mh36AHg,18859017325,47500000,False,5845,O QUE ACONTECEU???,https://www.youtube.com/watch?v=Mf2FCguR41k,FUJA DESSAS RELAÇÕES,https://www.youtube.com/watch?v=CphTfcwolHc,O QUE ACONTECEU???,https://www.youtube.com/watch?v=snnwMG_3jXI,O QUE ACONTECEU???,https://www.youtube.com/watch?v=CexPfl8DOsQ,QUEM GANHA COMO MELHOR BRINDE?,https://www.youtube.com/watch?v=4nvcLTkzNFE
57,HAR PAL GEO,Entertainment,Pakistan,2008.0,Jan,2.0,UCe9JSDmyqNgA_l2BzGHq1Ug,73577952605,69300000,False,176152,Recap Baray Bhaiya Episode 51 - 6th August 2025 - HAR PAL GEO,https://www.youtube.com/watch?v=UGYsAKZHHOs,Humraaz Episode 28 Upcoming Teaser - 6th August 2025 - HAR PAL GEO,https://www.youtube.com/watch?v=h8-hXPY040I,Humraaz Ep 28 [Eng Sub] Presented by Skin Care | Feroze Khan - Ayeza Khan | 6th August 2025,https://www.youtube.com/watch?v=3qmMWW3kDBY,Humraaz Episode 28 𝐍𝐞𝐰 𝐏𝐫𝐨𝐦𝐨  | Feroze Khan - Ayeza Khan - Zahid Ahmed  | HAR PAL GEO,https://www.youtube.com/watch?v=Lo-I8z23_Sk,Pathar Dil Episode 04 Teaser - 6th August 2025 - HAR PAL GEO,https://www.youtube.com/watch?v=NbAviF1XlAc
58,BRIGHT SIDE,Howto & Style,,2005.0,Nov,18.0,UC4rlAVgAK0SGk-yTfe48Qpw,11620814682,44700000,False,10188,PODCAST: Ordinary Situations Where One Small Mistake Could Be Fatal,https://www.youtube.com/watch?v=B-2tCHjFfrw,A Hidden 100-Year Solar Cycle Just Flipped — and It Could Bring Decades of Chaos,https://www.youtube.com/watch?v=JaADs9lVGG0,Divers Found Europe’s Oldest Megastructure Beneath the Baltic Sea,https://www.youtube.com/watch?v=KUHbN6oHHaw,16 Puzzles to Test Your Logical Endurance,https://www.youtube.com/watch?v=KS_RDIPMqsM,The Mystery of Megalodon and Antarctica – What Scientists Are Discovering,https://www.youtube.com/watch?v=8YunEVfY0j4
59,Katy Perry,Music,United States,2008.0,Jun,1.0,UCYvmuw-JtVrTZQ-7Y4kd63Q,28675509499,46300000,False,193,Firework Foundation 🤝 The Lifetimes Tour ♾️,https://www.youtube.com/watch?v=8J3iAjrLCMA,ONLY 4 SHOWS LEFT IN AUSTRALIA 🇦🇺 LFG ADELAIDE 🤸🏻‍♀️,https://www.youtube.com/watch?v=e1IC0Fh2iEo,sound on slurp nom animal,https://www.youtube.com/watch?v=YWj1rLzHySQ,last night we only celebrated QUEENS in Melbourne… 💋🏳️‍🌈🏳️‍⚧️♥️🥂,https://www.youtube.com/watch?v=PijON-7j3ns,this is what I did to beat jet lag last night nbd SYDNEY ARE YOU READY⁉️,https://www.youtube.com/watch?v=2CWRdnLyev0
60,whinderssonnunes,Comedy,Brazil,2013.0,Jan,21.0,UC3KQ5GWANYF8lChqjZpXsQw,4674652766,44800000,False,1057,"Diga aí, Josiane!! Josiane??? #whinderssonnunes #vingadores #comedia #humor #braziliancomedian",https://www.youtube.com/watch?v=6LxBsZtRht0,Whindersson e a sua ETERNIDÃO #fantastico #globo,https://www.youtube.com/watch?v=Ic51qPADPnk,Whindersson revela à repórter Carol Raimundi como descobriu diagnóstico de superdotação. #fantastico,https://www.youtube.com/watch?v=ml3nQ4OGh04,Tipos de pessoas no amigo secreto #whinderssonnunes #dabliu #humor #amigosecreto #comedia,https://www.youtube.com/watch?v=evhzOefWip4,Vocês não sabem de NADA! #whinderssonnunes #dabliu #vida #conquista #mudancadevida,https://www.youtube.com/watch?v=HD0KhZU4ZoQ
61,ABS-CBN Entertainment,People & Blogs,Philippines,2008.0,Jul,16.0,UCstEtN0pgOmCf02EdXsGChw,57906162006,53400000,False,246805,"FPJ's Batang Quiapo | Episode 642 (3/3) | August 6, 2025",https://www.youtube.com/watch?v=ltCtbxvmxDQ,"FPJ's Batang Quiapo | Episode 642 (2/3) | August 6, 2025",https://www.youtube.com/watch?v=D6jUFC1WwM4,"FPJ's Batang Quiapo | Episode 642 (1/3) | August 6, 2025",https://www.youtube.com/watch?v=xldowQUFE_I,"FPJ's Batang Quiapo | Episode 642 (3/3) | August 6, 2025",https://www.youtube.com/watch?v=fxke_BdRD6w,"FPJ's Batang Quiapo | Episode 642 (2/3) | August 6, 2025",https://www.youtube.com/watch?v=lWKZ86VdJCY
62,Alan Walker,Music,Thailand,2006.0,May,12.0,UCJrOtniJ0-NWz37R30urifQ,15908238293,47100000,False,825,Excited to announce The Last Ride movie🔥Out on World of Walker app soon,https://www.youtube.com/watch?v=v_2vpgZjzoo,The one and only. Putri Ariani 🫶🏻,https://www.youtube.com/watch?v=YULw2Y1uFa0,The final chapter is about to be revealed. #walkersjoin,https://www.youtube.com/watch?v=d6PtOo-vBQw,"Alan Walker, Farruko & Sofia Reyes - Old Habits (Official Trailer)",https://www.youtube.com/watch?v=o79n_3C5tu0,Alan Walker live @tomorrowland 2025 (Full Show),https://www.youtube.com/watch?v=wuwPiyvPqLA
63,HolaSoyGerman.,Entertainment,,2016.0,May,27.0,UCZJ7m7EnCNodqnu5SAtg8eQ,4953567683,44300000,False,136,Emisión en directo de HolaSoyGerman.,https://www.youtube.com/watch?v=52EpErqNP80,Como Encontrar Trabajo | Hola Soy German,https://www.youtube.com/watch?v=4BkxCvg2spU,Hacer Amigos | Hola Soy German,https://www.youtube.com/watch?v=Lr08OBSIMv0,La Primera Vez | Hola Soy German,https://www.youtube.com/watch?v=oz0hdMkQ_9w,La Comida | Hola Soy German,https://www.youtube.com/watch?v=sqAtLg-W_dA
64,Shakira,People & Blogs,Colombia,2005.0,Oct,16.0,UCYLNGLIzMhRTi6ZOLjAPSmw,33524526344,48700000,False,387,Shakira - The Making of 'La Tortura' | Vevo Footnotes ft. Alejandro Sanz,https://www.youtube.com/watch?v=Ffmi4TxpmHw,"Thank God for @Etro , and this beautiful piece can’t wait to wear it again tonight, the best!!!!🥰",https://www.youtube.com/watch?v=mzr1ZVnvfR8,Shakira & Bizarrap - Music Sessions #53 (Live from LMYNL World Tour),https://www.youtube.com/watch?v=Q1EA78JJKrI,Miami was so loud last night you had that stadium shaking! #LMYNLWorldTour #LMYNLWorldTourMiami,https://www.youtube.com/watch?v=YYP6WwIFsps,"Orlando, we created memories for a lifetime ❤️ #LMYNLWorldTour",https://www.youtube.com/watch?v=gzTDB7kQVvI
65,ýýýýýýýý ýý ýýýýýýýýýýýýýý,Film & Animation,Russia,2011.0,May,31.0,UCZLl7vfqlRjVL4YBHGmLVvQ,12549537424,29900000,False,777,Chris se convierte en superhéroe - Historias divertidas con juguetes inflables,https://www.youtube.com/watch?v=76G6XhSy7P4,Aventura en el Hospital de Cartón para niños,https://www.youtube.com/watch?v=IPfvJgMJp50,Cuento infantil sobre virus,https://www.youtube.com/watch?v=HYibEuvE60k,¡Las niñas aprenden la importancia de compartir y la amistad!,https://www.youtube.com/watch?v=ELiTMGc9Cb0,Aventura Mágica en la Tragamonedas y otras historias divertidas para niños,https://www.youtube.com/watch?v=WZg-on8X6V8
66,ARY Digital HD,Entertainment,Pakistan,2016.0,Jul,11.0,UC4JCksJF76g_MdzPVBJoC3Q,66924067921,64600000,False,187038,Sher Episode 23 | Danish Taimoor | Sarah Khan | 6 Aug 2025 | ARY Digital Drama,https://www.youtube.com/watch?v=OWenMuUhvrI,"Sambhalo khud ko, tum thek tou hona..? 😱 | Pal Do Pal | ARY Digital Drama",https://www.youtube.com/watch?v=ZKIOI9n4CEA,#sher | Episode - 23 is OUT NOW! 😍✨💖 #sarahkhan #danishtaimoor #shorts,https://www.youtube.com/watch?v=OfelNuoHvkA,Biwi ke liye Gulaab 😍 | Pal Do Pal | Best Scene | Salman Saeed | ARY Digital Drama,https://www.youtube.com/watch?v=ybTLcJU0osc,#rasmewafa Upcoming Episode 7 | Teaser | #hinachaudhary | #arslankhan | #shorts,https://www.youtube.com/watch?v=A9YTp7gp72U
67,Speed Records,Music,India,2012.0,Nov,22.0,UCOsyDsO5tIt-VZ1iwjdQmew,32858831513,47400000,False,12452,All Good song by Ranjit Bawa is a whole mood vibe! #youtubeshorts #shorts #ytshorts,https://www.youtube.com/watch?v=mkiqb0kMOgY,Dancing with the queen herself – Neeru Bajwa shining brighter than ever! #youtubeshorts #shorts,https://www.youtube.com/watch?v=6S1btmsQs0g,Duniya de rang te Geet Goraya di sohni smile — perfect combo! 🎶💫 #youtubeshorts #shorts,https://www.youtube.com/watch?v=GAV4xVi8SDQ,Chill mode: ON. 🎧 'All Good' on repeat! Ranjit Bawa never misses. #youtubeshorts #shorts #ytshorts,https://www.youtube.com/watch?v=4OgZOz5uKm4,All Good (Official Video) | Ranjit Bawa | New Punjabi Party Song 2025 | Latest Punjabi Song 2025,https://www.youtube.com/watch?v=1Z90qpmqsmc
68,Masha and The Bear,Shows,United States,2014.0,Sep,17.0,UCu59yAFE8fM0sVNTipR4edw,32413976314,52400000,False,2000,🔴 LIVE STREAM 🎬 Masha and the Bear 👧🐻 Season 1: All episodes 🏡🪴,https://www.youtube.com/watch?v=V5RGrptPDwE,"Masha and the Bear 2025 🐧🤞Dad, Watch Up and Learn! 🐑🥰 Kid’s TV 📺 Best episodes cartoon collection 🎬",https://www.youtube.com/watch?v=G-OxqIG4GSU,"🔴 LIVE STREAM 🎬 Masha and the Bear 🦸‍♀️✋ One Second, Please… 👩👱‍♀️",https://www.youtube.com/watch?v=1f_ydNsWQkY,Sweet race! 👰🎂 #Saycheese #MashaAndTheBear #Shorts #cartoonforkids #kids,https://www.youtube.com/watch?v=p6P9uSs2cfk,This Panda knows Kung Fu! 🐼👊 #APineappleOfDiscord #MashaAndTheBear #Shorts #kids #cartoonforkids,https://www.youtube.com/watch?v=QGBPC2MGjOE
69,Like Nastya Show,Entertainment,United States,2017.0,Nov,14.0,UCS94J1s6-qc8v7btCdS2pNg,21669934520,44400000,False,833,Cardboard or colored toys challenge with Nastya and friends,https://www.youtube.com/watch?v=ni3-s_MHIv4,Nastya builds secret rooms to play hide and seek with friends,https://www.youtube.com/watch?v=75g7E7WU5N0,Nastya and her friends are having fun,https://www.youtube.com/watch?v=ynfbXqa-sWM,Nastya helps her friend learn how to behave properly with other children,https://www.youtube.com/watch?v=gzO5JxJ1_l8,Nastya and story about police chase with her partner,https://www.youtube.com/watch?v=YUlKZSvSPco
70,Rihanna,Entertainment,Barbados,2005.0,Nov,6.0,UCcgqSM4YEo5vVQpqwN-MaNw,26939664411,44800000,False,91,Rihanna - Friend Of Mine (from the Smurfs Soundtrack) (Instrumental Visualizer),https://www.youtube.com/watch?v=PQvPeliQ8j4,Rihanna - Friend Of Mine (from the Smurfs Soundtrack) (Radio Edit Visualizer),https://www.youtube.com/watch?v=I6TobR1EpgY,Rihanna - Friend Of Mine (from the Smurfs Movie Soundtrack) (Visualizer),https://www.youtube.com/watch?v=WTaTodnc86Y,Rihanna - Friend Of Mine (from the Smurfs Movie Soundtrack) (Lyric Video),https://www.youtube.com/watch?v=gWmHa5sjtwY,Rihanna - Friend Of Mine (from the Smurfs Movie Soundtrack),https://www.youtube.com/watch?v=_MQnZgH0ZmQ
71,Ishtar Music,Trailers,India,2005.0,Sep,22.0,UCWi_65E_L8tQZ34C6wVAlpQ,23855596393,51000000,False,4848,"Dhadkan Movie Video Songs Jukebox | 25 Years of Dhadkan | Akshay Kumar, Shilpa Shetty, Suniel Shetty",https://www.youtube.com/watch?v=IaNY7qe6Pac,Happy Birthday Sonu Nigam | Best of Sonu Nigam Songs Jukebox | Evergreen Bollywood Hits,https://www.youtube.com/watch?v=9ZOGrMJiQt0,Faith Will Roar – Promo Video | Mahavatar Narsimha | B Praak Releasing on July 25th,https://www.youtube.com/watch?v=qIIZIpPm7Rw,Roar of Narsimha – Promo Video | Mahavatar Narsimha | Sam CS | Think Music - (Hindi),https://www.youtube.com/watch?v=xtoDJBVX9eA,Choodi Baji Hai 🎼♥️ #28YearsofYesBoss,https://www.youtube.com/watch?v=pf2pzKMHk_s
72,Kimberly Loaiza,People & Blogs,Mexico,2016.0,Nov,16.0,UCQZfFRohQ7UX-0CdXl-6pwQ,7196959795,47100000,False,314,MI ULTIMO VIDEO / Kimberly Loaiza,https://www.youtube.com/watch?v=PzdbOj84gTo,El ES HERMANO MAYOR DE KIMA Y JUANITO 😳 (broma) Jukilop | Kimberly Loaiza,https://www.youtube.com/watch?v=JJ1S2W6dOE4,YAAAAAA!!!!,https://www.youtube.com/watch?v=5J3HXDb5Los,5 horas para que salga X AMOR 💿,https://www.youtube.com/watch?v=q-izTS7CjgQ,El final 😭,https://www.youtube.com/watch?v=yewDwn6PYXQ
73,Little Baby Bum - Nursery Rhymes & Kids Songs,Education,United States,2011.0,Jun,22.0,UCKAqou7V9FAWXpZd9xtOg3Q,42310383410,41600000,False,3067,Count to 10 Bunnies Together! 🔟👶 #shorts #counting #numbersong,https://www.youtube.com/watch?v=sfHHOfdcfw8,🚍 Watch the Green Bus from Every Angle! Wheels on the Bus 🚌✨ #shorts #busride #funforkids,https://www.youtube.com/watch?v=xoa9QRaImZg,Sing Along with ABCs! 🔤🎵 #AlphabetSong #LearningCorner #SingAlong,https://www.youtube.com/watch?v=ImMVNd0BJRs,School Shapes Hunt! 🔺📏 Learn Shapes for Class Time! | Little Baby Bum,https://www.youtube.com/watch?v=paaXvpaowJo,Back to School ABCs! 🎒📚 Learn Phonics with Us! | Little Baby Bum,https://www.youtube.com/watch?v=HQslOZUWHd8
74,Luisito Comunica,Comedy,Mexico,2010.0,Jun,18.0,UCECJDeK0MNapZbpaOzxrUPA,10965832070,44900000,False,1444,Estoy pensando invertir en este hotel | VLOG,https://www.youtube.com/watch?v=hWa-oA9-i3I,Fui al día sin ropa en mi ciudad | ¿Por qué sucede?,https://www.youtube.com/watch?v=bXO-O__8YAI,En este lugar la noche NO EXISTE (24 horas de luz) | ¿Cómo es la vida? ☀️,https://www.youtube.com/watch?v=3m7oH-wk4-w,Probando el pescado más apestoso del mundo | ¡CASI VOMITO! 🤢🐟🇸🇪,https://www.youtube.com/watch?v=J84So40Mdv0,Una muy sabrosa bebida japonesa 😋 🇯🇵 #drinkmaruhi  #ad #21+ @officialgoldengai,https://www.youtube.com/watch?v=bN76aYAfDlI
75,elrubiusOMG,Gaming,,2011.0,Dec,20.0,UCXazgXDIYyWH-yXLAkcrFxw,8234379838,40700000,False,743,Fuí al Safari Mas Salvaje de Africa,https://www.youtube.com/watch?v=b_9zcgfbs08,"QUEDADA DE COCHES, RAMEN PICANTE Y ROBOTS | Epic Vlog JAPON",https://www.youtube.com/watch?v=A-dvR9jn9Hw,CAZANDO CARTAS RARAS EN JAPON | Epic Vlog,https://www.youtube.com/watch?v=2ZPgJRNm6x0,primera partida con MI SKIN,https://www.youtube.com/watch?v=b6OFGGEbf00,PRESENTANDO MI SKIN DE FORTNITE!,https://www.youtube.com/watch?v=vPAKpEFQ2p0
76,Toys and Colors,Entertainment,,2018.0,Jun,14.0,UCgFXm4TI8htWmCyJ6cVPG_A,102172226435,78000000,False,1586,Eric Spends All His Money! Andrea Saves for School!,https://www.youtube.com/watch?v=pvcol7Vmkzo,No Candy Allowed! Bobby & Ellie’s Healthy Snack Theater Challenge! 🥦🍭🎬,https://www.youtube.com/watch?v=uApTRgajnj4,Ellie Learns to Share on a Zoo Adventure with Ben and the Swinging Friar!,https://www.youtube.com/watch?v=z-413Ky-jws,Ellie Charlotte & Eva Banned from the Pool?! Kids Fix the Slide with Silly Challenges!,https://www.youtube.com/watch?v=14xJ0VBexiM,Eric Andrea Ellie & Ben First Baseball Game at the Park,https://www.youtube.com/watch?v=NFXA2euVFEI
77,shfa2 - ï¿½ï¿½,People & Blogs,United Arab Emirates,2017.0,Nov,6.0,UCQ7x25F6YXY9DvGeHFxLhRQ,34096317395,51300000,False,1960,5 طرق لادخال حلويات إلى مستشفى ! شفا,https://www.youtube.com/watch?v=K5v5dFuu9Ss,شفا مع منزل قابل للنفخ !! bubble tent for 24 hours,https://www.youtube.com/watch?v=tl7hXEjcPX0,شفا اتخبت  و راقبت غزل و ريم بدون ما يعرفوا !,https://www.youtube.com/watch?v=sXBMZar3ZaY,أقوى مجموعة تحديات حماسيه لمده 24 ساعة مع شفا,https://www.youtube.com/watch?v=UvMlFFx_yBk,مجموعة تحديات و سكتشات ممتعه و شيقة مع شفا !,https://www.youtube.com/watch?v=BVBF4Fo9NjM
78,LUCCAS NETO - LUCCAS TOON,People & Blogs,,2021.0,Mar,25.0,UC_gV70G_Y51LTa3qhu8KiEA,33164763556,53000000,False,3334,DESAFIO DA MAÇÃ!,https://www.youtube.com/watch?v=hCddaDtXXhw,A WANDINHA INVADIU O PERFIL DA LUCCAS TOON!,https://www.youtube.com/watch?v=wUA7F8qLcB8,Luccas Neto aprende truques famosos,https://www.youtube.com/watch?v=yn2CyipobPo,O BEBÊ CHORA!!,https://www.youtube.com/watch?v=bUvfLsmdzDE,Luccas Neto e a história da Wandinha e da Barbie,https://www.youtube.com/watch?v=x_5zVm4RCps
79,CarryMinati,Comedy,India,2014.0,Oct,30.0,UCj22tfcQrWG7EMEKS0qLeEg,4247209557,45100000,False,205,SAAS BAHU AUR SAANP | CARRYMINATI,https://www.youtube.com/watch?v=465iEeNOEBg,New Roast Video coming out soon!  #carryminati #roast #comedy #indiantvshow #shorts,https://www.youtube.com/watch?v=k4vkJ9PdXwI,CARRY KI SHAADI 😭 | Q&A 2024 CARRYMINATI,https://www.youtube.com/watch?v=QoqokgcX96M,QnA Video coming soon!! #shorts #carryminati #comedy #roast,https://www.youtube.com/watch?v=Zfc5rKZhyfw,Mr Beast reacts to Mr Least🙃🤑  #carryminati #mrbeast #shorts #comedy,https://www.youtube.com/watch?v=vX0CF2VybHs
80,XXXTENTACION,Music,United States,2015.0,Jun,23.0,UCM9r1xn6s30OnlJWb-jc3Sw,11921070704,42200000,False,137,whoa (mind in awe) remix out now @YouTubeMusic,https://www.youtube.com/watch?v=JaH9gjbnpfc,XXXTENTACION & Juice WRLD - whoa (mind in awe) (Remix) (Official Video),https://www.youtube.com/watch?v=XSLF2pehpGI,XXXTENTACION - Snow (Official Audio),https://www.youtube.com/watch?v=nKEv0f0NdYc,XXXTENTACION - Manikin (Official Audio),https://www.youtube.com/watch?v=QeZUmuirlqM,XXXTENTACION - ILuvMyCliqueLikeKanyeWest (Official Audio),https://www.youtube.com/watch?v=1skhhWnxZx4
81,Super Simple Songs - Kids Songs,Education,Canada,2006.0,Sep,8.0,UCLsooMJoIpl_7ux2jvdPB-Q,57438860986,44800000,False,852,"Can You Please Help Me? | Review Colors, Toys and Family Members | Super Simple Songs",https://www.youtube.com/watch?v=OjmWon9KebI,If You Like Pasta + More | Bumble Nums + Kids Songs & Nursery Rhymes | Super Simple Songs,https://www.youtube.com/watch?v=806tA-GZWwE,If You Like Pasta with @BumbleNums  | Food Song for Kids | Super Simple Songs,https://www.youtube.com/watch?v=UXt2bNp77u0,Clara The Cow + More | 1 Hour of Fun with Super Simple Songs!,https://www.youtube.com/watch?v=3r9Lk2wWqyc,Clara The Cow | Silly Animal Song for Kids! | Super Simple Songs,https://www.youtube.com/watch?v=6-Y-q5eql5o
82,Mikecrack,Gaming,Spain,2015.0,Jul,13.0,UCqJ5zFEED1hWs0KNQCQuYdQ,20605991315,56900000,False,2153,100 LOBOS vs 1 OVEJA 😱🐺 #mikecrack,https://www.youtube.com/watch?v=bGeePFzxu9A,CREÉ mi PROPIO MINECRAFT GRATIS 💎⛏️😍 #BlockyCraft ⭐ ESPECIAL 50 MILLONES de MIKIES,https://www.youtube.com/watch?v=s_hZaqlBe5A,El arma MAS ROTA de Minecraft 💥🔨 #mikecrack,https://www.youtube.com/watch?v=aWx8YX87Q_8,¿PUEDES LOGRARLO? 😵💦 Comenta si pudiste 💬 #mikecrack,https://www.youtube.com/watch?v=mQ33GM7VEVQ,Probando TRUCOS de MINECRAFT 😍💎 #mikecrack (parte 1),https://www.youtube.com/watch?v=H6HXqqi_YQM
83,WorkpointOfficial,Entertainment,Thailand,2012.0,Nov,5.0,UC3ZkCd7XtUREnjjt3cyY_gg,41743130473,43100000,False,105129,Thailand Band Wars ศึกสังเวียนรถแห่ | EP.15 | รอบ Final | 8 ก.ค. 68 Full EP,https://www.youtube.com/watch?v=DLipz9Bq3UE,คนอวดผี413 | บุกตำนานเฮี้ยนสะพานบางปะกง ท้าพิสูจน์วิญญาณสาวชุดแดง | 6 ส.ค. 68 Full EP,https://www.youtube.com/watch?v=y-XZ9QLAw4Y,เซียนร้อยมาลัย ทรงนี้สติงค์ชัวร์ | STING WARRIOR ทรงนี้สติงค์ชัวร์ EP.19,https://www.youtube.com/watch?v=qdr2M7WEpuM,ไม่อยากพกเมีย - บาร็อก ชลธาร | ไมค์หมดหนี้ มหาโชค,https://www.youtube.com/watch?v=luy70fFEiOM,ร้องเพลงเพื่อแม่ - บาร็อก ชลธาร | ไมค์หมดหนี้ มหาโชค,https://www.youtube.com/watch?v=tg6NiMDzcA0
84,GR6 EXPLODE,Music,Brazil,2014.0,Aug,5.0,UCNUQK9mQoqi4yNXw2_Rj6SA,30081931501,42500000,False,3382,"NOIS NÃO É MIGO 3 - MC Ryan SP, Rodrigo do CN, Boladin, Negão Original, GP, Dena, Joãozinho VT, Nilo",https://www.youtube.com/watch?v=hD7B--zQ7UQ,Lançou “CHEGOU AO FIM ❤️‍🩹” no canal da @walkrecordsoficial,https://www.youtube.com/watch?v=oA3Xbl06fFc,"SÓ PORQUE TENHO DIN - MC Fidelis, MC Meno K, MC GP, MC Ryan SP, MC Negão Original, MC Luuky",https://www.youtube.com/watch?v=fnCSIXe8H74,APRESENTACAO NOVOS CONTRATADOS 2025 - KONDZILLA NOVA ERA,https://www.youtube.com/watch?v=2MJn860vfGw,5 MINUTIN DE LOVE - DODIDA • DJ GH & DJ WILTON (GR6 Explode),https://www.youtube.com/watch?v=6gbg0NKxoJ8
85,TEDx Talks,Nonprofits & Activism,United States,2009.0,Jun,23.0,UCsT0YIqwnpJCM-mx7-gSA4Q,8526080225,43400000,False,241760,Don't Explain Your Autism | Harrison Blake-Goszyk | TEDxOhioStateUniversity,https://www.youtube.com/watch?v=T1cgr_ltXbc,The power of multi-stream solutions to complex problems | Abby Andre | TEDxOhioStateUniversity,https://www.youtube.com/watch?v=Jt3gQRX-wL0,Taco Land Troubles: When the Mexican Menu Mocks You | Paloma Martinez-Cruz | TEDxOhioStateUniversity,https://www.youtube.com/watch?v=MDVW4fd1iGo,How your morals shape your favorite stories | Matthew Grizzard | TEDxOhioStateUniversity,https://www.youtube.com/watch?v=mG3OAdhVSng,Save the Bees and Ourselves | Jamie Strange | TEDxOhioStateUniversity,https://www.youtube.com/watch?v=UbWnDgqP1c4
86,shfa,People & Blogs,Saudi Arabia,2018.0,May,24.0,UCwHE1kM1CPJd_pI9FQ0-4dg,32049860059,52600000,False,1277,غزل مشهوره مغروره !! شو صار معها؟ انقلبت حياتها فجأة !,https://www.youtube.com/watch?v=tCjGTKGHCn4,أحلى عصاير صيفيه بارده من عصير تايم !,https://www.youtube.com/watch?v=OXGsebzCCJM,فيلم ما تعطي أختها ايسكريم ! شفا,https://www.youtube.com/watch?v=xgqgjYzgCkQ,شفا و غزل طلبوا من مطعم !,https://www.youtube.com/watch?v=NDs-0UVW364,تحدي 3 ألوان صمغ السلايم !!  شفا ★ 3 colors of glue slime challenge,https://www.youtube.com/watch?v=2uY_V7PLevU
87,Goldmines Gaane Sune Ansune,Music,India,2015.0,Aug,24.0,UCtW7qWjpCZ8zps-Cf2NF26w,21219039473,47400000,False,3929,Mera Lehenga Gher Ghumer With Lyrics | Hum Hain Bemisal | #GoldminesGaaneSuneAnsune #ShilpaShirodkar,https://www.youtube.com/watch?v=JkAYYQem_Gg,"यार मिला प्यार मिला HD - नौकर बीवी का - अनीता राज, धर्मेंद्र - किशोर कुमार, आशा भोसले - Old Is Gold",https://www.youtube.com/watch?v=28a1JAlLHRY,"पिकनिक में नहीं कोई शोर HD - आक्रोश - सुनील शेट्टी, शिल्पा शेट्टी- उदित नारायण, कविता कृष्णमूर्ति",https://www.youtube.com/watch?v=M9MXIFWE1K4,"Mast Baharon Ka Main Aashiq With Lyrics | फर्ज़ | मोहम्मद रफ़ी | Jeetendra, Aruna Irani",https://www.youtube.com/watch?v=loMipy6CFEw,Ishq Ka Ishq Kare Deewana Dil Ko With Lyrics | Policewala Gunda | #GoldminesGaaneSuneAnsune,https://www.youtube.com/watch?v=lWT4hV5I4RU
88,One Direction,Music,United States,2016.0,Jun,26.0,UCb2HGwORFBo94DmRx4oLzow,15703170465,39600000,False,157,One Direction - End of the Day (Audio),https://www.youtube.com/watch?v=AsmHz9JCU4M,One Direction - History (Audio),https://www.youtube.com/watch?v=AGDlC3VDVCc,One Direction - A.M. (Audio),https://www.youtube.com/watch?v=HBttoBTxkAs,One Direction - Infinity (Audio),https://www.youtube.com/watch?v=JAERpGGh-wA,One Direction - I Want to Write You a Song (Audio),https://www.youtube.com/watch?v=dTvgQ7-jPYk
89,TheEllenShow,Entertainment,United States,2006.0,Nov,21.0,UCp0hYYBW6IMayGgR-WeoCvQ,23590200728,38200000,False,18145,Luke Wilson’s Haunted Hotel Story,https://www.youtube.com/watch?v=OqoydGQvXsk,"Sally Field, Richardo Antonio Chavira | Full Episode",https://www.youtube.com/watch?v=c-u78Qdfxjw,Sofía Vergara's First & Last Appearances on 'Ellen',https://www.youtube.com/watch?v=LZfPwN_7dtk,Candice Bergen Opens Up About Her Unusual Childhood,https://www.youtube.com/watch?v=kUAm7heQuPM,How Many Jobs Does Ryan Seacrest Actually Have?,https://www.youtube.com/watch?v=QWcsPjaO4_Y
90,Sony PAL,Shows,India,2014.0,May,9.0,UCw7xjxzbMwgBSmbeYwqYRMg,36531370572,46500000,False,32569,Victim के Body पर अनगिनत वार देखकर Team CID हुए Confuse | CID | Full Episode 1259 | 6 Aug 2025,https://www.youtube.com/watch?v=dzC0JOkhtJY,Scooter का Number देखकर क्यों हुआ Bhide Shock? | Taarak Mehta Ka Ooltah Chashmah | 6 Aug 2025,https://www.youtube.com/watch?v=sO5hHZr5QF0,क्या आन पड़ी Bhide को Urgency? | Taarak Mehta Ka Ooltah Chashmah | 6 Aug 2025,https://www.youtube.com/watch?v=8b_e3VodJQE,कैसे गिरा Jetha के ऊपर Sev-Mamra का डिब्बा? | Taarak Mehta Ka Ooltah Chashmah | 6 Aug 2025,https://www.youtube.com/watch?v=AjXENqX-7T8,क्यों नहीं खाने मिला Jetha को Special Undhiyu? | Taarak Mehta Ka Ooltah Chashmah | 6 Aug 2025,https://www.youtube.com/watch?v=K0YObSyJ5Ns
91,Daddy Yankee,Music,United States,2011.0,May,16.0,UC9TO_oo4c_LrOiKNaY6aysA,25984703547,40300000,False,585,"July 14, 2025",https://www.youtube.com/watch?v=B2mCcUH_P0I,Y tú  ¿cómo le sonríes a la vida?,https://www.youtube.com/watch?v=wdCswAfhaJ4,¡Sonríele a la vida!,https://www.youtube.com/watch?v=meNFML5zUns,DY - Sonríele (Video Oficial),https://www.youtube.com/watch?v=XtBXxnmPYwU,DY is Back | Official Trailer with Anthony Ramos,https://www.youtube.com/watch?v=MsLbE58QDq0
93,Like Nastya ESP,Entertainment,United States,2017.0,Apr,22.0,UCpEJRZdSpdVZ8vh63T9I2KQ,21932792668,42800000,False,991,Nastya explora el planeta con su maleta mágica.  Las aventuras de verano de Nastya,https://www.youtube.com/watch?v=SLfvvS_k6Uo,¡Esto no sabe bien! Papá prueba la peor pasta del mundo,https://www.youtube.com/watch?v=x8XjoYRo7DQ,¡Detective Nastya atrapa al ladrón disfrazado !Nastya pretend play fun police chase story for kids,https://www.youtube.com/watch?v=WiI3Zyaud3E,¡Papá se come el queso misterioso! ¿Qué pasó después? Nueva historia sobre Nastya y papá,https://www.youtube.com/watch?v=f-RA_Ikzg5g,¿Quién se divertirá más: Nastya o papá? ¡Desafío de colores y diversión! Colección de 1 hora,https://www.youtube.com/watch?v=OMN9WE4hxFs
95,Jkk Entertainment,Comedy,India,2017.0,Mar,20.0,UC5tuYcCdiKuF5Y2ZonuarwA,17496267750,38700000,False,250,Chotu Ke Sitaare Zameen Par 🌟 | छोटू के सितारे जमीन पर | Chotu Dada Comedy Video 2025,https://www.youtube.com/watch?v=kUyy9PZdQZM,CHOTU DADA KA MAGICAL GAME | छोटू दादा का मैजिकल गेम | Khandesh Hindi Comedy,https://www.youtube.com/watch?v=uxH_qXnMZp0,CHOTU PATLU AUR MAGIC CHADI | छोटू पतलू की जादुई छड़ी | KHANDESH HINDI COMEDY | CHOTU DADA KI VIDEO,https://www.youtube.com/watch?v=c6gHuko2qpM,CHOTU PATLU KA GOLMAAL | छोटू और डॉन का पंगा | छोटू पतलू और टेंगे टेंगे बाबा | KHANDESH HINDI COMEDY,https://www.youtube.com/watch?v=f7J6BDlD5rE,छोटू बना डोरेमोन | CHOTU PATLU DOREMON | CHOTU PATLU | CHOTU KI COMEDY VIDEO 2025,https://www.youtube.com/watch?v=6fWdl9xMZPY
96,ABP NEWS,People & Blogs,India,2012.0,Jun,1.0,UCRWFSbif-RFENbBrSiez1DA,22502043610,48800000,False,487045,Uttarkashi Cloudbrust: झील या बादल फटने..धराली में अचानक कैसे आई प्रलय? | Dharali | Uttrakhand,https://www.youtube.com/watch?v=_jrYSAzB08I,Uttarkashi Cloudbrust: धराली के साथ सिस्टम का बड़ा धोखा! | Dharali | Uttrakhand | Flood Update 2025,https://www.youtube.com/watch?v=VIppASL1jo4,Uttarkashi Cloudbrust: 60 सेकेंड में अचानक कैसे आई उत्तरकाशी में प्रलय? | Dharali | Uttrakhand,https://www.youtube.com/watch?v=jPqV_0IycA8,Janhit LIVE: हिमालय के हिलने की हैरान करने वाली रिपोर्ट। Uttarkashi Cloudburst | Chitra Tripathi,https://www.youtube.com/watch?v=5NMF1oOPKCs,Donald Trump's Annoucement on Tariff Live: भारत पर टैरिफ को लेकर ट्रंप का बड़ा एलान | Breaking News,https://www.youtube.com/watch?v=eoNOG_G4Ix8
97,Maria Clara & JP,People & Blogs,Brazil,2015.0,Sep,6.0,UCKe6w0exI94U-RzqAyoY1VA,32760100453,48800000,False,1037,Maria Clara e JP aprendem as cores com bolinhas coloridas e muita diversão!,https://www.youtube.com/watch?v=8G1IcuZWzZo,A importância de escovar os dentes 🦷🪥,https://www.youtube.com/watch?v=MT7IaXsjgeg,Boneca Maria Clara não quer acordar 😴🤣,https://www.youtube.com/watch?v=g1YTE7ErS6A,BAD CLARA e JP FURADA em: O Mistério do Ladrão Encolhido! 🪄😱,https://www.youtube.com/watch?v=u_2nS2AviE0,Higiene e Diversão para crianças com Maria Clara e JP,https://www.youtube.com/watch?v=hA7fX2bjeZ4
98,Bruno Mars,Music,United States,2006.0,Sep,19.0,UCoUM-UJ7rirJYP8CQ0EIaHA,23684067278,41700000,False,104,Bruno Mars - Bonde do Brunão,https://www.youtube.com/watch?v=cEV4IGAnOtY,"Lady Gaga, Bruno Mars - Die With A Smile (Live in Las Vegas)",https://www.youtube.com/watch?v=fnPxkuFIA48,ROSÉ & Bruno Mars - APT. (Official Lyric Video),https://www.youtube.com/watch?v=8Ebqe2Dbzls,Bruno Mars - Die With A Smile (Live From Jakarta),https://www.youtube.com/watch?v=x4K_vuyZKm8,It’s been 6 long years but i finally “Come to Brasil” Thank you São Paulo for two incredible nights.,https://www.youtube.com/watch?v=0MuXC5U-o6w
99,Maroon 5,Music,United States,2006.0,Mar,9.0,UCBVjMGOIkavEAhyqpxJ73Dw,26272787195,37700000,False,231,24 years later! 🤘 and now we’re dropping our 8th album “Love Is Like” on August 15th! pre-order now,https://www.youtube.com/watch?v=Yu1fyUjYvbE,“This Love” live in the heart of NYC ❤️‍🔥 @TODAY.,https://www.youtube.com/watch?v=DxJqF4_-BUQ,Woke up in NYC but took you to California ☀️,https://www.youtube.com/watch?v=1mS2vs0ftPc,Maroon 5 - Sunday Morning (Live from the Today Show),https://www.youtube.com/watch?v=e2OZhqRjroc,Maroon 5 - This Love (Live from the Today Show),https://www.youtube.com/watch?v=KciOfOpFwOI
100,Ultra Bollywood,Trailers,India,2009.0,Oct,21.0,UCmL1WlDI8UkXDXCXcBQN9CA,17716978083,44700000,False,10277,Boomer Uncle 4K Full Movie | Oviya Helen & Yogi Babu | Robo Shankar | South Dubbed Comedy Thriller,https://www.youtube.com/watch?v=fBfUutFCRRA,आप तो आदमी नहीं औरत हो - Mera Naam Joker Padmini Raj Kapoor Movie Scene - Surpirsing Scene,https://www.youtube.com/watch?v=pepxjkpCqxM,Kanha Teri Murali Ne Maar Daala Re | Krishna Krishna Movie 4K Video Song | Nirmohi Natwar Se | Sona,https://www.youtube.com/watch?v=-r3pFSJ1mk8,#itnanamujhsetupyarbadha | #bollywoodlyrical #latamangeshkar #sunildutt #ashaparekhsongs #trending,https://www.youtube.com/watch?v=9bqvIItVwa4,Batiya Bujha Do Kuch Baat Aisi Hain | Khiladi 420 | Akshay Kumar & Mahima | Abhijeet & Alka Yagnik,https://www.youtube.com/watch?v=Msp7ggA6Htk
101,PowerKids TV,Film & Animation,,2014.0,Aug,6.0,UCj-SWZSE0AmotGSQ3apROHw,27283570779,48100000,False,8921,👦🌿🐅🐻 PHYONA KI ACTING ACCHI HAI | MOWGLI SHORT STORIES | मोगली की कहानी Jungle Book  ​,https://www.youtube.com/watch?v=iI-oQSK0Rm0,The Wonderful Adventures Of SUPPANDI | MEGA EPISODE 1 | Powerkids Entertainment | Zebu Animation,https://www.youtube.com/watch?v=vn7c7e6Ke2A,🦁🐒🌴🐍 जंगल के अद्भुत रहस्य 52 | मोगली की कहानी  | Jungle Book | नया एपिसोड@PowerKidstv ​,https://www.youtube.com/watch?v=NlqxGXAhc-0,🚶‍♀️🐾👩‍🦰🐕⛰️🎒LASSIE SHORT STORY 1 - लॉसी और ज़ोइ  | Lassie And Zoe | हिंदी कहानियां | Cartoon​,https://www.youtube.com/watch?v=5kpxDMoU7mw,👦🌿🐅🐻 KELE PAKK GAYE! | MOWGLI SHORT STORIES | मोगली की कहानी Jungle Book  ​,https://www.youtube.com/watch?v=DYik-B2eQo8
102,YouTube,News & Politics,United States,1970.0,Jan,1.0,UCBR8-60-B28hp2BmDPdntcQ,2634052793,43700000,False,1081,Welcome to YouTube's Roblox Museum ft. @Lanaslifeee & @MeEnyu,https://www.youtube.com/watch?v=4q2Kfm-knAc,this sand art dragon is absolutely stunning 🇯🇵 might need to watch it 5-400 more times,https://www.youtube.com/watch?v=kWEhv9fQF18,"Lindsay Lohan, Jamie Lee Curtis & Freakier Friday Cast Spill Their Secret Obsessions | Watch History",https://www.youtube.com/watch?v=WzqL89hb25w,"National Indigenous Music Awards with Aussie icon @JessicaMauboyOfficial 🎶 live on YouTube, 9 Aug",https://www.youtube.com/watch?v=pUSQyEKBekU,"how do we get a ghost to clean our house, @cleaningwithida #sundayreset #cleaning",https://www.youtube.com/watch?v=A2SbS9DjRq0
103,News,,,2013.0,Sep,9.0,UCKjU3KzdbJE1EFcHVqXC3_g,1332450431,2030000,False,33947,CBC News: The National | Titan submersible implosion report,https://www.youtube.com/watch?v=KFCActG5m-k,Netanyahu reportedly wants complete Gaza takeover,https://www.youtube.com/watch?v=Cq-uz-aOaSM,#TheMoment a grizzly bear charged at the Seattle Kraken's mascot,https://www.youtube.com/watch?v=Dy4CyrkPa2o,Instagram users blame Meta’s AI moderators for wrongful suspensions,https://www.youtube.com/watch?v=LhDC33g4cMM,Texas House Democrats leave state to delay redistricting vote,https://www.youtube.com/watch?v=NQML_0NmxQ8
104,Ozuna,Music,,2016.0,Mar,24.0,UCjIA3wwhi0QjSOXAZwOXbPA,27050602747,37700000,False,263,“El Farsante “ sigue conquistando las nuevas generaciones #trap #music #love  #afrobeat,https://www.youtube.com/watch?v=E2aOXOpRl4I,Ozuna - SIRENITA (Video Oficial),https://www.youtube.com/watch?v=JZWuKQFprSQ,"ya empezo el verano, ando buscando una 🧜‍♀️. #afrobeat #ozuna #musica",https://www.youtube.com/watch?v=4BKYmpqyuVE,"Quiero Una ""Sirenita"" 🧜‍♀️ #ozuna #afrobeat #musica",https://www.youtube.com/watch?v=3HA9Bk9NszQ,La Nena 🥰 #Ozuna #wandanara #musica #lanena,https://www.youtube.com/watch?v=tqlodVemcMU
105,MrBeast Gaming,Gaming,,2011.0,Feb,26.0,UCIPPMRA040LQr5QPyJEbmXA,9184139506,48600000,False,149,"$1 vs $25,000 Secret Rooms",https://www.youtube.com/watch?v=jEG8wuUE1pY,"Last Team Standing Wins $250,000",https://www.youtube.com/watch?v=hbRQ59R6-b8,"Beat This Race, Win This Lamborghini!",https://www.youtube.com/watch?v=xiFsAjUDwdU,"Escape 50 Cops, Win $100,000",https://www.youtube.com/watch?v=ZqHsuM07hXk,100 Assassins vs 10 Real Soldiers,https://www.youtube.com/watch?v=vRY4BjjJgQs
106,La Granja de Zenï¿½,Music,Argentina,2013.0,Jun,6.0,UCwpcLKMwiuPg4aqImpGk6Ew,36928951173,44200000,False,1067,Clásicos Inolvidables y Nuevas Canciones 🌈 (30 min) | La Granja de Zenón,https://www.youtube.com/watch?v=jM7_9XQjbnw,¿Cuál es tu animal favorito? 🐯🐶🐮 #shorts,https://www.youtube.com/watch?v=KiwP8WHyh6I,Una Idea de Alto Vuelo | Episodio de La Granja de Zenón,https://www.youtube.com/watch?v=DxPIRNEHxyI,Lola de mi vida  #Shorts #lagranjadezenon,https://www.youtube.com/watch?v=EDDnvfRl8c8,Lola de mi Vida | Canciones Infantiles | La Granja de Zenón,https://www.youtube.com/watch?v=3u8Z1--vyBc
107,Saregama Music,Entertainment,India,2013.0,Jan,4.0,UC_A7K2dXFsTMAciGmnNxy-Q,28483620069,57300000,False,10172,"Aaj mausam unn ke saath chai peene ka hai, you know who we talking about! 😉",https://www.youtube.com/watch?v=60HTEyTjaX8,"Watna Ve | Sarzameen | Prithviraj S, Kajol, Ibrahim Ali Khan, Javed Ali, Vishal Khurana K, Kausar M",https://www.youtube.com/watch?v=jCdSvysQ8hg,"Paisa O Paisa | Raid 2 | Ajay Devgn, Riteish Deshmukh | Kishore Kumar, Anand Bakshi",https://www.youtube.com/watch?v=iTBBRemY5M4,"Gore Gore X Accha Ji | Shillong Chamber Choir | Sunny M.R., C. Ramchandra, S.D. Burman",https://www.youtube.com/watch?v=c2t73PN1NvI,Ek Hi (Official Lyrical Video) | Hansika Pareek | Aditya Bisht | Anurag Mishra,https://www.youtube.com/watch?v=yOoyz_SO2P8
108,IndiaTV,News & Politics,India,2006.0,Aug,26.0,UCttspZesZIDEwwpVIgoZtWQ,28735312903,48400000,False,389393,Aaj Ki Baat LIVE : धराली में सैलाब क्यों आया ? | Uttarkhashi Cloudburst | Trump 50% Tariff On India,https://www.youtube.com/watch?v=Z6baEj6Chk8,"LIVE | Trump Tariffs On India : ट्रंप का बड़ा ऐलान, अब भारत से वसूलेगा 50 फीसदी टैरिफ",https://www.youtube.com/watch?v=1F8aIxqqwYE,PM Modi LIVE: कर्तव्य-पथ से पीएम मोदी का संबोधन | kartavya Path 3 | India TV,https://www.youtube.com/watch?v=QgnUe_9rX70,PM Modi Inaugurates Kartavya Bhavan : मंत्रालयों के लिए कितना किराया देती थी सरकार? | Delhi News,https://www.youtube.com/watch?v=JSNfIbT_8J0,Aaj Ki Tazaa Khabar LIVE: आज की बड़ी खबरें | PM Modi | Uttarkashi Cloudburst | Trump Tarrif On India,https://www.youtube.com/watch?v=avF6f9umFic
109,T-Series Bollywood Classics,Music,India,2012.0,Apr,2.0,UCRm96I5kmb_iGFofE5N691w,34470652847,49100000,False,2309,"Lyrical - Yaarana Yaar Ka | Saathi | Kumar Sanu, Vipin Sachdeva | Aditya Pancholi, Mohsin Khan",https://www.youtube.com/watch?v=QdU2xl6euFg,"300 MILLION Strong! 💥 The Sound of India, Heard Worldwide | @tseries",https://www.youtube.com/watch?v=Kh68Sp7EwY4,Lyrical - Tune Ye Jana Ek Kanta Lagne Se | Anokha Rishta | Asha Bhosle | R.D. Burman | Smita Patil,https://www.youtube.com/watch?v=WdLXCu-hCqQ,"Dil Diwana - Lyrical Video Song | Daag The Fire | Anuradha Paudwal | Sanjay Dutt, Mahima Chaudhary",https://www.youtube.com/watch?v=gsxgYxpDiOY,Tujhse Bichhad Kar Zinda Hain -Anuradha Paudwa #90severgreen #trendingsong #90shindisongs #hindisong,https://www.youtube.com/watch?v=EagLCnO7Ljg
110,Total Gaming,Gaming,,2006.0,Jul,15.0,UC5c9VlYTSvBSCaoMu_GI6gQ,4899962936,44900000,False,549,I GOT NEW ITACHI UCHIHA BUNDLE | FREE FIRE x NARUTO CHAPTER 2,https://www.youtube.com/watch?v=MaFcWVzti-4,I STOLE A MILITARY CARGO PLANE | GTA 5 PART 13 (HINDI DUBBED),https://www.youtube.com/watch?v=yaMdXI2zw7k,I FOUND TRAIN IN GRANNY HOUSE 🫨,https://www.youtube.com/watch?v=MRBTCWea61A,PLAYING FREE FIRE AT 144 FPS & GTA 5 | ONEPLUS NORD 5,https://www.youtube.com/watch?v=yEAavYKy6mc,MY FIRST NIGHT WITH SHAITAAN BABY | THE BABY IN YELLOW,https://www.youtube.com/watch?v=Xaw3jVIaGRY
111,Markiplier,Gaming,United States,2012.0,May,26.0,UC7_YxT-KID8kRbqZo7MyscQ,22744794914,37700000,False,5748,Markiplier vs Ai: FIGHT NIGHT,https://www.youtube.com/watch?v=b87lr7K0HRY,DON'T FEED IT,https://www.youtube.com/watch?v=8am0h58hfMU,NOTHING ILLEGAL HERE | Schedule I - Part 3,https://www.youtube.com/watch?v=Z6BVNPmd9kU,im sick,https://www.youtube.com/watch?v=jCpABBYal3E,THERE WAS NEVER A PROBLEM WITH THIS VIDEO | Supermarket Simulator - Part 5,https://www.youtube.com/watch?v=bVonlI3Fctc
112,Ryan's World,Entertainment,United States,2015.0,Mar,17.0,UChGJGhZ9SOOHvBB0Y4DOO_w,61594672769,39700000,False,3302,Good Student vs Bad Student | First Day of School!,https://www.youtube.com/watch?v=HffZNkbjgIY,Combo Panda's Exciting Sculpture REVEALED!,https://www.youtube.com/watch?v=YiAKdT5UoDw,Let’s Stick Together 🙏 | Elemon: An Animated Adventure Series – Episode 19,https://www.youtube.com/watch?v=QzLjkhaBST0,Ryan's World Time Travel Adventures | Packrat STOLE the Golden Controller! Animation Episode 2,https://www.youtube.com/watch?v=YEyidUp8CaU,We EXPLODED our Minecraft Hotel!,https://www.youtube.com/watch?v=UEfeJRKF4hc
113,Genevieve's Playhouse - Learning Videos for Kids,Education,United States,2016.0,Jan,6.0,UCK5Q72Uyo73uRPk8PmM2A3w,37348389978,47300000,False,685,¡Aprendamos colores y números con la casa del árbol de juguetes Weebles!,https://www.youtube.com/watch?v=3MOAu41j5nI,"Обучающее видео для детей — изучаем счет, цвета и английский с помощью цифровых блоков!",https://www.youtube.com/watch?v=QDtUE1jRodY,"¡Niños, preparen una pizza de juguete para la Patrulla Canina!",https://www.youtube.com/watch?v=Ua04bKPgvAk,Is the House really HAUNTED?,https://www.youtube.com/watch?v=X5GAqdqpRcI,Toy Learning For Kids with VTech Dinosaur Marble Maze and Marble Races!,https://www.youtube.com/watch?v=7XwCcy-ScY8
114,T-Series Apna Punjab,Music,,2020.0,Jul,9.0,UCcvNYxWXR_5TjVK7cSCdW-g,27125669818,40000000,False,9222,TALK OF TOWN (FULL VIDEO) With Lyrics | HARMAN GILL | LATEST PUNJABI SONGS 2025,https://www.youtube.com/watch?v=RC25DGnc6eI,JATT SIKKA FULL SONG 8K | SHEERA JASVIR  | VIRAL PUNJABI SONGS 2025,https://www.youtube.com/watch?v=3HJBmZU7VLg,LEAVE ME ALONE (OFFICIAL VIDEO) | HARMAN GILL | ANI | LATEST PUNJABI SONGS 2025,https://www.youtube.com/watch?v=U0XuEQ7dq5w,JAFFI (FULL VIDEO) | JIND | KRITIKA SHARMA | LATEST PUNJABI SONGS 2025,https://www.youtube.com/watch?v=Cz5ty5PADEY,""" TERE BARGE KAYI AAYE, KAYI GAYE "" 😂| SAJJAN "" THE REAL FRIEND "" (Movie Clip 11)🍿",https://www.youtube.com/watch?v=XQjrAgqiseQ
115,Techno Gamerz,Gaming,,2010.0,May,19.0,UCX8pnu3DYUnx8qy8V_c6oHg,14225236551,47000000,False,1126,I BUILT THE MOST BEAUTIFUL TOWN,https://www.youtube.com/watch?v=D-xd3aO6puQ,"I WON $100,000 IN SQUID GAME",https://www.youtube.com/watch?v=PKE0XyJQsms,BUYING A NEW SPORTS CAR | CAR DEALER SIMULATOR GAMEPLAY #3,https://www.youtube.com/watch?v=WlwDqJAfIT4,I BUILT AN AIRPORT IN MY CITY,https://www.youtube.com/watch?v=ibZOeRgb8xg,LEVEL 1 VS LEVEL 100 WARSHIP BATTLE,https://www.youtube.com/watch?v=qRZNvP5eH3o
116,Geet MP3,Music,India,2016.0,Oct,22.0,UClZF7OsrECe3t_ADrjZEh_Q,15000818374,36400000,False,800,MAHIYA (Official Video) : Deep Jandu - Rukhsar - Soundous - Latest Punjabi Songs 2025 - Geet MP3,https://www.youtube.com/watch?v=mmnBXGLT_8s,MAHIYA : (Official Teaser) - Deep Jandu - Rukhsar - Releasing on 9th July - Geet MP3,https://www.youtube.com/watch?v=1AWWmzZ9SR0,Daddy's Home : BOHEMIA Ft. J Hind (Full Video) Deep Jandu | Latest Punjabi Songs - Geet MP3,https://www.youtube.com/watch?v=lMZvViLHYqs,Yaari (Full Video) - Surjit Khan - Deep Jandu | Sippy Gill | Nishwan Bhullar - Gangland Movie Songs,https://www.youtube.com/watch?v=q5_8IWsx55s,Mithiye (Full Song) Happy Raikoti & Simar Kaur | Nishawn  Bhullar | Movie in Cinemas 25 April,https://www.youtube.com/watch?v=PeyAmpwGkGg
117,J Balvin,Music,Colombia,2011.0,Feb,18.0,UCWw-Guyr5ul9B-d5kJlHMng,3022353336,90500,False,2979,Rio,https://www.youtube.com/watch?v=MkeGLjq1hxs,Polvo de tu Vida,https://www.youtube.com/watch?v=dCIDAjd_M-Y,Forever My Love,https://www.youtube.com/watch?v=7mvHmTSZFx0,Brillo,https://www.youtube.com/watch?v=pR2JnGLWBcA,Sólido,https://www.youtube.com/watch?v=uDP5bw6jN_4
118,Jess No Limit,Entertainment,Indonesia,2017.0,Sep,7.0,UCvh1at6xpV1ytYOAzxmqUsA,6931584279,54200000,False,2697,Air Soda vs Mentos,https://www.youtube.com/watch?v=zq8JESr2dGE,"🔴 LIVE  |  Menang Lawan Kami, Dapat Rp 10.000.000 - (Google Play Protector Squad Hunt Challenge)",https://www.youtube.com/watch?v=xVD_iBmLlMw,Cara Jadi YouTuber Gaming,https://www.youtube.com/watch?v=2ZfDyf3-1BY,Dulu Aku Dimarahin Main Game,https://www.youtube.com/watch?v=kZwikOITT28,REVIEW HERO TERBARU OBSIDIA SAVAGE 4X 🔥,https://www.youtube.com/watch?v=yOgY7oDA63w
119,Jingle Toons,Film & Animation,India,2013.0,Jan,24.0,UCK9F8nycURBsR0YlrBsu1Ag,15193476973,45000000,False,278,Akkad Bakkad Bombay bo | अक्कड बक्कड बम्बे बो | Hindi Rhymes,https://www.youtube.com/watch?v=VQBoVw2brLA,Sleeping Beauty सोई हुई राजकुमारी | Hindi Fairytales | JingleToons,https://www.youtube.com/watch?v=xkm-e5vTlNk,Nani Teri Morni & Other Hindi Rhymes,https://www.youtube.com/watch?v=xIXhn1P0Oqo,चंदा मामा Chanda Mama Door ke | Hindi Rhymes And Kids Songs | JingleToons,https://www.youtube.com/watch?v=2MsPq_V762g,Main Tota Hindi Rhyme | Children Hindi Rhyme | मैं तोता मैं तोता | Kids India | Color Picture,https://www.youtube.com/watch?v=yJI6k8YidTg
120,VEGETTA777,Gaming,Spain,2008.0,Mar,2.0,UCam8T03EOFBsNdR0thrFHdQ,16163984076,34300000,False,8492,FINAL ¿Nos quedamos en la ISLA? (Sons Of The Forest con MODS) #13,https://www.youtube.com/watch?v=z26Fjx2hn8k,EXCAVANDO encuentro un ATAÚD en PRISION ESCAPE SIMULATOR,https://www.youtube.com/watch?v=gUYDmAlbU3c,HELICOPTERO y KATANA de ORO (Sons Of The Forest con MODS) #12,https://www.youtube.com/watch?v=nhoHS5j0N1E,Hora de VOLAR  (Sons Of The Forest con MODS) #11,https://www.youtube.com/watch?v=u3WUK0hAToQ,LAS 100 POSES de UNPOSSES,https://www.youtube.com/watch?v=W8fV_GOGOQ0
121,Galinha Pintadinha,Film & Animation,Brazil,2006.0,Aug,30.0,UCBAb_DK4GYZqZR9MFA7y2Xg,38394691091,38400000,False,66,Careca do Vovô - Galinha Pintadinha 5 - OFICIAL,https://www.youtube.com/watch?v=agSvWFCXZdY,Hora do Grito! - Galinha Pintadinha 5 - OFICIAL,https://www.youtube.com/watch?v=6kr3OcJWJlQ,"Sítio do Picapau Amarelo | Galinha Pintadinha, Gilberto Gil, Flor Gil",https://www.youtube.com/watch?v=UugwMVWJvKk,Galinha do Vizinho | Galinha Pintadinha 5 - OFICIAL,https://www.youtube.com/watch?v=jc-vTAaK7Rs,Tudo é Grande no Elefante - Galinha Pintadinha 5 - OFICIAL,https://www.youtube.com/watch?v=pH8Oo6ZoTpI
122,SSSniperWolf,Gaming,United States,2013.0,Jan,20.0,UCpB959t8iPrxQWj7G6n0ctQ,26186089775,35000000,False,3841,MASKED Girl gamer has a huge secret,https://www.youtube.com/watch?v=Mbl17U9BHLg,karens who got INSTANT Karma,https://www.youtube.com/watch?v=cIc2v6diQNA,Online Dating Fails,https://www.youtube.com/watch?v=G_J2Ps0CDcw,The Most Creative People On The Internet,https://www.youtube.com/watch?v=RPWAacXx_EQ,POOR Kid Shamed For OLD Shoes FT FOLTYN,https://www.youtube.com/watch?v=Ws5PCD6HWos
123,Desi Music Factory,Music,,2018.0,Apr,10.0,UCLtNvbkqea8wN_kGtfgx_Mw,11113372939,34100000,False,298,#ruladetihai #yasserdesai #karankundra #tejaswiprakash #trendingonshorts #trendingshorts #shorts,https://www.youtube.com/watch?v=Rewc0Zo3swk,#mainroyaan #yasserdesai #tanveerevan #rohitzinjurke #trendingonshorts #trendingshorts #shorts,https://www.youtube.com/watch?v=Cid27ut7a2U,#halkisibarsaat #saajbhatt #munawarfaruqui #nazila #trendingonshorts #trendingshorts #shorts,https://www.youtube.com/watch?v=oBy3XL_Kdzw,#pehlipehlibaarish #yasserdesai #aayushsharma #nehasharma #trendingonshorts #trendingshorts #shorts,https://www.youtube.com/watch?v=cV9b_ZBFF_U,#dilkokaraaraaya #yaseerdesai #siddharthshukla #nehakakkar #nehasharma #trendingonshorts #shorts,https://www.youtube.com/watch?v=MzvgbFoceFw
124,Selena Gomez,Film & Animation,United States,2008.0,Feb,8.0,UCPNxhDvTcytIdvwXWAm43cA,15417074283,35500000,False,209,"Selena Gomez, benny blanco - I Said I Love You First... (Short Film) | Vevo Extended Play",https://www.youtube.com/watch?v=kec0qGzDtfs,"Selena Gomez, benny blanco - How Does It Feel To Be Forgotten | Vevo Extended Play",https://www.youtube.com/watch?v=Yjl3njtAnVQ,"Selena Gomez, benny blanco - Scared of Loving You | Vevo Extended Play",https://www.youtube.com/watch?v=SuaCvo3X5pQ,"Selena Gomez, benny blanco - Sunset Blvd | Vevo Extended Play",https://www.youtube.com/watch?v=s1SoluK0Imk,"Selena Gomez, benny blanco, GloRilla - Cowboy (GloRilla Remix/Lyric Video)",https://www.youtube.com/watch?v=z5eUREwh89Q
125,Rajshri,Music,India,2006.0,Mar,24.0,UCEKWXRsfUHkan-D_ljU8Asw,19025630384,39900000,False,5303,अमरीश पुरी ने इज्जत लूटने की कोशिश की | Zarina Wahab | Amrish Puri | Prashanta Nanda | Naiyya,https://www.youtube.com/watch?v=9oDn8mLCD_A,तूने मेरे बेटे को पुलिस में भर्ती कैसे होने दिया | Aakhree Raasta Emotional Scene | Amitabh Bachchan,https://www.youtube.com/watch?v=gM34863DFYA,"Ginna Bhai Full Movie in Hindi Dubbed | Vishnu Manchu Hindi Dubbed Movie | Payal Rajput, Sunny Leone",https://www.youtube.com/watch?v=jCAK-UUmFeM,ओ एक बार आता है दिन ऐसा | O Ek Baar Aata Hai Din Aisa Song | Rajendra Kumar | Vyjayanthimala | Suraj,https://www.youtube.com/watch?v=aTzIHXZPIcw,खोए हुए दोस्तों की तलाश | In Search of Lost Friend | Mona Darling Movie Scene | Anshuman Jha | Divya,https://www.youtube.com/watch?v=pVaNCt3H58M
126,Ch3Thailand,Entertainment,Thailand,2014.0,May,29.0,UC48h7Dst_hX82HxOf3xJw_w,25098609448,36300000,False,89012,ใจขังเจ้า EP.14 BEHIND THE SCENES | Ch3Thailand,https://www.youtube.com/watch?v=Cx0CWmvEhLE,FIN | คนเลวอำมหิต จงวิบัติฉิบหาย เหมือนอยู่ในนรกอเวจี | ใจขังเจ้า EP.14 | Ch3Thailand,https://www.youtube.com/watch?v=X8lfODP3Zp8,FIN | เรื่องเก็บบ้านให้พี่ เดี๋ยวฉันคุยกับผัวได้ | ใจขังเจ้า EP.14 | Ch3Thailand,https://www.youtube.com/watch?v=XfpZPf4_EiU,FIN | อีก 10 วัน เรามาเข้าหอกันนะเจ้าตัวอุ่น | ใจขังเจ้า EP.14 | Ch3Thailand,https://www.youtube.com/watch?v=FJ-8-ofSTSU,FIN | เขาสั่งให้กระผมฆ่าเพื่อเอาเลือดไปรดน้ำต้นไม้ | ใจขังเจ้า EP.14 | Ch3Thailand,https://www.youtube.com/watch?v=CNUx0EN5d_U
127,KHANDESHI MOVIES,Comedy,India,2013.0,Nov,11.0,UCP84QWij0alw4MvzqzyfOnw,12069734244,34300000,False,251,"CHOTU DADA THANDA GARAM WALA |छोटू ठंडा गरम वाला |CHOTU ki JUMPING| छोटू की बड़ी जंपिंग,HINDI COMEDY",https://www.youtube.com/watch?v=2gUgDSX2b_I,CHOTU ki FRUITI CANDY| छोटू की फ्रूटी कुल्फी | CHOTU KI ICE CREAM GADI| KHANDESH HINDI KAHANI COMEDY,https://www.youtube.com/watch?v=8PjFfeczEqw,CHOTU KA JADUI CHOCOLATE BOX | छोटू का जादुई चॉकलेट बॉक्स |CHOTU ka KINDER JOY|KHANDESH HINDI COMEDY,https://www.youtube.com/watch?v=_AmDaaud4gA,CHOTU KA MUMBAI KA VADA PAV |छोटू का मुंबईया वड़ा पाव| KHANDESH HINDI KAHANI COMEDY|छोटू काली ज़ुबान,https://www.youtube.com/watch?v=p-ltxPgBFMU,CHOTU DADA MR. INDIA | छोटू दादा मिस्टर इंडिया| CHOTU GAYAB | छोटू दादा गायब | KHANDESH HINDI COMEDY,https://www.youtube.com/watch?v=Wb37VBYhKJM
128,NoCopyrightSounds,Music,United Kingdom,2011.0,Aug,14.0,UC_aEa8K-EOJ3D6gOs7HcyNg,11914813676,34100000,False,1991,ThatBehavior - Only Human | DnB | NCS - Copyright Free Music,https://www.youtube.com/watch?v=mdHnp18qlgc,"QKReign, DMHP_SKN - Her Body | Jersey Club | NCS - Copyright Free Music",https://www.youtube.com/watch?v=Gisx0XV0oNM,"criticaleye, SHIRO, dolshi - Echoes | Witch Funk | NCS - Copyright Free Music",https://www.youtube.com/watch?v=s4VfnPfNHLI,Kim - digital death | Witch House | NCS - Copyright Free Music,https://www.youtube.com/watch?v=ffTos5Okh2E,Cartoon & Friends: Album Mix | NCS - Copyright Free Music,https://www.youtube.com/watch?v=Dr8xAycPpYw
129,CVS 3D Rhymes & Kids Songs,Education,India,2008.0,Aug,26.0,UCsPF3cApzCohxPp5oKdoWSQ,23967034729,38100000,False,339,Little Johny Had Some Toys Ee i ee i o - 3D Nursery Rhymes And Songs For Children,https://www.youtube.com/watch?v=-62CynVR_Ss,Johny Johny Yes Papa Sports & Games Nursery Rhyme - 3D  Rhymes & Songs for Children,https://www.youtube.com/watch?v=KVVdJUrKoMA,"Telugu Rhymes For Children Vol. 3 - 3D Chuk Chuk Railu, Enugamma Enugu +More Telugu Rhymes",https://www.youtube.com/watch?v=zrRjJllUYpw,Johny Johny Yes Papa Nursery Rhymes - The Best 3D Animation Rhymes & Songs for Children,https://www.youtube.com/watch?v=RLMJmJ_IdnQ,"Wheels On The Bus, Train, Car Go Round and Round  | +More 3D Nursery Rhymes & Songs for Children",https://www.youtube.com/watch?v=rsX5BX4WcTY
130,Ricis Official,People & Blogs,Indonesia,2016.0,Jan,15.0,UC4tS4Q_Cno5JVcIUXxQOOpA,8240079639,48700000,False,5627,Cobaan yang sangat berat.. #riaricis #moana,https://www.youtube.com/watch?v=19AEJULbecw,SAMPAI MADINAH.. MOANA LANGSUNG BELI OLEH-OLEH UNTUK OM AISAR…,https://www.youtube.com/watch?v=q_yGYF3CYc4,Borong satu toko Di Mekkah.. #riaricis,https://www.youtube.com/watch?v=w8VV-f_Wurc,Velocity terkeren ini mah.. #moana,https://www.youtube.com/watch?v=6_kF9AKmfqY,Aishar gantian prank moana #moana,https://www.youtube.com/watch?v=TRjvniVAKU4
131,BabyBus - Kids Songs and Cartoons,Education,United States,2016.0,Jul,15.0,UCpYye8D5fFMUPf9nSfgd4bA,32698960153,41700000,False,2815,Sheriff's Day Off | Fun Stories | Police Cartoon | Sheriff Labrador | Kids Cartoon | BabyBus,https://www.youtube.com/watch?v=iicDiuiP8ZA,The Water Games | 🌊 WaterCity Mystery | Safety Tips | Sheriff Labrador | Kids Cartoon | BabyBus,https://www.youtube.com/watch?v=beVbdNwl3Xw,🛁COLOURFUL Bathtub! 🫧 | My Turn My Turn | Nursery Rhyme & Kids Songs | BabyBus,https://www.youtube.com/watch?v=A6RiGVW__Po,🔴LIVE | Ice Cream Scooping | Sharing is Caring | Nursery Rhymes & Kids Songs | BabyBus,https://www.youtube.com/watch?v=Z1RHrQwILCU,Learn Colors with Color Sharks | Sharks in the Water | Nursery Rhyme & Kids Songs | BabyBus,https://www.youtube.com/watch?v=CklmRtAJeeo
132,Eros Now Music,Entertainment,India,2012.0,Mar,14.0,UCX52tYZiEh_mHoFja3Veciw,19306607583,35500000,False,9751,Luttna hits deep in the heart... 💔🎶 #saifalikhan  #deepikapadukone  #dianapenty  #sadhindisong,https://www.youtube.com/watch?v=URDlnazAJHc,Luttna – Audio Lyrical | Cocktail | Saif Ali Khan | Deepika Padukone | Diana Penty | Pritam,https://www.youtube.com/watch?v=w1mpLew2JiQ,POV: You’re on a road trip and Jugni starts playing 🎧🏞️ #deepikapadukone  #saifalikhan  #jugni,https://www.youtube.com/watch?v=UXHWB3YhroM,"Jugni - Audio Lyrical | Saif Ai Khan, Deepika Padukone, Diana P | Cocktail | Arif Lohar, Harshdeep K",https://www.youtube.com/watch?v=6CzSl_E4ioM,That one song that feels like goodbye 💔🎶 #saifalikhan  #deepikapadukone  #shilparao  #mohankanan,https://www.youtube.com/watch?v=mqxUxdqsg98
134,DisneyMusicVEVO,Music,United States,2010.0,May,20.0,UCgwv23FVv3lqh567yagXfNg,36871272608,37700000,False,2921,"Christina Vidal Mitchell - Take Me Away (From ""Freakier Friday"")",https://www.youtube.com/watch?v=0wVoATy2BMc,"The Beaches, Disney - Ultimate (From ""Freakier Friday""/Audio Only)",https://www.youtube.com/watch?v=w-t6gUXuYu4,"Amie Doherty, Disney - The Plan (From ""Freakier Friday""/Audio Only)",https://www.youtube.com/watch?v=sJ2XDsYtCPE,"Lindsay Lohan, Disney - Baby (Acoustic) (From ""Freakier Friday""/Audio Only)",https://www.youtube.com/watch?v=sJqn3TeQlJc,"Maitreyi Ramakrishnan, Disney - One Fine Day (From ""Freakier Friday""/Audio Only)",https://www.youtube.com/watch?v=fZI8GGBHddI
135,The Weeknd,Music,Canada,2011.0,Feb,25.0,UC0WP5P-ufpRfjbNrmOWwLBQ,33004257038,38400000,False,200,The Weeknd - Baptized In Fear (Official Music Video),https://www.youtube.com/watch?v=8zHWTsdnC7A,The Weeknd - Hurry Up Tomorrow (Official Music Video),https://www.youtube.com/watch?v=GT8ornYrDEs,The Weeknd - Timeless Remix ft. Playboi Carti & Doechii (Official Audio),https://www.youtube.com/watch?v=DaNQN1LeSnI,The Weeknd - I Can't Wait To Get There (Official Visualizer),https://www.youtube.com/watch?v=90af1O3UvF4,The Weeknd - Drive (Official Music Video),https://www.youtube.com/watch?v=Fv2Y1odMjvE
136,WowKidz,Film & Animation,,2006.0,Dec,16.0,UCN8S4CqMRy6tVKVXvs7Bzeg,23267741037,40600000,False,13355,Motu Patlu Ke Interview | Motu Patlu | Season 14 - Full Episode | Wow Kidz,https://www.youtube.com/watch?v=fxgIzCgn8pI,The Mysterious Baby | Motu Patlu | 02 | Motu Patlu Season 14 | 3D New Shorts | Wow Kidz,https://www.youtube.com/watch?v=JrY_eCEP4w4,Eena Meena Deeka | Reward Of The Ring | Ding Dong Bell | Hindi Shorts | WowKidz #shorts,https://www.youtube.com/watch?v=syFMVxwYIGU,Magic Ring Aur Spider Ki Dangerous Duniya! | Eena Meena Deeka Compilation | Ding Dong Bell,https://www.youtube.com/watch?v=RgyFdNSJzHo,Simba Ka Dost | Simba The Lion King 2025 | Hindi YT Popular Shorts | #OTM,https://www.youtube.com/watch?v=ntLxFwGlsAA
137,KAROL G,Music,Colombia,2013.0,Mar,14.0,UCZuPJZ2kGFdlbQu1qotZaHw,30107471353,40200000,False,164,KAROL G - Papasito (Live From The Tonight Show With Jimmy Fallon),https://www.youtube.com/watch?v=yWnSzJUd060,KAROL G – Papasito (Official BTS),https://www.youtube.com/watch?v=P8TkyDl7w4g,KAROL G - Papasito (Official Video),https://www.youtube.com/watch?v=15iEJ0qY_70,KAROL G - No Puedo Vivir Sin Él (Visualizer),https://www.youtube.com/watch?v=ndUWRzpC634,KAROL G - A Su Boca La Amo (Interlude) (Visualizer),https://www.youtube.com/watch?v=pA5_XxBWQyE
138,Mr Bean,Shows,United Kingdom,2006.0,Jan,4.0,UCkAGrHCLFmlK3H2kd6isipg,11937063276,34900000,False,4091,Parkour Bean | Mr Bean Animated season 3 | Full Episodes | Mr Bean,https://www.youtube.com/watch?v=rx-iWfIivEE,Flat Pack Bean! | Mr Bean Animated Season 2 | Full Episodes | Mr Bean Official,https://www.youtube.com/watch?v=7SWXO5dmay4,Mr Bean Vs UK Weather! | Mr Bean Animated Season 1 | Full Episodes | Mr Bean Official,https://www.youtube.com/watch?v=H1PJ1FvCSl0,Mr Bean Why Are You Like This?! | Mr Bean,https://www.youtube.com/watch?v=MnDZExxjeuE,Its Time For HOLIDAYSSSS | Mr Bean,https://www.youtube.com/watch?v=cwSoWCJGe9Y
139,rezendeevil,Gaming,Brazil,2012.0,Feb,12.0,UCbTVTephX30ZhQF5zwFppBg,13858039669,33900000,False,12637,"ERA PARA SER UM RESGATE, MAS O PIOR ACONTECEU...",https://www.youtube.com/watch?v=lvSH3lHeolo,NÃO ESTOURE O BALÃO,https://www.youtube.com/watch?v=OTpiX_cermQ,O VIZINHO LOUCO PRECISA SER PEGO! 😡,https://www.youtube.com/watch?v=ONwW9uPlgkk,Será que Gini ainda volta? #rezende #crush #casal,https://www.youtube.com/watch?v=C295XhBrELc,UM VIZINHO MALUCO INVADIU A CASA DA GI!!,https://www.youtube.com/watch?v=u9_yEUzf6OY
140,StarPlus,Entertainment,India,2006.0,May,19.0,UC-LPIU24bQXVljUXivKEeRQ,63505964770,56000000,False,120751,The Singhanias Accept Naman-Muskaan! | Full Ep. 1465 - 1466 | Yeh Rishta Kya Kehlata Hai,https://www.youtube.com/watch?v=oqtE3KAjfkg,Naira ने लिया Naitik से सलाह! | Yeh Rishta Naira-Kartik Ka,https://www.youtube.com/watch?v=i-ept5zaHjk,Armaan Abhira की मदद करेगा! | Ep.4876 | Precap | Yeh Rishta Kya Kehlata Hai | Mon-Sun | 9:30 PM,https://www.youtube.com/watch?v=B7QZ4QuyS9A,Kya Tulsi Apne Parivaar Se Takrayegi? | Kyunki Saas Bhi Kabhi Bahu Thi | Iss Shukravaar | 10:30 PM,https://www.youtube.com/watch?v=uqaonGNumKg,UV Aur Katha Ke Beech Aa Rahi Hai Mithaas | Kabhi Neem Neem Kabhi Shahad Shahad | Roz Raat 8 Baje,https://www.youtube.com/watch?v=sBQNMYfVdK8
141,SMTOWN,Music,,2006.0,Mar,18.0,UCEf_Bc-KVd7onSeifS3py9g,31992202920,33300000,False,4585,nævis 나이비스 'Sensitive' MV Teaser #2,https://www.youtube.com/watch?v=CAdfrc55Dfg,SMTOWN LIVE 2025 in TOKYO | IN CINEMAS 🎬,https://www.youtube.com/watch?v=nGt7P7saaZs,nævis 나이비스 'Sensitive' MV Teaser #1,https://www.youtube.com/watch?v=3nITUpL2rds,KEY 키 'HUNTER' Official Album Trailer,https://www.youtube.com/watch?v=ZIOlH6KG3no,BoA 보아 'Crazier' MV,https://www.youtube.com/watch?v=H07Zz90QE3E
142,GMA  Network,Entertainment,Philippines,2006.0,Nov,20.0,UCKL5hAuzgFQsyrsQKgU0Qng,34553529952,39600000,False,203722,"It's Showtime: Full Episode (August 6, 2025)",https://www.youtube.com/watch?v=W-0hJMAoaaY,Beauty Empire: A shocking clue in Eddie’s bag! (Episode 19),https://www.youtube.com/watch?v=8FE0vyofqqA,Beauty Empire: An old magazine pushes Velma to rise and reclaim her power (Episode 19),https://www.youtube.com/watch?v=Eg_ioLteEKU,Beauty Empire: Isang lihim ang maaaring magpatalsik kay Velma! (Episode 19),https://www.youtube.com/watch?v=JMALBlt35JA,"Beauty Empire: Noreen finds a shocking clue while helping Velma (Full Episode 19) August 6, 2025",https://www.youtube.com/watch?v=d03DLao1YoI
143,GENIAL,Howto & Style,Mexico,2017.0,Jun,1.0,UCbrd1vu4_7qIE6IPV_dA-OA,7161909342,32000000,False,10215,¿Qué se esconde bajo el lago Michigan? Revelando secretos acuáticos alrededor del mundo,https://www.youtube.com/watch?v=tn_IG6zPQtA,¿Fin de la Tierra? La NASA predijo cuándo desaparecerá la vida para siempre,https://www.youtube.com/watch?v=qm9i0CRt8iE,Un enorme agujero oceánico en Belice acaba de darnos una gran advertencia,https://www.youtube.com/watch?v=2puJ5YOEBcc,Científicos descubrieron un continente sumergido más grande que EE. UU.,https://www.youtube.com/watch?v=UHt_vTZQa3Q,Investigadores acaban de descubrir un mundo gigante oculto en la Antártida,https://www.youtube.com/watch?v=PIkJinmEQfc
144,MR. INDIAN HACKER,Science & Technology,India,2012.0,Jun,21.0,UCSiDGb0MnHFGjs4E2WKvShw,8402931598,46400000,False,1121,Biggest Toy Collection Ever - MR. INDIAN HACKER,https://www.youtube.com/watch?v=4vJi9bo32s8,Samsung ZFold7 Durability Test 😈 #GalaxyZFold7#GalaxyAI #PlayGalaxy ​⁠@SamsungIndia,https://www.youtube.com/watch?v=h6AtzGuk8h0,24 Hours Camping Challenge In Forest - With Team,https://www.youtube.com/watch?v=c0IAlkeK5go,3Lakh Ka Nuksaan…😭Subscribe To Banta Hai♥️,https://www.youtube.com/watch?v=l9hrgm1I1Bk,Wait For The End….😈,https://www.youtube.com/watch?v=EfnXNhH3X0Q
145,Worldwide Records Bhojpuri,Music,India,2012.0,Mar,15.0,UCbomPUMyPHCgrqD5iYnzj1A,20664562025,37800000,False,7856,Hayi Mehar Randaar Ke | #Goldi Yadav | #Mahi Shrivastava | हई मेहर रंगदार के | #bhojpurisong2025,https://www.youtube.com/watch?v=c_7AUpFauJQ,Chahi Shiv Jaisan Varva #dimplesingh #ankushraja #bolbamsong #shivsong #shorts,https://www.youtube.com/watch?v=g57DYcaJxGU,Sorry Sorry #pawansingh #kajalraghwani #bhojpurisong #shorts #trending,https://www.youtube.com/watch?v=h7NEiJb8W28,Galiya Pe Laliya ke Daag #mahishrivastava #goldiyadav #bhojpurisong #shorts,https://www.youtube.com/watch?v=fzttB7mtADs,Bhukhail Bani Pyaar Ke #Kajal Tripathi #Karishma Kakkar #bhojpuri #song #shorts 2025,https://www.youtube.com/watch?v=6XjfoHZNwIw
147,Dream,Gaming,United States,2014.0,Feb,8.0,UCTkXRDQl0luXxVQrRQvWS6w,3576228450,32900000,False,177,Dream VS Daquavis 2,https://www.youtube.com/watch?v=QZHnx4wsshM,"Minecraft, But It's 5x Speed",https://www.youtube.com/watch?v=yjBxSvXKJaU,MY ROOM HAS TOXIC MOLD,https://www.youtube.com/watch?v=wVd-wn5sfBY,Teaching My Dad How To PvP,https://www.youtube.com/watch?v=jirKl5fjayQ,Dream Setup 😍,https://www.youtube.com/watch?v=uM3m7Bz6uEA
148,Lucas and Marcus,Entertainment,United States,2011.0,Jan,19.0,UCwD4x63A9KC7Si2RuSfg-SA,16524467011,37100000,False,2374,twilight 😂,https://www.youtube.com/watch?v=t2uetoqVZaE,💛❤️,https://www.youtube.com/watch?v=YEwJtNyhKuA,who rocked it the best?,https://www.youtube.com/watch?v=CCBXoeVAixQ,We Found a Secret Door In The House.. And The Creepy Man Was There..,https://www.youtube.com/watch?v=ro4AGiHjQgc,😂😂,https://www.youtube.com/watch?v=KAbKCWQx7wI
149,JustinBieberVEVO,Music,United States,2009.0,Sep,26.0,UCHkj014U2CQ2Nv0UZeYpE_A,29589432926,31200000,False,223,"Justin Bieber, Sexyy Red - SWEET SPOT (Audio)",https://www.youtube.com/watch?v=wiV8lwhv8tc,"Justin Bieber, Dijon - DEVOTION (Audio)",https://www.youtube.com/watch?v=SpbDwr7HZdw,"Justin Bieber, Druski - THERAPY SESSION (Audio)",https://www.youtube.com/watch?v=ZYwUJj732Nk,Justin Bieber - GO BABY (Audio),https://www.youtube.com/watch?v=cfhRITCzKGE,Justin Bieber - DAISIES (Audio),https://www.youtube.com/watch?v=msGuqelopMA
150,Luis Fonsi,Entertainment,,2006.0,Mar,31.0,UCxoq-PAQeAdk_zyg8YS0JqA,16654610133,32300000,False,467,DATE LA VUELTA MAMI Y SIGUETE MOVIENDO!!! 🗣️🎤,https://www.youtube.com/watch?v=G5jnYBaX20Y,#Andalucia es un sentimiento ❤️‍🩹,https://www.youtube.com/watch?v=lo7y6L3mIDk,Melilla estuvo BRUTAL!!! 🔥 Los amo ♥️Nos vemos mañana en Jerez 🇪🇸 🙏🏼,https://www.youtube.com/watch?v=N-FJrSwJi5Q,Cantando #Roma con ustedes 🎤⭐,https://www.youtube.com/watch?v=ABqhiJ8MuxI,Cuantos de aquí se las saben todas? 😁🎤 #FonsiTour,https://www.youtube.com/watch?v=r2ssfF2iGIQ
151,Peppa Pig - Official Channel,Film & Animation,United Kingdom,2013.0,Oct,9.0,UCAOtE1V7Ots4DjM8JLlrYgg,31071556599,41200000,False,8522,RAINSTORM on the Beach ☔️ Peppa and George Get Soaked! 🏝️ Peppa Pig Full Episodes | 20 Mins,https://www.youtube.com/watch?v=sPXweO6TmgU,🔴 Peppa Pig SEASON 2 LIVE! 🎬  FULL EPISODES 🍿 Adventures with Peppa 🌟 Kids Cartoons 🔴,https://www.youtube.com/watch?v=ykVydyLloUQ,Peppa Pig BABY Episodes LIVE 🍼 The Cutest Babies in Peppa Pig! 🥹 Watch EVIE Now! 💛 Kids Cartoons,https://www.youtube.com/watch?v=Q_tzBMcz8P4,The Naughty Ducks! #shorts #peppapig,https://www.youtube.com/watch?v=KrMHgPLRy4M,Secret JELLY Dragon Rescue 🐉 SPY Mission 👀 Peppa Pig Full Episodes | 20 Minutes,https://www.youtube.com/watch?v=bvhebex5YKQ
152,YOLO AVENTURAS,People & Blogs,Venezuela,2018.0,Dec,16.0,UCOnIJiQuk1fDSp6p1GCZy3A,24634911544,64200000,False,3001,ADIVINA EL YOUTUBER Y GANA DINERO,https://www.youtube.com/watch?v=grvYBEa1h4I,NO QUIERO VERTE NUNCA MÁS !!,https://www.youtube.com/watch?v=pcXstCTtpTc,PERDÍ A ESTRELLITA PARA SIEMPRE !!,https://www.youtube.com/watch?v=wagFYqaa-OY,Mi Papá me Retó y Perdió !!,https://www.youtube.com/watch?v=hwbtjolMvFI,Le Cambié la Vida a mi Hermano en su Cumpleaños 🥹🎁,https://www.youtube.com/watch?v=ubrAoq_q7S8
153,The Tonight Show Starring Jimmy Fallon,Comedy,United States,2006.0,Jan,8.0,UC8-Th83bH_thdKZDJCrn88g,18694227283,32700000,False,12627,#ChanceTheRapper performs “Tree”! #FallonTonight,https://www.youtube.com/watch?v=8ObCJbNWNBk,Chance the Rapper: Tree | The Tonight Show Starring Jimmy Fallon,https://www.youtube.com/watch?v=-c4RKOm71W4,#JordanKlepper explains what it’s like to go on the road for #TheDailyShow to talk politics.,https://www.youtube.com/watch?v=COx1yr5Q15U,"Jordan Klepper Called Jon Stewart ""Dad"" on His First Day; Talks MAGA: The Next Generation",https://www.youtube.com/watch?v=O-SbOcHfmco,Lin-Manuel Miranda Is Bringing Hamilton to Theaters; Missed a Prince Party to DJ a Wedding,https://www.youtube.com/watch?v=oSXUWBgcids
154,TheDonato,Entertainment,Argentina,2015.0,Feb,17.0,UCaHEdZtk6k7SVP-umnzifmQ,8365956759,42700000,False,3908,ENFRENTANDOME a PAIN en FREE FIRE para CONSEGUIR LA SKIN DE OROCHIMARU !! - TheDonato,https://www.youtube.com/watch?v=S0K72puXaw0,CONSIGUIENDO LA MP40 de ITACHI en MI CUENTA DE ARABIA SAUDITA de FREE FIRE !! - TheDonato,https://www.youtube.com/watch?v=UNSCidt6H_Y,PROBANDO LA NUEVA MP40 EVOLUTIVA de ITACHI en FREE FIRE PARA LLEGAR A GRAN MAESTRO !! - TheDonato,https://www.youtube.com/watch?v=W3pN1b7ssg4,CONSEGUI LA NUEVA MP40 EVOLUTIVA DE ITACHI en FREE FIRE X NARUTO !! - TheDonato,https://www.youtube.com/watch?v=Q2XAs25yMPY,ARMANDO un LEGO con MI NOVIA !! - TheDonato,https://www.youtube.com/watch?v=l_uqk5358Qg
155,ImagineDragons,Music,United States,2009.0,Aug,3.0,UCT9zcQNlyht7fRlcjmflRSA,21186293899,32900000,False,234,fan moments at #LOOMtour #imaginedragons,https://www.youtube.com/watch?v=Gvq4gbPzJd0,Ben and his offstage breaks #LOOMtour,https://www.youtube.com/watch?v=gmyRGlpm0_Q,#LOOMtour #imaginedragons,https://www.youtube.com/watch?v=uIsdlEo9N6g,Demons from London #LOOMTour,https://www.youtube.com/watch?v=3dPdcwILZ_k,Believer #LOOMTour #ImagineDragons,https://www.youtube.com/watch?v=0TSqQYpJFd8
156,Diana and Roma ESP,,United States,2016.0,Nov,27.0,UCqNmJfc7RgMU6hTxOOuCYHQ,17083729196,39900000,False,780,Desafíos y Aventuras con Oliver y Roma,https://www.youtube.com/watch?v=OgJA6ULKu-k,Oliver y Mamá Buscan la Llave en el Laberinto Mágico,https://www.youtube.com/watch?v=uD0MVz4ZcB0,Oliver y Rico vs Pobre vs Ultra Rico - Reto de casitas de juego,https://www.youtube.com/watch?v=-h6qXjVrILk,Un día en KidZania Dubái: trabajos para niños,https://www.youtube.com/watch?v=Kk-hKXSbZ3Y,El cachorro cayó al sótano! Oliver supera el laberinto subterráneo,https://www.youtube.com/watch?v=y6XNdwJgU7U
157,Round2hell,Comedy,India,2016.0,Oct,20.0,UCt4atlExw8aj3Bm79nv1fig,3720747813,35900000,False,70,EPL 4 | R2H,https://www.youtube.com/watch?v=DgZ2IH1th5c,EPL Season 3 | Round2Hell | R2H,https://www.youtube.com/watch?v=5mr7AdmjSdc,AADIMANAV | Round2Hell | R2H,https://www.youtube.com/watch?v=FtJRfsJgtYI,MEN ON MISSION | MOM | Round2hell |R2H,https://www.youtube.com/watch?v=Roydz5LOZDo,ZOMBIE - The Living Dead 2 | Round2hell | R2H,https://www.youtube.com/watch?v=irDToH4YXzM
158,Zee News,News & Politics,India,2007.0,Jun,19.0,UCIvaYmXn910QMdemBG3v1pQ,28812064438,41400000,False,235491,Trump Big Loss After India Tariffs LIVE : 50% टैरिफ बढ़ाते ही भारत से ट्रंप के लिए आई सबसे बुरी खबर!,https://www.youtube.com/watch?v=QvGvH8xCGP0,Trump Imposed Tariff On India News LIVE : अचानक ट्रंप ने टैरिफ पर किया तगड़ा ऐलान! भारत में हड़कंप!,https://www.youtube.com/watch?v=zFvWWMN7nRk,India Big Action On Trump Tariff News LIVE : ट्रंप के 50% टैरिफ पर भारत का धमाकेदार एक्शन शुरू!,https://www.youtube.com/watch?v=K7RnpFicbYE,DNA LIVE : भारत पर टैरिफ लगा फंसे ट्रंप? भारत पर ट्रंप के खिलाफ 'बगावत'! सैलाब पर नई रिपोर्ट! Trump,https://www.youtube.com/watch?v=hy192y4KHvg,"India Big Action On Trump Tariff News LIVE : ट्रंप ने लगाया 50% टैरिफ, भारत का एक्शन शुरू!",https://www.youtube.com/watch?v=TB1Snmk-pHM
159,AboFlah,Gaming,Kuwait,2016.0,Jul,28.0,UCqq5n-Oe-r1EEHI3yvhVJcA,7753350342,46800000,False,790,مين اللي ضرب؟ 🙄,https://www.youtube.com/watch?v=LHKupS-IS64,كم شريط يتحمل وزنه؟ 🦶🏾,https://www.youtube.com/watch?v=cVHa0_TA6ug,مستحيل حد يهزمه 💪🏾,https://www.youtube.com/watch?v=Kgp1OeQDtO4,تقدر تعرف اللي ضربك؟ 😵‍💫🪖,https://www.youtube.com/watch?v=O1mtOmnqcsw,خمن اللاعب ولا تطيح 😂💦,https://www.youtube.com/watch?v=1QPV2UPb-Ok
160,AH,Entertainment,Indonesia,2014.0,Jan,26.0,UCaKLg1ELiX0zTJ6Je3c5esA,5495883966,31400000,False,4669,Kaka ameena jajan sekoteng ges☺️,https://www.youtube.com/watch?v=tn-WoSYLTkQ,Gemes banget sih kakak,https://www.youtube.com/watch?v=uJvxes2aPTE,PROGRAM ANAK KE-3 AUREL DI KOREA. FANS MADRID NONTON BARCA #tafdaily,https://www.youtube.com/watch?v=HQ9EmEI8BbE,Kakak iseng ya dek😅,https://www.youtube.com/watch?v=kikElKVjHyk,Istri kamu kayak gini juga gak sih?,https://www.youtube.com/watch?v=vTOPjYyV_d8
161,Trap Nation,Music,United States,2012.0,Sep,23.0,UCa10nxShhzNrCE1o2ZOPztg,14902839950,30300000,False,2990,Ke$ha - TiK ToK (LaunchSix Remix),https://www.youtube.com/watch?v=T0lTargnj24,Vincent - Desire!,https://www.youtube.com/watch?v=lHYvEQlWADc,cab - talk!,https://www.youtube.com/watch?v=dKEewTtrtzE,GloRilla - TGIF (ROSSY FLIP),https://www.youtube.com/watch?v=kFkaDN7dO0M,The Cranberries - Zombie (Hex Cougar Remix),https://www.youtube.com/watch?v=tmLkK6OtqiI
164,Adele,Music,United Kingdom,2008.0,Apr,4.0,UCsRM0YB_dabtEPGPTKo-gcw,17614071325,32700000,False,15,I Drink Wine: Afterparty,https://www.youtube.com/watch?v=QoeniBZi918,Adele - I Drink Wine (Official Video),https://www.youtube.com/watch?v=jDvYDzFOK9A,Adele - I Drink Wine (Live at The BRIT Awards 2022),https://www.youtube.com/watch?v=LwXQ7WUh-D0,Adele - Oh My God (Official Video),https://www.youtube.com/watch?v=niG3YMU6jFk,Adele - Oh My God (Clip),https://www.youtube.com/watch?v=cc9CDz320KE
165,Talking Tom,Comedy,United States,2008.0,Jun,27.0,UCm3hAp1m1xlAz0ve_EKAo4g,17207684286,32800000,False,861,A Whole World to Explore 🌍✨ Talking Tom & Friends: World Trailer,https://www.youtube.com/watch?v=v69A_LJZHvg,"NEW GAME, NEW STORIES 📚🌈 Talking Tom & Friends: World Trailer",https://www.youtube.com/watch?v=5UnYrAMctec,Miraculous Hero Race 🐞⚡ Talking Tom Hero Dash x Miraculous Ladybug,https://www.youtube.com/watch?v=AF4KdtQ4NeM,Talking Tom Shorts ⭐️ NEW EPISODES ⭐️ Non-Stop Cartoons for Kids 🔴 24/7 LIVESTREAM,https://www.youtube.com/watch?v=neyrQ44Jvjk,How To Do Sports On The Island ⚽️🏀,https://www.youtube.com/watch?v=Wt0xSeiy5eA
167,Frost Diamond,Gaming,,2006.0,Aug,10.0,UC4hGmH5sABOA70D4fGb8qNQ,12485397344,44400000,False,4097,angkat beban,https://www.youtube.com/watch?v=w5eiN3aBwfM,KITA MENEMUKAN NAMPAK DINOSAURUS YANG TERTANGKAP KAMERA BENERAN NYATA ADA DI DUNIA!!!,https://www.youtube.com/watch?v=6h0W3UR1Rcg,KITA BIKIN BUNGKER PALING OP SEPANJANG SEJARAH DI 99 NIGHTS IN THE FOREST ROBLOX!!!,https://www.youtube.com/watch?v=4zruqlfSLUY,"Kalau Kamu Lihat GUNTING Berdar4h ini di Depan Pintu, Lari Langsung Telfon 911!!",https://www.youtube.com/watch?v=CsR3tk9htzY,gelass jatuh,https://www.youtube.com/watch?v=6omc7fjTdEc
168,Spinnin' Records,Music,Netherlands,2007.0,Jul,12.0,UCpDJl2EmP7Oh90Vylx0dZtA,22225356818,31900000,False,12987,@genesiofc playing the summer banger SAMA (US) - EY at Hï Ibiza ☀️🔥 #spinnin #spinninrecords #edm,https://www.youtube.com/watch?v=y8CFFeLYJCQ,@DomDolla  was on fire at @lollapalooza  🔥 #spinnin #spinninrecords #edm,https://www.youtube.com/watch?v=7daO0DTJTqk,Calum Kieran - Twisted (Official Audio),https://www.youtube.com/watch?v=JgTiBwbnHN4,BANGER ALERT 🚨 Have you discovered @showtek and .EXA's 'Slow Down Pt.2' yet? 🔥 #spinnin,https://www.youtube.com/watch?v=uA9cYIkmXOw,"Here’s how Jasper Junior made his remix of HEDEGAARD, Bjørnskov - Hometown Hero out now! 🔥",https://www.youtube.com/watch?v=PlTJGpDZD9A
169,Little Angel: Nursery Rhymes & Kids Songs,Education,United States,2015.0,Dec,14.0,UCNzsYU0aWwjERj-9Y9HUEng,27419912043,34300000,False,1973,DIY Dress To Impress! 🥻 Little Angel Arts & Crafts #shorts #diy,https://www.youtube.com/watch?v=1B68Lf30OkA,The Ice Cream Cake Castle Kingdom! 🍧 Little Angel Singalong Nursery Rhymes #shorts,https://www.youtube.com/watch?v=ow5DyKdgJ2g,A hairy situation! 💇 Little Angel DIY Craft Pasta Party! #shorts,https://www.youtube.com/watch?v=TuyybS0aCUo,Let’s Make Friendship Bracelets! DIY Song with Jill | Little Angel Kids Songs & Nursery Rhymes,https://www.youtube.com/watch?v=QOF6otHxUC4,BEST of friends! 🤝 Singalong with Little Angel Nursery Rhymes #shorts,https://www.youtube.com/watch?v=fLJArP7Gg0A
170,jacksepticeye,Gaming,,2007.0,Feb,24.0,UCYzPXprvl5Y-Sf0g4vX-m6g,17289397617,31000000,False,5261,MY EMPLOYEES HATE ME - Supermarket Simulator - Part 2,https://www.youtube.com/watch?v=tnRxnL6z2GY,MY NEW ADDICTION - Supermarket Simulator - Part 1,https://www.youtube.com/watch?v=wpHYFdzLQpA,NUGGET IS BACK | Kindergarten 3,https://www.youtube.com/watch?v=r3EwfWfP4uE,The Evolution of Jacksepticeye,https://www.youtube.com/watch?v=q2-QSs228lI,HOOPS!,https://www.youtube.com/watch?v=rLYBSSoEMt0
171,Shawn Mendes,Music,Canada,2011.0,Jan,19.0,UCAvCL8hyXjSUHKEGuUPr1BA,14729900034,30500000,False,191,On The Road Again 🥰,https://www.youtube.com/watch?v=_XCa6gToHFI,Shawn Mendes - On The Road Again (Official Trailer),https://www.youtube.com/watch?v=fovRnhn7Lr4,LATIN AMERICA ♥️ te amo,https://www.youtube.com/watch?v=MbxCDmyi-4o,Shawn Mendes - That'll Be The Day (Live From The Clubhouse Sessions),https://www.youtube.com/watch?v=d2zIAPhCc6k,Shawn Mendes - Isn't That Enough (Live From The Clubhouse Sessions),https://www.youtube.com/watch?v=YP3WBg2JzEs
172,ashish chanchlani vines,Comedy,India,2009.0,Jul,6.0,UC7eHZXheF8nVOfwB2PEslMw,5073068583,30700000,False,162,"Finally, we have been waiting to tell you..#Ashish #Elli",https://www.youtube.com/watch?v=Aiob2139mN4,"Jurassic world Rebirth star cast Scarlet, Jonathan & Mahershala ❤️",https://www.youtube.com/watch?v=b0-2pIiF25A,"I stand with my country India, if anyone wants to unfollow or block me go ahead. जय हिन्द🇮🇳",https://www.youtube.com/watch?v=tTnGNgGjPjI,ITS A WRAP ❤️ #ACV159,https://www.youtube.com/watch?v=Wa1NnVN4g4o,My apology and next project details,https://www.youtube.com/watch?v=qp4XT23XsVA
173,Ultra Records,Music,United States,2006.0,Oct,24.0,UC4rasfm9J-X4jNl9SvXp8xA,18985542511,32100000,False,5369,Anabel Englund & Mary Droppinz - Born to Fly (Official Video) [Ultra Records / Area10],https://www.youtube.com/watch?v=L7XtaMopjAI,Stwo - The Last feat. serpentwithfeet & Nosaj Thing [Ultra Records],https://www.youtube.com/watch?v=zxHO_7fXDlg,The Midnight - Shadowverse [Ultra Records],https://www.youtube.com/watch?v=8oSlSOnpgWo,Eli Brown x GeezLy - Papi [Ultra Records],https://www.youtube.com/watch?v=6TXygTqqcMA,Tommy Genesis - Gabriel [Ultra Records],https://www.youtube.com/watch?v=z08pXK0hpME
174,Popular on YouTube,,,2017.0,Aug,7.0,UCnSeUkdfA9PHzwJIZebXvrA,0,0,False,1,best friend story 🤗🤗 please subscribe to my channel #song,https://www.youtube.com/watch?v=qVSSa6-2MH0,,,,,,,,
175,Maluma,Music,Argentina,2015.0,Oct,31.0,UClZuKq2m0Qu-HkopkSBLpEw,25342351829,30700000,False,73,CAP 021 - ASÍ SON ALGUNOS DE LOS DÍAS OFF EN GIRA !!,https://www.youtube.com/watch?v=yFlMNVhviU0,CAP 020 - LO QUE NO SE VE DETRÁS DE UN SHOW !! EMOCIONES Y MUCHA ADRENALINA,https://www.youtube.com/watch?v=EKPbl0yAENQ,Maluma - BRONCEADOR (Official Video),https://www.youtube.com/watch?v=yH1fk7WLiMc,CAP 019 - DE JUGAR EN EL PARC DES PRINCES ⚽️ A UN SHOW INCREÍBLE EN PARÍS 🔥🔥,https://www.youtube.com/watch?v=pCgtnvtwBOA,CAP 018 - PARTIDITO CON EL COMBO ⚽️ + SHOW EN LAS PALMAS Y BARCELONA 🔥🔥🔥,https://www.youtube.com/watch?v=M4WtQ0UojC0
176,Zhong,Entertainment,United States,2015.0,Jan,19.0,UCyagEfIN1okQ-s996XAqCFQ,20301058513,59500000,False,2015,My Girlfriend Is Acting Suspicious?,https://www.youtube.com/watch?v=Y8MhjYTvlFM,Can You Hold Your Breath Across This Bridge?,https://www.youtube.com/watch?v=VR4-SjeQ-5A,Can We Pull A Sumo Wrestler?,https://www.youtube.com/watch?v=grMDwKCk3nA,I Became an Assassin to Save Ronaldo!,https://www.youtube.com/watch?v=-5_fKbTGQ20,"$1,000 Boat Vs Human",https://www.youtube.com/watch?v=WCSUPs7r9tk
177,Enaldinho,Comedy,Brazil,2012.0,Nov,7.0,UC2bYhAHyaqfWlPXWBVk4BcA,21281269066,43400000,False,5077,OVO! #shorts,https://www.youtube.com/watch?v=A8I-qUnwHLY,24 HORAS SOBREVIVENDO AO APOCALIPSE ZUMBI!,https://www.youtube.com/watch?v=_fDx1S9KxGU,CRIEI O MEU PRÓPRIO LABUBU! #shorts,https://www.youtube.com/watch?v=92rBt6D6eUc,OREO! #shorts,https://www.youtube.com/watch?v=RNapu3OwUqM,INVADI O MUNDIAL DE CLUBES - FÉRIAS EM ORLANDO - VLOG DE 1H!,https://www.youtube.com/watch?v=RS7rv44nDfQ
178,AuronPlay,Comedy,Spain,2006.0,Feb,28.0,UCFR2oaNj02WnXkOgLH0iqOA,4492562607,15600000,False,1302,SEGUIMOS CON EL MIMIC,https://www.youtube.com/watch?v=m1AMkDvjxhs,VALORANT pero SORPRENDENTEMENTE somos BUENÍSIMOS,https://www.youtube.com/watch?v=RsqhfANMmh0,SECRET OF THE MIMIC #1,https://www.youtube.com/watch?v=uzcdAEZNGxY,"SONRIE, HAN VUELTO LAS CARRERITAS",https://www.youtube.com/watch?v=LaYWGP8muVM,el juego de dejar pasar abuelas para acabar con ellas,https://www.youtube.com/watch?v=mnc1XfuAMVM
179,Shorts Break,Comedy,,2021.0,Jan,28.0,UCgJ5_1F6yJhYLnyMszUdmUg,37774445375,47300000,False,811,Girls Hostel Wala Pyaar 😂 #spritejokeinabottle #funnyshorts #comedyshorts #sprite,https://www.youtube.com/watch?v=NMkB5HuobBc,Ghar ka Naya Superstar 😎😁 - Samsung Galaxy Z Flip7 | #samsung,https://www.youtube.com/watch?v=HOp4AVE5XtE,Prashant Ka Affair? 😱🤣 | Husband Vs. Wife | #shorts | Shorts Break,https://www.youtube.com/watch?v=1WuxPJeYz68,Chain-Nahi Express 🤣 | #shorts | Shorts Break,https://www.youtube.com/watch?v=Bdpb0Z7WsOI,Firse Breakup Hogaya 😱😅 | Badi Behen - Choti Behen | #shorts | Shorts Break,https://www.youtube.com/watch?v=xFz34yAvmPU
180,infobells - Tamil,Education,India,2014.0,Mar,13.0,UCHcn4Ux-sO9nzNu7rDsoQLg,22616793301,34900000,False,784,ஸ்கூலுக்கு போகலாம் உருளைக்கிழங்கு செல்லக்குட்டி | Tamil Rhymes & Cartoons | Infobells #tamilrhymes,https://www.youtube.com/watch?v=eAmUhAcl-Kg,பயமாய் இருக்குது எனக்கு பயமாய் இருக்குது - Home Alone Kid | Tamil Rhymes & Cartoons | Infobells,https://www.youtube.com/watch?v=PMc7OGpay8Q,ஸ்கூலுக்கு போகலாம் வா பொம்மை பாப்பா-Pretend Play | Tamil Rhymes & Cartoons | Infobells #tamilrhymes,https://www.youtube.com/watch?v=_psuUPqNpxo,பள்ளிக்கூடம் போகலாம் வா வா வா செல்லக்குட்டி | Tamil Rhymes & Cartoons | Infobells #tamilrhymes,https://www.youtube.com/watch?v=R6rtY2MgRY8,குட்டிப்பாப்பா ஏன் அழுகுது - Cry Baby | Tamil Rhymes & Cartoons | Infobells #tamilrhymes #crybaby,https://www.youtube.com/watch?v=W3NUHZjBy4E
181,Aditya Music India,Music,,2010.0,Dec,16.0,UCNApqoVYJbYSrni4YsbXzyQ,35113320924,35600000,False,28141,"Dhadak Dhadak Full Video Song | Bujjigadu Songs | Prabhas, Trisha | Puri Jagannadh",https://www.youtube.com/watch?v=Bx5zNHd1BqI,#Rajagadiki lyrical song from #LittleHearts #Movie releasing tomorrow #Shorts,https://www.youtube.com/watch?v=iQfTaF_0u_8,#JuniorAnthem Song Movie #Shorts,https://www.youtube.com/watch?v=ngG-DGs5_7U,"Adenamma Lyrical Video | Andhela Ravamidhi | Indrani Davaluri, Vikram Kolluru | Karthik B Kodakandla",https://www.youtube.com/watch?v=7VQUJ5aGyhI,#SoundaryaSoundarya Song #NamoVenkatesa Movie #Shorts,https://www.youtube.com/watch?v=0vBkXlQHIFw
182,The Late Late Show with James Corden,Entertainment,United States,2006.0,Nov,21.0,UCJ0uqCI0Vqr2Rrt1HseGirg,10335658113,28300000,False,5788,8 New Episodes Live Friday! — Carpool Karaoke: The Series — Apple TV+ Preview,https://www.youtube.com/watch?v=EM29Of3692M,The Last Late Late Show: Chapter 6 - The Final Day,https://www.youtube.com/watch?v=ocpGfxJ_S1g,The Last Late Late Show: Chapter 5 — One Year To Say Goodbye,https://www.youtube.com/watch?v=1AbG70fho5k,Four chapters of our documentary are streaming on our YouTube channel ! #shorts #carpoolkaraoke,https://www.youtube.com/watch?v=CN_nfnbl8tQ,The Last Late Late Show: Chapter 4 — The Pandemic,https://www.youtube.com/watch?v=aSS2z8TcFIw
183,Aditya Movies,Movies,India,2012.0,Feb,23.0,UCX_uPA_dGf7wXjuMEaSKLJA,15276471039,37000000,False,10826,Big Twists in Sabse Bada Don Movie REVEALED😱! #Shorts #RaviTeja #ShriyaSaran #ViralShorts #New,https://www.youtube.com/watch?v=L3IFD-sj6b8,#RaashiKhanna Emotional Status😢 #Shorts #SaiDharamTej #ViralShorts #SupremeKhiladi #AdityaMovies,https://www.youtube.com/watch?v=LpnTTe7CZTo,Ishqbaaz Khiladi Trailer Hindi | Satyadev | Tamannaah | Megha Akash | South Movie 2025 |AdityaMovies,https://www.youtube.com/watch?v=8ViNLo1q2fo,#TanyaHope Made #ArunVijay Jealous #Shorts #ShortsFeed #Thadam #ViralShorts #New #AdityaMovies,https://www.youtube.com/watch?v=-ufJWdiQKTU,Kalyan Ram New Movie Hindi Dubbed Scenes💥| Ashika Ranganath | Amigos Movie Scenes | Aditya Movies,https://www.youtube.com/watch?v=FBtxnndp8pg
184,Masha y el Oso,Film & Animation,,2019.0,Jul,21.0,UCuSo4gcgxJRf4Bzu43wwVyg,23836403991,43200000,False,1903,Masha y el Oso 📺 Kid's TV | 2 horas | Pasitos Aventureros⭐ Día de las infancias 🎬 Masha and the Bear,https://www.youtube.com/watch?v=QUgyMaO6gug,¡Ups! ¡Sin dejar ni una pista! 🤫🤭 #Shorts #mashabear #mashaoso #shortsfeed #niños,https://www.youtube.com/watch?v=8sQrqM3biqw,🔴 LIVE 🐻👧 Masha y el Oso 💥 Estreno 💥 Giro Inesperado 🏍️💥,https://www.youtube.com/watch?v=uECqz7H2LHA,¡Así son las cosas justas! 💪 #Shorts #mashabear #mashaoso #shortsfeed #niños,https://www.youtube.com/watch?v=4rBUdT4BWEA,Cuando comprasteuna moto nueva 🏍️💥 #Shorts #mashabear #mashaoso #shortsfeed #niños #nuevocapítulo,https://www.youtube.com/watch?v=NnAfDt0rLhg
185,infobells - Telugu,Education,India,2014.0,Mar,13.0,UCHvoq_rGmOKJKGId1nD1V4Q,21298486029,36000000,False,740,Brother and Sister Song-Rakhi Song | Telugu Rhymes for kids | Infobells #telugurhymes #rakhispecial,https://www.youtube.com/watch?v=QOrrH-fcP-s,Busulo Schooluki Veltunnanu - School Bus Song | Telugu Rhymes & Cartoons | Infobells #telugurhymes,https://www.youtube.com/watch?v=ADOt0k2xKCY,Chinna Papa School Bus Vaccindi - Going to School | Telugu Rhymes for Children | Infobells #rhymes,https://www.youtube.com/watch?v=QSf3JuaRqms,Enugamma Enugu Song - Birthday Surpise | Telugu Rhymes for kids | Infobells #telugurhymes #enugamma,https://www.youtube.com/watch?v=PjcjJCtAsYU,ఆలో పాపా నువ్వు పళ్ళు తోముకున్నావా - Aloo Brushing Song | Telugu Rhymes for Kids | Infobells,https://www.youtube.com/watch?v=WkuESDIrmIk
186,HUM TV,Entertainment,Pakistan,2011.0,May,25.0,UCEeEQxm6qc_qaTE7qTV5aLQ,46247909873,51500000,False,186114,Zaviyar Ki Shandaar Wapsi | Raaja Rani Episode 27 - HUM TV,https://www.youtube.com/watch?v=AQmjpgLbTtM,Kya Ho Jayen Gay Raste Ek Baar Phir Judaa ? #shorts #raajarani #humtv,https://www.youtube.com/watch?v=f4qoET2zC9o,Zaviyar Ne Rani Ko Nahi Pehchana | Raaja Rani Episode 27 - HUM TV,https://www.youtube.com/watch?v=Ag1gzIpvYc0,Raaja Rani - Episode 27 -  6 August 25 [ Hina Afridi & Faysal Qureshi ] - HUM TV,https://www.youtube.com/watch?v=018Y6mT6BlQ,Woh Apne Bhai Ke Ghar Se Nikaale Jaane Se Bhi Badtar Haalat Mein Thi! | Laadli Episode 12 - HUM TV,https://www.youtube.com/watch?v=10NT2bS318w
187,Shemaroo Movies,Entertainment,India,2011.0,Mar,1.0,UCBOmfqgTZi7yDp4-3Lr_3lA,10374282320,37500000,False,3679,पिछले जन्म के रहस्य -  Karisma Kapoor's Epic Thriller Movie - Dangerous Ishhq - Full Movie (4K),https://www.youtube.com/watch?v=1WT_kfsAMto,National Award Winning Political Thriller Drama Film - New Delhi Times (1986) - Written By Gulzar,https://www.youtube.com/watch?v=vSMI5ro2cHk,"घर घर की कहानी (१९८८) - ऋषि कपूर, जया प्रदा, गोविंदा  की बेहतरीन इमोशनल ड्रामा फिल्म (Purani Filmen)",https://www.youtube.com/watch?v=suvaHW4jRE0,"Himmatwar (Poojai) - BEST SOUTH MOVIE IN HINDI DUBBED - Vishal, Shruthi Haasan, Sathyaraj, Radhika",https://www.youtube.com/watch?v=J8OusECIa0Y,"MIND-BLOWING Share Market Secrets - MUST WATCH COMEDY - Sushant Singh, Rajat Kapoor",https://www.youtube.com/watch?v=BkCYNMxgV8M
188,Michael Jackson,Music,United States,2005.0,Jun,22.0,UC5OrDvL9DscpcAstz7JnQGA,18526659535,33500000,False,18,Michael Jackson - The Celebration of The King of Pop's Birthday (8.29.24),https://www.youtube.com/watch?v=jmFnIHHoxvY,Michael Jackson ONE #MJBlueSapphire Celebration of The King of Pop's Birthday (8.29.23),https://www.youtube.com/watch?v=oEuKVlXFZKg,King of Style: A Roundtable Discussion about Michael Jackson's Style Legacy and Impact,https://www.youtube.com/watch?v=ULdYXyXJMzI,Have you seen the “Beat It” short film in 4K yet?  #Thriller40,https://www.youtube.com/watch?v=SrtYzwQbkyk,"With Billie Jean, Michael was one of the first to transform music videos into an art form",https://www.youtube.com/watch?v=W_CgQJk29MU
189,Drake,Music,,2005.0,Sep,23.0,UCByOQJjav0CUDwxCk-jVNRQ,20389654392,31300000,False,80,ICEMAN EPISODE 2,https://www.youtube.com/watch?v=JqXf2vDQHuc,DRAKE - WHAT DID I MISS,https://www.youtube.com/watch?v=weU76DGHKU0,ICEMAN EPISODE 1,https://www.youtube.com/watch?v=VTPxU2nZ7ro,Drake - NOKIA (Official Music Video),https://www.youtube.com/watch?v=8ekJMC8OtGU,PARTYNEXTDOOR & DRAKE - SOMEBODY LOVES ME (Official Lyric Video),https://www.youtube.com/watch?v=ZYouVfCThXU
190,Goldmines Dishoom,Film & Animation,,2016.0,Nov,26.0,UCu7Hg0f3rxqZ6qs-188ZbjQ,10135053243,35500000,False,5564,चिरंजीवी और राम चरण का सबसे अच्छा सीन #Magadheera #chiranjeevi #ramcharan #shorts #reels,https://www.youtube.com/watch?v=M3Y7xZ4wgMk,Ali चेन चोरी करके भाग रहा था Jr NTR ने उसको पकड़ के और चोरी करने बोला,https://www.youtube.com/watch?v=VexT-ytYK0c,विक्रम एक्शन का लाइव टेलीकास्ट दिखाता है | Vikram Best Movie Scene | Best Dialogue Scene In HIndi,https://www.youtube.com/watch?v=xEAcLZ2pWJw,थम्बी रमैया का कॉमेडी सीन | Bhairavaa Movie Scene In HIndi | South Movie Comedy Scene In HIndi,https://www.youtube.com/watch?v=QaeGFO73DbI,"My Brother Vicky (माय ब्रदर विक्की) Hindi Dubbed Movie | Karthi, Jyothika, Sathyaraj",https://www.youtube.com/watch?v=IR1llQh0pMk
191,Sandeep Maheshwari,People & Blogs,Singapore,2008.0,Jan,2.0,UCBqFKDipsnzvJdt6UT0lMIg,2478545678,28500000,False,653,Episode 5 - Problem Solving Marathon | By Sandeep Maheshwari | Motivational Video | Hindi,https://www.youtube.com/watch?v=Nh3Bg107fSc,Episode 4 - Problem Solving Marathon | By Sandeep Maheshwari | Motivational Video | Hindi,https://www.youtube.com/watch?v=95N4Ix8lOsc,Episode 3 - Problem Solving Marathon | By Sandeep Maheshwari | Motivational Video | Hindi,https://www.youtube.com/watch?v=e5ij3r_aco0,Episode 2 - Problem Solving Marathon | By Sandeep Maheshwari | Motivational Video | Hindi,https://www.youtube.com/watch?v=C2Mb-DI9EUU,SCAM ALERT | By Sandeep Maheshwari,https://www.youtube.com/watch?v=NLPa65Z3Gss
192,Bounce Patrol - Kids Songs,Music,Australia,2013.0,Jan,1.0,UC56cowXhoqRWHeqfSJkIQaA,26212364322,33300000,False,333,Choose your Colour! 🌈,https://www.youtube.com/watch?v=0jgxKBIH_NE,Wheels on the Bus (Extended!) - Nursery Rhymes with Bounce Patrol,https://www.youtube.com/watch?v=YAdHHRNmACc,Wiggle Your Fingers and Toes and sing along with Jacinta 😊 #kidssongs #shorts,https://www.youtube.com/watch?v=338KnZpJrXg,Finger Family: Yummy Fruit & Veggies! 🍎🥦 Plus more Finger Family Songs,https://www.youtube.com/watch?v=EvswDdmv7c8,Play the Animal Matching Game with Rachel,https://www.youtube.com/watch?v=TvckM_lsW7I
193,toycantando,Music,Colombia,2009.0,Jul,7.0,UC2xjgvWb9cx5F637XjsUNxw,19442306431,30500000,False,972,Pinocho Necesita un Corazón 💔 | Canción Infantil con Pin Pon,https://www.youtube.com/watch?v=udhrui4dT1g,"Soy una Taza y Más Canciones Infantiles 🎶 | La Patita Lulú, Pin Pon, Pinocho y Más | Toy Cantando",https://www.youtube.com/watch?v=Fa4278pgtTw,🎵 El Sapo No Se Lava El Pie 🐸 ¡Canción Infantil con La Patita Lulu y Los Patiamigos!,https://www.youtube.com/watch?v=y8LxeWpEFJo,Desayuno Mágico para Niños con Pin Pon ✨,https://www.youtube.com/watch?v=HZlV7lP8x6o,Chu Chu Chu el Tren de Pin Pon 🚂 | Canciones Infantiles | Toy Cantando,https://www.youtube.com/watch?v=uLxG7qXrtFk
194,MrBeast 2,People & Blogs,United States,2011.0,Jun,23.0,UC4-79UOlP48-QNGgCko5p2g,7271374344,51300000,False,146,"We’ve Raised $10,000,000 For #TeamWater",https://www.youtube.com/watch?v=9BMJRqzAjSY,Taste Testing the Rarest Chocolates on Earth,https://www.youtube.com/watch?v=iVzQyXttEuA,MrBeast Deleted Scenes,https://www.youtube.com/watch?v=Ut41eePtfBk,Elevated S'mores Tasting with @FastGoodCuisine,https://www.youtube.com/watch?v=fv85G_lCLX0,The Evolution of Feastables,https://www.youtube.com/watch?v=JNZKAzmDIYo
195,Wiz Khalifa,Music,United States,2008.0,May,9.0,UCVp3nfGRxmMadNDuVbJSk8A,15395016074,29700000,False,851,Wiz Khalifa - Red Eye [Official Music Video],https://www.youtube.com/watch?v=WmZ4Rc6E_cg,Wiz Khalifa - DayToday: Taylor Gang The World Tour Ep 10,https://www.youtube.com/watch?v=7qhu-47q218,Wiz Khalifa - DayToday: Taylor Gang The World Tour Ep 9,https://www.youtube.com/watch?v=WMA1swOAxWI,Wiz Khalifa - DayToday: Taylor Gang The World Tour Ep 8,https://www.youtube.com/watch?v=Jg6fRu2j2cM,Wiz Khalifa - DayToday: Taylor Gang The World Tour Ep 7,https://www.youtube.com/watch?v=rchYYpfLTfk
196,JYP Entertainment,Music,South Korea,2008.0,Jan,25.0,UCaO6TYtlC8U5ttz62hTrZgg,25057134458,30800000,False,2436,DAY6(데이식스) 10th Anniversary Announcement : The DECADE of us,https://www.youtube.com/watch?v=TAeFPCf__uA,[JYP 4 EARTH] Ep1. 다양함이 존중받는 세상1ㅣTWICEㅣ세상에 하나뿐인 그림책,https://www.youtube.com/watch?v=8kr_398pMbE,"Stray Kids ""KARMA"" Trailer",https://www.youtube.com/watch?v=Kubud_aEkN0,"NEXZ ""One Bite"" M/V",https://www.youtube.com/watch?v=Q79GXnvja4c,"NEXZ ""One Bite"" M/V Teaser 2",https://www.youtube.com/watch?v=s6O4Vf2zy9k
197,ýýý Kids Roma Show,People & Blogs,United States,2015.0,May,12.0,UCk8GzjMOrta8yxDcKfylJYw,117881327356,136000000,False,1400,Magic Washing Machine Makes Balloons!,https://www.youtube.com/watch?v=sjulCb53A1E,Oliver at the Safari! Fun & Educational Adventures for Kids,https://www.youtube.com/watch?v=uCYJVRupJ9k,Oliver Forgot to Turn Off the Hose! 💧🌸 Diana Teaches a Lesson,https://www.youtube.com/watch?v=NxrkqlOE1L4,Kids Learn Good Habits — Mobile Phone Jail Adventure,https://www.youtube.com/watch?v=TnwRD4LYDto,Don't Forget to Brush! 😁🪥,https://www.youtube.com/watch?v=WfHrYHh7cj8
198,DanTDM,Gaming,United Kingdom,2012.0,Jul,14.0,UCS5Oz6CHmeoF7vSad0qqXfw,20218445717,29200000,False,3770,This Didn't Go To Plan... (Minecraft Part 21),https://www.youtube.com/watch?v=bHcn2ebUtRg,I Can't Believe It.. | Deltarune Chapter 3 ENDING,https://www.youtube.com/watch?v=wpDyrITvggE,What Is Happening... | Deltarune Chapter 3 Part 3,https://www.youtube.com/watch?v=915VXEnQjJo,Susie Are You Okay?! | Deltarune Chapter 3 Part 2,https://www.youtube.com/watch?v=879w6y1k06I,The Dark World Gameshow | Deltarune Chapter 3 Part 1,https://www.youtube.com/watch?v=SYJQbB2HtjI
199,Nick Jr.,Film & Animation,United States,2012.0,Sep,27.0,UCUe6ZpY6TJ0no8jI4l2iLxw,27554988445,34100000,False,6198,baby pig plays basketball at Barnyard Daycare! 🏀 #shorts,https://www.youtube.com/watch?v=BZ4VarWPXl0,FULL EPISODE: Tim Rex Makes His Grandma a PRESENT! 🦖🌠 | Tim Rex in Space | Nick Jr.,https://www.youtube.com/watch?v=0upQwlx1JTE,PAW Patrol Parents To The Rescue! 🥗 Learn More Healthy Habits for 30 Minutes | Nick Jr.,https://www.youtube.com/watch?v=lClWLuyT_gQ,PAW Patrol's School Bus Rescue & More Back to School Missions! 🚌🎒 | 10 Minutes | Nick Jr.,https://www.youtube.com/watch?v=KswE_usfd-M,Farmer Mia and Milo Feed BABY Farm Animals & More at Barnyard Daycare! 🥕 | 30 Minutes | Nick Jr.,https://www.youtube.com/watch?v=Sm5LuyPH5q4
200,Crazy XYZ,Entertainment,India,2017.0,Sep,10.0,UCebC4x5l2-PQxg46Ucv9CsA,10188240161,33900000,False,1463,I Reached China & This Happened🥵| चीन जाना पड़ गया भारी,https://www.youtube.com/watch?v=cBtl2n1tuNM,Testing Ghost Hunting Gadgets At Night | हालत ख़राब हो गई । DO NOT TRY,https://www.youtube.com/watch?v=Du9Ce5N_7q8,MAKING SUPER ALIEN DRINK- Mixing 140 Cold Drinks | Will I Survive?,https://www.youtube.com/watch?v=l9lD-B_2IEI,New Studio Update Live🔥| कितना बना न्यू स्टूडियो,https://www.youtube.com/watch?v=-FToZTDNABw,Secret Swimming Pool Challenge | इस पूल को ढूँढना लगभग असंभव है | Secret Room Challenge,https://www.youtube.com/watch?v=oxDpnV0mmAA
201,ToyPuddingTV,Entertainment,,2017.0,Jun,7.0,UCKqx9r4mrFglauNBJc1L_eg,16652024876,27500000,False,2417,✨MIKU MIKU BEAM!!✨ #mikumikubeam #meme #sixtargate,https://www.youtube.com/watch?v=dkhk2uyFiow,ToyPuddingTV님의 실시간 스트림,https://www.youtube.com/watch?v=bvCkncHpjEY,chipi chipi chapa chapa #sixtargate,https://www.youtube.com/watch?v=XJRCn1G59MI,ToyPudding Baby DoLi Tooth Fairy Story 3D animation #cartoon,https://www.youtube.com/watch?v=Ega_TZDjUHI,Vtuber Mia dance challenge Stupid Heart #shorts,https://www.youtube.com/watch?v=p4fv_LuG_ss
202,Dushyant kukreja,Entertainment,India,2015.0,Sep,26.0,UCo6y9hnRawAqtyWhRhblXqg,32916718101,49200000,False,1545,Rakhi Expectations vs Reality 😂 #dushyantkukreja #shorts,https://www.youtube.com/watch?v=VJxdMtTk28Q,Kon si rakhi best h ? 😂 #dushyantkukreja #shorts,https://www.youtube.com/watch?v=spF4kYWCXsM,Best Rakshabandhan Gift 😂 #dushyantkukreja #shorts,https://www.youtube.com/watch?v=07H3rq-Tniw,Real Singing 🥲 Vs Bathroom Singing 😂 #dushyantkukreja #shorts,https://www.youtube.com/watch?v=MtEg9fZil54,Strict Diet toot gyi 😂 Subscribe @Anuradha_Gaming #dushyantkukreja #shorts,https://www.youtube.com/watch?v=mQ4jEoD-b7c
203,Gulshan Kalra,Howto & Style,,2018.0,Apr,9.0,UC56dNUTok1pgvpY75CsJQ4Q,19555986788,41200000,False,867,Father Daugher unconditional love…🥹❤️|| Gulshan kalra #shorts,https://www.youtube.com/watch?v=qVED9uWk9J0,God is everywhere…🥺❤️|| Gulshan kalra #shorts,https://www.youtube.com/watch?v=5pymft9Rzn4,A true friend never leave you alone…🥺❤️|| Gulshan kalra #sad #friendship #shorts,https://www.youtube.com/watch?v=XRmnDv90IHo,Father daughter unconditional love…🥹❤️|| Gulshan kalra #shorts #emotional,https://www.youtube.com/watch?v=yK50Jok-5d0,Emotional story 🥺❤️|| watch till end || Gulshan Kalra #shorts,https://www.youtube.com/watch?v=Dqb_U4ihEys
204,Brent Rivera,Comedy,United States,2009.0,Aug,1.0,UC56D-IHcUvLVFTX_8NpQMXg,11502330039,39300000,False,843,World’s Strongest Man VS TAPE,https://www.youtube.com/watch?v=awgGSL0MfEk,World’s Strongest Man VS Handcuffs!,https://www.youtube.com/watch?v=tQpaahgj7pk,Don’t KICK the wrong ball,https://www.youtube.com/watch?v=L6wYfvrF9QA,The ULTIMATE Trust fall!! 😱,https://www.youtube.com/watch?v=fi1EgL0j6Qw,Feet VS Nails!!,https://www.youtube.com/watch?v=4fgesbFW70Y
205,Renato Garcia YT,Entertainment,Brazil,2011.0,Sep,29.0,UChMJkHCD2wdvSO7CMOuLR-w,9786441975,30200000,False,5058,REAÇÃO DOS MEUS AMIGOS AO VER MEU TRATOR JOHN DEERE,https://www.youtube.com/watch?v=7SedKciw50Q,PRIMEIRO ROLE COM MEU NOVO TRATOR JOHN DEERE 6100J,https://www.youtube.com/watch?v=74NQ4-Z4SiY,ESSE É MEU NOVO TRATOR  ! JOHN DEERE,https://www.youtube.com/watch?v=3yHdNYMk9xg,ENTREI COM O ROBO DENTRO DA CASA DO CASEIRO,https://www.youtube.com/watch?v=I8YBGgzc14U,FINALMENTE COMPREI UM TRATOR PARA MIM,https://www.youtube.com/watch?v=Nkd_fRabon0
206,Beast Reacts,People & Blogs,United States,2016.0,Apr,24.0,UCUaT_39o1x6qWjz7K2pWcgw,6582872958,36000000,False,233,Most Expensive Fails!,https://www.youtube.com/watch?v=Ops-wTBCTwA,Fastest Onion Ever Eaten!,https://www.youtube.com/watch?v=C8HhPQ8qc1k,Impossible 0.0000001% Odds!,https://www.youtube.com/watch?v=bReHusqxnvw,Rarest Things On Earth!,https://www.youtube.com/watch?v=1atCTSRJHH0,Funniest Fails On The Internet!,https://www.youtube.com/watch?v=IYjSmlWG-4A
207,enchufetv,Comedy,Colombia,2011.0,Nov,13.0,UCoGDh1Xa3kUCpok24JN5DKA,11066893964,28100000,False,2355,Mundo al revés Bici,https://www.youtube.com/watch?v=F4tYhAv8-S0,Los Cuatro Fantásticos,https://www.youtube.com/watch?v=ydfGWLoEN2U,Los Cuatro Fantásticos | enchufetv,https://www.youtube.com/watch?v=2uYtUYNIdE0,Ir en Avión (Qué Choverga),https://www.youtube.com/watch?v=fI6jCmr-hsA,Enchufe live por la mamá del Rodríguez 😱,https://www.youtube.com/watch?v=9LDtYIBWMqk
208,Netflix,Entertainment,United States,2012.0,Jul,17.0,UCWOA1ZGywLbqmigxE4Qlvuw,9961982055,31400000,False,8263,The Wrong Paris | Miranda Cosgrove and Pierson Fodé | Official Trailer | Netflix,https://www.youtube.com/watch?v=SgKpEeduwh0,"My Life with the Walter Boys, Season 3, is now in production!",https://www.youtube.com/watch?v=jkET1yJkaco,My Life With the Walter Boys: Season 2 | Official Trailer | Netflix,https://www.youtube.com/watch?v=5ZvbQ48GAyk,Jay Kelly | Official Teaser | Netflix,https://www.youtube.com/watch?v=ADoUsgDegkM,Jay Kelly | Official Teaser | Netflix,https://www.youtube.com/watch?v=ZEN-Shpx7XE
209,Raffy Tulfo in Action,News & Politics,Philippines,2016.0,Apr,20.0,UCxhygwqQ1ZMoBGQM2yEcNug,17836885965,29500000,False,12772,"LADY GUARD, NAIPIT ANG PAA SA LRT!",https://www.youtube.com/watch?v=vwWeFXp7zT4,HELP! HANAPIN NATIN ANG MR NIYA!,https://www.youtube.com/watch?v=lUdrt9QaQ08,"14 Y/O, BINABAWI NG MAGULANG SA 46 Y/O NA BF PARA IBENTA SA AFAM?!",https://www.youtube.com/watch?v=A4UB46if9xY,"WANTED SA RADYO FULL EPISODE | AUGUST 6, 2025",https://www.youtube.com/watch?v=G_V8n1BYKiQ,"CUSTOMER NA PINAGBINTANGANG BOGUS BUYER, IPINA-TULFO SI CHINA ROCES!",https://www.youtube.com/watch?v=egFcgcwEHcs
210,WORLDSTARHIPHOP,Music,United States,2008.0,Nov,8.0,UC-yXuc1__OzjwpsJPlxYUCQ,21921942376,27500000,False,7321,FINESSE X - Let Me Go (Official Music Video),https://www.youtube.com/watch?v=zvOoTBhG2j8,Freeway feat. Scholito - Ball Drop (Official Music Video),https://www.youtube.com/watch?v=xYDDdzY0Cyo,Trapboy JT - Out The Matrix (Shot In IKEA) (Official Music Video),https://www.youtube.com/watch?v=aYbd8mGKNZc,Elles Moca - IM THE SHIT (Official Music Video),https://www.youtube.com/watch?v=kkuvxbT1Neg,Beach Boii - Talk FR (Official Music Video),https://www.youtube.com/watch?v=yzro9FADVeA
211,Goldmines Bollywood,Film & Animation,India,2015.0,Jul,22.0,UCyoXW-Dse7fURq30EWl_CUA,30439374536,106000000,False,11179,Kajal Aggarwal Maa Ke Saath Dhanush Se Sorry Bolne Aati Hai#Dhanush #KajalAggarwal #RowdyHero #Maari,https://www.youtube.com/watch?v=5DtBN2tkquw,ब्रह्मानंदम गाँव आने के लिए राम पोथीनेनी को फ़ोन करता है,https://www.youtube.com/watch?v=4EuXuS7Nsjk,अल्लू अर्जुन नहीं मिलने दे रहा है वेनेला किशोर को उसकी होने वाली बीवी से,https://www.youtube.com/watch?v=K0DqBJ8p_ug,आधी पिनिसेट्टी इन तीनों से पोस्टमॉर्टम रिपोर्ट के बारे में पूछताछ करता है,https://www.youtube.com/watch?v=NhrxP0HCRVY,ब्रह्मानंदम रवि तेजा और वेनेला किशोर की मौत को कॉल लगा रहा है | साउथ बेस्ट कॉमेडी सीन,https://www.youtube.com/watch?v=SRySOtYHVKw
212,Alan Chikin Chow,Comedy,United States,2020.0,Feb,3.0,UC5gxP-2QqIh_09djvlm9Xcg,55277944436,95500000,False,1431,Girls Are Athletic Too 💪,https://www.youtube.com/watch?v=en9qxSP-2mE,Would You Help This Blind Girl? ❤️,https://www.youtube.com/watch?v=h4kKuM_cQL8,I Fell in Love with a Shy Girl ❤️,https://www.youtube.com/watch?v=JC4s4aNEEgo,I Donated My Brain 🧠❤️,https://www.youtube.com/watch?v=Gk1e4pCIE1M,What Would You Wish For? 🙏,https://www.youtube.com/watch?v=MAxKTdbqjCg
213,PANDA BOI,Entertainment,Italy,2020.0,Dec,5.0,UC0Wju2yvRlfwqraLlz5152Q,26660244712,59000000,False,1190,Guess Haribo Color! 🍬,https://www.youtube.com/watch?v=2-up6ByUYAw,Which ball is the person in? ⚽,https://www.youtube.com/watch?v=DpR-aEJqbtM,Which One You Choose? 🥊,https://www.youtube.com/watch?v=pWq79oOp2zM,Coca Cola Challenge! 🥤🤯,https://www.youtube.com/watch?v=qfF5UJ7Jqqg,Guess The Color ❤️,https://www.youtube.com/watch?v=htJTSPbks14
214,BB Ki Vines,Entertainment,India,2015.0,Jun,20.0,UCqwUrj10mAEsqezcItqvwEw,5217935944,26600000,False,194,BB Ki Vines- | Din Hagna Da |,https://www.youtube.com/watch?v=-6fk3PXpznY,Taaza Khabar | Season 2 | Official Trailer | Hotstar Specials | Sept 27 | BB Ki Vines Productions,https://www.youtube.com/watch?v=yYF6basS7mg,Hotstar Specials Taaza Khabar Season 2 | Coming Soon | @JioHotstar,https://www.youtube.com/watch?v=nLINrlaH-oc,BB Ki Vines- | Ghar Kalesh |,https://www.youtube.com/watch?v=PJ3ZQk_lr9E,BB Ki Vines- | Love Ka Hakkar |,https://www.youtube.com/watch?v=UrIaQbIK2E4
215,D Billions,,United States,2019.0,Jul,27.0,UCi3onjs7UU2Z64i3RrVci-Q,47935965652,35100000,False,1871,Exploring the World! Cha-Cha & Boom-Boom’s Journey in Hong Kong | D Billions Travels',https://www.youtube.com/watch?v=ui7z3hoN9Ds,Monkey’s Banana Adventure | D Billions #shorts #db,https://www.youtube.com/watch?v=Xmnnvu8YDKk,Beep Beep! Who’s in the Car? | D Billions Kids Songs,https://www.youtube.com/watch?v=Zf2UwEuQl3k,"Stop, Look, Go! Traffic Safety Fun! | D Billions #shorts #db",https://www.youtube.com/watch?v=q8_CA60AdKk,"Mommy, Mommy Give Me Yummy with New Heroes | Mega Compilation | D Billions Kids Songs",https://www.youtube.com/watch?v=GhdD74IFHX8
217,Smosh,Comedy,United States,2005.0,Nov,19.0,UCY30JRSgfhYXA6i6xX1erWg,11117617032,26900000,False,2109,What about Machete-arms do you guys not get?!,https://www.youtube.com/watch?v=wmP88qqcmEU,Things that beat a Jet2holiday,https://www.youtube.com/watch?v=GmESSZNBSQw,just gonna leave this here,https://www.youtube.com/watch?v=oBmRg3J3ucM,Designed (by men) for women!,https://www.youtube.com/watch?v=rIzFff7i-MU,Smosh Summer Games: Class of 2005 (OFFICIAL TRAILER),https://www.youtube.com/watch?v=Eatt7iSlUNk
218,1MILLION Dance Studio,Entertainment,Saudi Arabia,2019.0,Jul,13.0,UCw8ZhLPdQ0u_Y-TLKd61hGA,8608459194,26400000,False,8686,@Jo Sooyon Can We Luv Challenge💌 #원밀리언 #캔위러브 #1milliondance #1milliondancestudio #CanWeLuv,https://www.youtube.com/watch?v=0ySaya3XfzM,Can We Luv / Master Class / @YELL,https://www.youtube.com/watch?v=tqiszEiFNmc,⛓️⛓️ #woominjang #choreography #learner #class,https://www.youtube.com/watch?v=yaAqihjv93Q,⚡️⚡️ @iamhandoze #woominjang #learner #class,https://www.youtube.com/watch?v=MKlB6tCuK6s,🍭🍭 #airu #choreography #master #class,https://www.youtube.com/watch?v=b3fvR6VEN20
219,NichLmao,People & Blogs,,2018.0,Sep,25.0,UC6VAIqNQBc7ggiqvsOHOBqw,18898359339,37600000,False,1360,Which Is The Strongest?! 🫣,https://www.youtube.com/watch?v=bt46xEPQUW8,Who gets a KISS?! 😘,https://www.youtube.com/watch?v=9im3T3tm3Wo,Nerd VS World's Strongest Man: BLIND DATING,https://www.youtube.com/watch?v=ypZEqfClh90,Science Experiment GONE WRONG 😅,https://www.youtube.com/watch?v=lLJSBVwaVh4,Brothers FOREVER ❤️,https://www.youtube.com/watch?v=4Ez7OJgl7J4
222,Indosiar,Music,Indonesia,2013.0,Sep,23.0,UCYqOeAXJm8yV9sJ8Ud3cR7A,7624984954,33900000,False,12556,Hasil Akhir Pertandingan - India vs Indonesia | AFC U20 Women’s Asian Cup Qualifiers,https://www.youtube.com/watch?v=YCgt6shOuGs,India vs Indonesia | Line Up & Kick Off AFC U20 Women’s Asian Cup Qualifiers,https://www.youtube.com/watch?v=O23OrLER4jY,Waduh!! Aditya Marah Besar Mengetahui Rencana Rianti Kali Ini | Merangkai Kisah Indah - Episode 24,https://www.youtube.com/watch?v=41uKk-nJLAs,Surprise Bunda Lesti atau Gimmick Peserta?! - Top 25 Group 2,https://www.youtube.com/watch?v=FsaogTiOjPs,Sandra Sandra gak ada kapoknya terus-terusan berbuat jahat ke Kayla #shorts,https://www.youtube.com/watch?v=JbFnRUyi46s
223,VanossGaming,Gaming,Canada,2011.0,Sep,15.0,UCKqH_9mk1waLgBiL2vT5b9g,16555322341,26000000,False,2094,"BO3 Zombies - Gee, I Wonder Why This One Got Reuploaded",https://www.youtube.com/watch?v=ML4UWiF_sUM,Headshot Roulette - Delirious Sucks At The Game He Showed Us! (Funny Moments),https://www.youtube.com/watch?v=RyKsmwk5GwM,Liar's Bar - 13 Reasons Terroriser Won't Upload This!,https://www.youtube.com/watch?v=w7E_J5o7Beg,Cash Grab Refunded - These Developers Were on Bath Salts,https://www.youtube.com/watch?v=aYtZ8ea2aus,"Ready or Not - A Pig, An Owl, and a Woman Make The Worst SWAT Team Ever! (Funny Moments)",https://www.youtube.com/watch?v=nv9mkviYJoA
224,David Guetta,Music,United States,2009.0,Dec,11.0,UC1l7wYrva1qCH-wgqcHaaRg,21718860745,27500000,False,974,David Guetta & Cedric Gervais - A Better World (Kiko Franco Remix) [Visualizer],https://www.youtube.com/watch?v=YEXGVQB8h1U,David Guetta & Cedric Gervais - A Better World (Cedric Gervais & Alexander Orue Remix) [Visualizer],https://www.youtube.com/watch?v=ybcZqv5lgKM,Fatboy Slim & Daniel Steinberg - Bus Stop Please (David Guetta & MORTEN Remix) [Official Video],https://www.youtube.com/watch?v=dKmTCbmIYj0,David Guetta live @ Tomorrowland 2025 | MainStage Closing Set WE1,https://www.youtube.com/watch?v=cus3nFOjXb0,"Afrojack, Martin Garrix, David Guetta, Amél - Our Time (Live Performance)",https://www.youtube.com/watch?v=fkMly0zLffE
225,LosPolinesios,People & Blogs,Mexico,2012.0,Dec,16.0,UCs8qka8tfhdc69wzXYdtZ3A,8501307048,27000000,False,1258,Remodelamos el cuarto de Alquimia👷🏻‍♂️👶🏻,https://www.youtube.com/watch?v=GNHU0HehO5k,REMODELANDO EL CUARTO DE ALQUIMIA | LOS POLINESIOS,https://www.youtube.com/watch?v=_hlg3nTdzsI,Encontramos fantasmas en nuestra casa...👻,https://www.youtube.com/watch?v=_lMPdA2r5l4,CAZANDO FANTASMAS EN CASA | LOS POLINESIOS,https://www.youtube.com/watch?v=2X3MLM56Az4,"Volamos juntos, con 15 fans… y casi no aterrizamos! 🎈😱",https://www.youtube.com/watch?v=StRIUq5MNKg
226,Nicki Minaj,Music,United States,2013.0,Aug,28.0,UC3jOd7GUMhpgJRBhiLzuLsg,12149703957,27700000,False,67,Nicki Minaj - Anaconda (Lyric Video),https://www.youtube.com/watch?v=4bllQDnguPM,"Nicki Minaj - If It's Okay (Visualizer) ft. David Guetta, Davido",https://www.youtube.com/watch?v=p7wJgqeD7wI,Nicki Minaj - Remember Me (Visualizer) ft. Parker Ighile,https://www.youtube.com/watch?v=HGXknm9lZ5Y,Nicki Minaj - Turn Yo Cap Back (Cap Backwards) (Visualizer) ft. Swae Lee,https://www.youtube.com/watch?v=J9WJkjlDeJs,Nicki Minaj - Arctic Tundra (Visualizer) ft. Juice WRLD,https://www.youtube.com/watch?v=OBfCeimLNvQ
227,Fede Vigevani,Howto & Style,,2019.0,Aug,1.0,UCoQm-PeHC-cbJclKJYJ8LzA,21816949539,69000000,False,1562,VIVO EN LA CALLE,https://www.youtube.com/watch?v=ExkC4SbuvKo,MI PRIMER VIVO EN LA CALLE,https://www.youtube.com/watch?v=RyIRi5bIuzU,24 HORAS CON LOS OJOS TAPADOS,https://www.youtube.com/watch?v=MUcI9_i-V-g,24 HORAS EN UN AVIÓN,https://www.youtube.com/watch?v=W_SbqSJVJUY,JUGAMOS AL JUEGO DEL CALAMAR EN ROBLOX CON MIS VECINOS!,https://www.youtube.com/watch?v=5N6IO7e3woI
228,TaylorSwiftVEVO,Music,United States,2009.0,May,12.0,UCANLZYMidaCbLQFWXBC95Jg,30377466674,25300000,False,307,Taylor Swift - Is It Over Now? (Taylor's Version) (From The Vault) (Lyric Video),https://www.youtube.com/watch?v=tNxUxm3-658,Taylor Swift - Now That We Don't Talk (Taylor's Version) (From The Vault) (Lyric Video),https://www.youtube.com/watch?v=yF4ulRTCn44,Taylor Swift - Wildest Dreams (Taylor's Version) (Lyric Video),https://www.youtube.com/watch?v=vtW_4j7SsZk,Taylor Swift - Bad Blood (Taylor's Version) (Lyric Video),https://www.youtube.com/watch?v=lUvBk4owRNU,Taylor Swift - How You Get The Girl (Taylor's Version) (Lyric Video),https://www.youtube.com/watch?v=rnwD7veCoFQ
229,ZHC,Film & Animation,,2006.0,Jan,24.0,UClQubH2NeMmGLTLgNdLBwXg,3867088326,29300000,False,307,I Got Married!,https://www.youtube.com/watch?v=aM0ymcZPjXY,Movie Date With My Wife,https://www.youtube.com/watch?v=7CRj4gozBnI,$500 For Every Digit You Solve,https://www.youtube.com/watch?v=_3zn1FJusCU,Giving 100 iPhones Away,https://www.youtube.com/watch?v=9M3mSlWJEyc,I Surprised NMIXX With a Custom iPad Mural!,https://www.youtube.com/watch?v=soSSyjNtQOg
230,Post Malone,Music,United States,2011.0,Dec,15.0,UCeLHszkByNZtPKcaVXOCOQQ,18840140595,28300000,False,165,Post Malone - Losers ft. Jelly Roll (Live from The BIG ASS Stadium Tour),https://www.youtube.com/watch?v=iBQpzuNvtgM,“Two Hearts” on @LittlestHonkytonkTV,https://www.youtube.com/watch?v=nHL81mE0pc4,"shoutout to all the fathers, mothers, sons & daughters 🤍",https://www.youtube.com/watch?v=xXl6gNCfiq0,love ya buddy @NoahKahan,https://www.youtube.com/watch?v=WlFcOGAwSZA,wow.,https://www.youtube.com/watch?v=5tdZ7dXJ7Oc
231,Rans Entertainment,People & Blogs,Indonesia,2015.0,Dec,27.0,UCvA9_f5Lwk-poMynabtrZPg,7110784164,26500000,False,4757,BLIND TEST MIE AYAM FAVORIT NAGITA DAN CIPUNG!!! BIKIN NGILER!!!,https://www.youtube.com/watch?v=r9-Xswyn-HA,TERSESAT DI DINO LAND,https://www.youtube.com/watch?v=9fdpxb1toSo,"PENTING NGGA PENTING!! UNBOXING MISTERY BOX, AJJA KECEWA, SUS RINI HAPPY??!!",https://www.youtube.com/watch?v=_t_W77k8eVw,"THE DUDA’S -1: NGERASAIN SLOW LIVING DI SLOW CITY, RAFFI MALAH KEPIKIRAN PENSIUN DI SALATIGA??",https://www.youtube.com/watch?v=aavkmcuhauU,MENJELANG RAFATHAR UMUR 10 TAHUN!! MASA KERJA MBA LALA AKAN SEGERA BERAKHIR… RAFATHAR SEDIH….,https://www.youtube.com/watch?v=NT4vQ_0AU9E
232,LankyBox,Comedy,United States,2016.0,Jul,30.0,UCSf0s2ogUVYpJPuzW1zpAOg,39214559338,41800000,False,10194,Can LankyBox Survive 99 NIGHTS In A MINECRAFT Forest...?!,https://www.youtube.com/watch?v=_6_LOSF7V50,We Got Our Own LANKYBOX MOVIE...!?,https://www.youtube.com/watch?v=RYI1cYyHIfQ,We Got MIDNIGHT DETENTION in ROBLOX...!?,https://www.youtube.com/watch?v=vEOdQPMi-44,We Played HIDE AND SEEK In 99 NIGHTS IN THE FOREST ROBLOX...!? (EXTREME CHALLENGE!),https://www.youtube.com/watch?v=NYsasDsCpiY,LankyBox Became LUMBERJACKS in 99 NIGHTS in a Roblox Forest...!?,https://www.youtube.com/watch?v=PMKDIikF_xY
233,Coldplay,Music,United Kingdom,2010.0,Jan,3.0,UCIaFw5VBEK8qaW6nRpx_qnw,3725286924,121000,False,888,WE PRAY (TWICE Version),https://www.youtube.com/watch?v=5Rmyb8GLMaM,Princess of China (Andre Sobota Remix),https://www.youtube.com/watch?v=l8DgA_lIXT8,Midnight (Jon Hopkins Remix),https://www.youtube.com/watch?v=Hei7fbL2b74,Midnight (Phones 4AM Remix),https://www.youtube.com/watch?v=TmmdJTbRMVA,Midnight (Giorgio Moroder Remix),https://www.youtube.com/watch?v=bnWEV5xxSZQ
234,Las Ratitas,People & Blogs,,2019.0,May,31.0,UCUY6t_N9MyEWu6I0ZXkbtKA,10233955293,25700000,False,225,Gisele y Claudia Las Ratitas enseñan buena conducta para jugar el tiempo libre,https://www.youtube.com/watch?v=xkHoQkIDnME,NOS VAMOS DE VACACIONES Las Ratitas,https://www.youtube.com/watch?v=LRp9zDNn3TQ,Mirad chicos como molan las Sky Dancers de Bizak,https://www.youtube.com/watch?v=7mYxKRU0pcI,GISELE Y CLAUDIA LLENAN LA GARRA CON 100 BOLAS Las Ratitas,https://www.youtube.com/watch?v=ceSGzCkFo8Q,La nueva mascota virtual de Gisele y Claudia Las Ratitas,https://www.youtube.com/watch?v=9M5VZZBmWiU
235,WB Kids,People & Blogs,United States,2015.0,Mar,31.0,UC9trsD1jCTXXtN3xIOIU8gg,13925197338,29800000,False,2574,All-Night Jam Session! 🎷 🎶 | #TomAndJerry #Gokko #KidsCartoons | @wbkids,https://www.youtube.com/watch?v=fC-vmw0Bq0g,Building a Bridge for... MAC 'N' CHEESE?! 🧀 | Bugs Bunny Builders |  @wbkids ​,https://www.youtube.com/watch?v=6bs3qXGMPX4,When your friend does a cool trick and you try to copy them | Tom & Jerry | @wbkids​,https://www.youtube.com/watch?v=uS3wfBdIqt0,Coffee Shop Chaos! ☕️ 🍩 | #TomAndJerry #Gokko #KidsCartoons | @wbkids,https://www.youtube.com/watch?v=RfZoxpddpBw,The Cat & Mouse Detectives! 🔎 | Tom & Jerry | @wbkids,https://www.youtube.com/watch?v=fJansWAnuiw
236,ABPLIVE,People & Blogs,,2014.0,Jul,26.0,UCRWFSbif-RFENbBrSiez1DA,22502043610,48800000,False,487045,Uttarkashi Cloudbrust: झील या बादल फटने..धराली में अचानक कैसे आई प्रलय? | Dharali | Uttrakhand,https://www.youtube.com/watch?v=_jrYSAzB08I,Uttarkashi Cloudbrust: धराली के साथ सिस्टम का बड़ा धोखा! | Dharali | Uttrakhand | Flood Update 2025,https://www.youtube.com/watch?v=VIppASL1jo4,Uttarkashi Cloudbrust: 60 सेकेंड में अचानक कैसे आई उत्तरकाशी में प्रलय? | Dharali | Uttrakhand,https://www.youtube.com/watch?v=jPqV_0IycA8,Janhit LIVE: हिमालय के हिलने की हैरान करने वाली रिपोर्ट। Uttarkashi Cloudburst | Chitra Tripathi,https://www.youtube.com/watch?v=5NMF1oOPKCs,Donald Trump's Annoucement on Tariff Live: भारत पर टैरिफ को लेकर ट्रंप का बड़ा एलान | Breaking News,https://www.youtube.com/watch?v=eoNOG_G4Ix8
237,Chris Brown,Music,,,,,UCcYrdFJF7hmPXRNaWdrko4w,19967486588,28800000,False,74,HOLY BLINDFOLD OFFICIAL VIDEO ❤️,https://www.youtube.com/watch?v=5DeYXT5oCAI,"YOU BAD AS HELL, ILL TREAT YOU WELL , I WILL  #itdependschallenge",https://www.youtube.com/watch?v=ZzIgMOtx5yE,#itdepends OUT NOW! Ft @BrysonTiller ❤️❤️❤️❤️❤️,https://www.youtube.com/watch?v=eSvHWTSbU8M,Chris Brown - Holy Blindfold (Official Video),https://www.youtube.com/watch?v=X4g30-XY9Ck,Chris Brown - It Depends (Official Lyric Video) ft. Bryson Tiller,https://www.youtube.com/watch?v=Kjof9tYTqD0
238,The Lallantop,News & Politics,India,2015.0,Mar,23.0,UCx8Z14PpntdaxCt2hakbQLQ,16122320016,34000000,False,71850,"‘बस इस बात की देर…’ China में Modi, Russia में Doval, Trump को इस प्लान की भनक भी नहीं?|Duniyadari",https://www.youtube.com/watch?v=dI8bLoisl5M,‘उनकी बुद्धि गधे जैसी’ Moradabad में Samajwadi Party पर भड़के CM Yogi,https://www.youtube.com/watch?v=SDITFysHmyI,"Uttarkashi Cloudburst: बादल नहीं फटा.. Dharali हादसे की असली वजह, सरकार ने ये बात नहीं मानी? LT Show",https://www.youtube.com/watch?v=tPx9ogFG2ho,"Bihar: जाम में फंसे BJP MLA ने लिफ्ट मांगी, युवक ने Video बनाकर पूछा- 'अभी तक रोड क्यों नहीं बनी'",https://www.youtube.com/watch?v=taI1YhzNowE,"India पर लगाया Additional 25% Tariff, Russia से तेल खरीदने से नाराज़ हैं Donald Trump?",https://www.youtube.com/watch?v=IPaTgcUbMFM
239,RihannaVEVO,Music,United States,2009.0,May,12.0,UC2xskkQVFEpLcGFnNSLQY0A,21566622191,24800000,False,118,Rihanna - Friend Of Mine (from the Smurfs Movie Soundtrack) (Lyric Video),https://www.youtube.com/watch?v=gWmHa5sjtwY,Rihanna - Friend Of Mine (from the Smurfs Movie Soundtrack),https://www.youtube.com/watch?v=_MQnZgH0ZmQ,Rihanna - Born Again,https://www.youtube.com/watch?v=k5E6CExu204,Rihanna - Born Again,https://www.youtube.com/watch?v=3n5tK-OpInk,Rihanna - Lift Me Up (Karaoke Video),https://www.youtube.com/watch?v=EPb4pCckL58
240,WatchMojo.com,Music,Canada,2007.0,Jan,25.0,UCaWd5_7JhbQBe4dknZhsHJg,17595965610,25800000,False,30555,8 Ways Ice Cube's War of the Worlds Gets It Totally Wrong,https://www.youtube.com/watch?v=FiZfRJAMn5A,Top 10 Craziest Stories in History NO ONE Talks About,https://www.youtube.com/watch?v=zWnGwU2qYGI,Top 10 Darkest Things You Didn't Know About the Addams Family,https://www.youtube.com/watch?v=00m3GRy_doE,Liam Neeson & Pamela Anderson Being ADORABLE 💗,https://www.youtube.com/watch?v=ryr705L0JlA,10 Historical Figures With Horrifying Secrets,https://www.youtube.com/watch?v=MkSFyKcZiNA
241,TRANS7 OFFICIAL,Entertainment,Indonesia,2014.0,Sep,4.0,UC24_Z2L-8Ki183AI9zJJzNQ,15723558793,27400000,False,106716,Sabar banget @harrisjofficial ngadepin orang-orang ini 😭🤎#LaporPakTRANS7 Senin-Jumat jam 21.30 WIB,https://www.youtube.com/watch?v=UoJkrCwD_mc,Hayooo kalau kalian tim yang mana ? Saksikan LAPOR PAK! malem ini yah 21.30 WIB,https://www.youtube.com/watch?v=ww6ViGvoRkc,Bertrand Antolin Ungkap Momen Haru Bertemu Ayah Kandungnya | FYP (06/08/25) Part 4,https://www.youtube.com/watch?v=DIgPRCO3Kbc,Belajar Membatik dan Mencoba Eskalator Pertama di Indonesia | FYP (06/08/25) Part 3,https://www.youtube.com/watch?v=RwFGGQ9Yduc,Inyonk Bicara Tentang Kehamilan Istrinya | FYP (06/08/25) Part 2,https://www.youtube.com/watch?v=fSftPorAvaw
242,Anuel AA,Music,Colombia,2016.0,Sep,8.0,UCRI7hheejBbWS6etTNwMT0g,20938510318,28700000,False,182,La última cena esta aquí...,https://www.youtube.com/watch?v=TLyxrs3sAeM,Anuel AA - Little DEMON “La Última Cena”,https://www.youtube.com/watch?v=YixmjHY3anU,#LITTLEDEMON OUT NOW  👹 ¡YA DISPONIBLE! #RHLM #anuelaa,https://www.youtube.com/watch?v=7KNyhxS-sRA,Anuel AA - Little Demon (Video Oficial),https://www.youtube.com/watch?v=Zmd_KO2Lric,!!!!Ese Bugatti no tiene dueño¡¡¡¡ #anuelaa  #bugatti,https://www.youtube.com/watch?v=Lm30qqY3_Nk
243,Dan Rhodes,Entertainment,United Kingdom,2015.0,Oct,30.0,UC6D1L2vxEAg_Vi0JSxMBDgA,19204292191,26700000,False,1694,How I Gained 20 MILLION Subscribers In Just 2 Years,https://www.youtube.com/watch?v=kkIUc5V15q8,Apple Pay,https://www.youtube.com/watch?v=xwWb4vApmFs,Food,https://www.youtube.com/watch?v=wRxamxXXwhc,Cat magic,https://www.youtube.com/watch?v=en0N66AGqGI,Ring,https://www.youtube.com/watch?v=kqRmdGLT1sQ
244,Yuya,Howto & Style,Mexico,2009.0,Sep,20.0,UCBNs31xysxpAGMheg8OrngA,2595051136,24600000,False,672,¡REGRESÉ Y ESTA ES MI NUEVA VIDA! Esto me sucede ahora ❤️-Yuya,https://www.youtube.com/watch?v=wd_MQ3os0M0,¡ASÍ ME ENTERÉ QUE ESTOY EMBARAZADA!  ¿Grabaré su nacimiento? ¡Mucho que contarles! ❤️-Yuya,https://www.youtube.com/watch?v=ldATTcJpIpE,¡ASÍ LE DI LA NOTICIA A MI MEJOR AMIGA! Chisme mientras nos maquillamos. ❤️-Yuya,https://www.youtube.com/watch?v=mgnukCQFqO0,"¡ESTOY EMBARAZADA, VOY A SER MAMÁ! Carta a mi Mar. ❤️-Yuya",https://www.youtube.com/watch?v=AovgaEzowac,¿QUÉ TE HABLE TU EX SÓLO PARA TENER... ?  MI NUEVA VIDA ❤️-Yuya,https://www.youtube.com/watch?v=tOxJupr7zn8
245,America's Got Talent,Entertainment,United States,2006.0,Jun,29.0,UCT2X19JJaJGUN7mrYuImANQ,5302327005,30600000,False,2307,The Judges LOSE CONTROL During Avalon Penrose’s Wild Opera Audition! | AGT 2025,https://www.youtube.com/watch?v=PQbtMHfPm-M,Mel B Calls Alex Blanchard’s Dance “Brilliant” After Jaw-Dropping Audition! | AGT 2025,https://www.youtube.com/watch?v=Zj-c-Fz8TGg,Comedian Julia Hladkowicz Competes Against HER HUSBAND On America's Got Talent! | AGT 2025,https://www.youtube.com/watch?v=c3fznORXx64,Canadian Comedian Matt O’Brien Wins Over The Judges With A Hilarious Story! | AGT 2025,https://www.youtube.com/watch?v=pc_a9biQeWs,😱😱😱,https://www.youtube.com/watch?v=3kKD2S4ZEY8
246,mujjuu___14,People & Blogs,,2020.0,May,18.0,UCbCadjJEFYrvneouYwIkI8w,23,7,False,5,upper wala aisa kisi ke sath na kare #shorts #emotiona #youtubeshorts #short,https://www.youtube.com/watch?v=Bz_7Rha_V4Y,papa me apse bahut pyar karti hu #shorts #emotiona #youtubeshorts #short,https://www.youtube.com/watch?v=Vit8pBvy3Zg,Alshifa ne last me rula diya #emotiona #shorts #emotiona #youtubeshorts #short,https://www.youtube.com/watch?v=TBRL5hc3fOg,Alshifa ne alina ka cake gira diya #shorts #emotiona #youtubeshortsb #short #emotiona,https://www.youtube.com/watch?v=SB5Ku0o_QcY,Alshifa ne last me rula diya #shorts #emotiona #youtubeshorts #short,https://www.youtube.com/watch?v=t9TcwvfJbk8
247,EminemVEVO,Music,United States,2009.0,May,12.0,UC20vb-R_px4CguHzzBPhoyQ,24200673352,24400000,False,105,Eminem - Fuel (feat. JID) [Official Lyric Video],https://www.youtube.com/watch?v=t5H_CewqpKA,Eminem - Temporary (feat. Skylar Grey) [Official Music Video],https://www.youtube.com/watch?v=ZaK9Wi5ho0o,Eminem - Somebody Save Me & Houdini (Live from the MTV VMA’s 2024),https://www.youtube.com/watch?v=OYYPnBboGao,Eminem - Somebody Save Me (feat. Jelly Roll) [Official Music Video],https://www.youtube.com/watch?v=Vwa0HenQMi4,Eminem - Houdini [Official Music Video],https://www.youtube.com/watch?v=22tVWwmTie8
248,Chloe Ting,Howto & Style,Australia,2011.0,Aug,17.0,UCCgLoMYIyP0U56dEhEL1wXQ,3403925144,25900000,False,491,Everyday Stretch & Mobility Routine - 15 Min,https://www.youtube.com/watch?v=oQpUN1bjXaU,30 Min Core & Cardio Pilates Workout - Full Body Tone - No Equipment,https://www.youtube.com/watch?v=gYnUofo4ZOo,20 Min Pilates Booty Workout | Sculpting Pilates - No Equipment No Repeat,https://www.youtube.com/watch?v=usPQUk45Y2Q,Morning Pilates Full Body Workout - 20 Min Low Impact Workout,https://www.youtube.com/watch?v=caGO1JROJqw,Pilates Abs Workout - Tight Core & Waist - 15 min,https://www.youtube.com/watch?v=T4YKn7lubBo
249,KatyPerryVEVO,Music,United States,2009.0,Dec,13.0,UC-8Q-hLdECwQmaWNwXitYDw,25849079214,24300000,False,185,Katy Perry - HAS A HEART (Visualizer),https://www.youtube.com/watch?v=wYacBm5H33I,Katy Perry - NO TEARS FOR NEW YEAR'S (Visualizer),https://www.youtube.com/watch?v=pD_0rDdY91M,Katy Perry - OK (Visualizer),https://www.youtube.com/watch?v=ToehKIx5e78,Katy Perry - I WOKE UP (Visualizer),https://www.youtube.com/watch?v=2t-8YMYZCK4,"Katy Perry, Kim Petras - GORGEOUS (Lyric Video)",https://www.youtube.com/watch?v=nmiX5X7iemA
250,Mark Rober,Science & Technology,United States,2011.0,Oct,20.0,UCY1kMZp36IQSyNx_9h4mpCg,13607305834,70200000,False,222,Can You Safely Drink Your Own Pee?,https://www.youtube.com/watch?v=KRhofr57Na8,How Record Players Actually Work!,https://www.youtube.com/watch?v=1IotjpIZvAg,Show Us Your Best Jugaad! w/@MRINDIANHACKER,https://www.youtube.com/watch?v=v1FNHkt0ISk,4 Levels of Rocket Swings,https://www.youtube.com/watch?v=RkX6iRhYOEM,How To Fool Your Brain!,https://www.youtube.com/watch?v=eW8ZNkuLhZw
252,Like Nastya AE,Entertainment,United States,2018.0,Dec,19.0,UC3I1iohrGzxep0p8r1Osw3w,14200207717,27700000,False,875,ناستيا ويوم الهدايا في أكبر حديقة مائية ومتعة مع بابا,https://www.youtube.com/watch?v=wJ7h0CkTTMg,ناستيا و ماجي نوم ممتعة حفلة بيجاما للأطفال والمزيد قصص مسلية,https://www.youtube.com/watch?v=r5BD7NIeg0c,ناستيا تعلم قواعد السلامة في المسبح مع بابا - تجميع الفيديو,https://www.youtube.com/watch?v=4sUESLUqfsc,ناستيا تساعد أصدقائها على التكيف مع يومهم الأول في مدرسة جديدة,https://www.youtube.com/watch?v=6sWUTftlaBY,ناستيا و تحدي الهروب من متاهة الهامستر,https://www.youtube.com/watch?v=XrEiFlWuFok
253,Amit Bhadana,Entertainment,,2009.0,Dec,31.0,UC_vcKmg67vjMP7ciLnSxSHQ,2836185705,24500000,False,145,Ek teer do nishaane. #AmitBhadana #Shorts #Funny #Comedy,https://www.youtube.com/watch?v=5cNhfmIcDVM,Math mein baat karo tab maanu #AmitBhadana #Shorts #Funny #Comedy #English #Math,https://www.youtube.com/watch?v=z7j0iIyg0YI,Behen meri bholi hai thodi. #AmitBhadana #Funny #Comedy #Brother #Sister #Shorts,https://www.youtube.com/watch?v=fyNyXPVmd2Y,English People #AmitBhadana #Funny #Comedy #English #Shorts,https://www.youtube.com/watch?v=DJwwGt51LAA,Egoistic Chor. #AmitBhadana #Funny #Comedy #Shorts #Chor,https://www.youtube.com/watch?v=Ui9PJgd4uJM
254,Pen Movies,Film & Animation,India,2014.0,Mar,25.0,UC3ar28GS6o1p0m_wabfk2zw,9037680259,29500000,False,1814,Kya Meri Sonam Gupta Bewafa Hai? - Full Hindi Movie | Surbhi Jyoti | Vijay Raaz | Pen Movie 2025,https://www.youtube.com/watch?v=kEPHfJ02dzY,Coolie - Official Hindi Trailer | Superstar Rajinikanth | Sun Pictures | Lokesh | Anirudh,https://www.youtube.com/watch?v=PuzNA314WCI,Powerhouse - Hindi Lyric Video | Coolie The Powerhouse | Rajinikanth | Sun Pictures |Lokesh |Anirudh,https://www.youtube.com/watch?v=WOHsVJTO46I,Chikitu - Hindi Music Video | Coolie The Powerhouse | Rajinikanth | Sun Pictures | Lokesh | Anirudh,https://www.youtube.com/watch?v=PD8unzJ4pcc,Monica - Hindi Song | COOLIE | Superstar Rajinikanth | Sun Pictures | Lokesh | Anirudh | Pooja Hegde,https://www.youtube.com/watch?v=8qUFAiii5m0
256,shfa show India,,United Arab Emirates,2019.0,Apr,1.0,UCNvYCW3cMbkWy2g2v4Wb6xw,23200836552,34100000,False,654,ग़लत जवाब देने पर फूटेगा पानी का गुब्बारा !!  हँसिए 😂 शफ़ा,https://www.youtube.com/watch?v=mC-QlFUVFtM,3 रंगों का स्लाइम चैलेंज ! शफ़ा,https://www.youtube.com/watch?v=1Bv-dJZF3zE,सोसो ने किया शफ़ा और बाकी सबकी नाक में दम,https://www.youtube.com/watch?v=EJ4zxtFseR4,वो लड़की अपनी बहन की नहीं सुनती हैं,https://www.youtube.com/watch?v=XXKMbIVilWw,ट्विन्स चैलेंज !! एक दूसरे की पसंदीदा चीज़ बतानी हैं ! सही अनुमान न लगाने पर सज़ा !,https://www.youtube.com/watch?v=wZP6z3fcXTE
257,Super JoJo - Nursery Rhymes & Kids Songs,,United States,2019.0,May,31.0,UCF09N1SKP2Y57ny-y-CuKsQ,210847,1990,False,74,Zoo Animals,https://www.youtube.com/watch?v=E5dc_zCLibA,Numbers Song,https://www.youtube.com/watch?v=P4QYu-X-Df4,Little Cleaners,https://www.youtube.com/watch?v=Wrv9gD6sW3c,Let us Play on the Swing,https://www.youtube.com/watch?v=2SrYOdtt6SU,Look for the Tail,https://www.youtube.com/watch?v=9kJMDUJNI94
258,Alejo Igoa,Comedy,Argentina,2014.0,Jan,17.0,UCZs0WwC0Dn_noiQE2BHSTKg,26506742373,85200000,False,1233,¿que lado eliges? 😭☠️,https://www.youtube.com/watch?v=DdOpqCcDkSc,¿podrás adivinar cuál es el mono falso? 🦧🐵☠️,https://www.youtube.com/watch?v=AF7Jc6wRxxk,24 HORAS EN BUNKER GIGANTE HECHO DE MANTAS !!,https://www.youtube.com/watch?v=2o2iI_bjbrY,¿podrás adivinar que pelota es pastel? ⚽️🎂,https://www.youtube.com/watch?v=a0yfrqn62vo,¿puedes adivinar el orden de los colores? 🥚☠️,https://www.youtube.com/watch?v=OzcUfP-ltKs
259,Daniel LaBelle,Comedy,,2009.0,Mar,11.0,UCb8vrqP8Z7Oz9ZTYvUtjUHQ,22665952163,35400000,False,400,The world's fastest photo shoot.,https://www.youtube.com/watch?v=X0YeM8Tmew8,I got robbed | The Bad Guys 2 #thebadguys2,https://www.youtube.com/watch?v=eDpIuo3d6fU,How animals greet each other.,https://www.youtube.com/watch?v=3AyywPdkbPQ,Moves you can use with your siblings to make your life at home more efficient. Part 7,https://www.youtube.com/watch?v=O-6N62HPGCY,Monkey in the Middle,https://www.youtube.com/watch?v=qxQ1Nr2Ptso
260,netd mï¿½ï¿,Music,Turkey,2014.0,Jan,23.0,UCR5wZcXtOUka8jTA57flzMg,52069570996,26800000,False,20579,Emircan Günofan - Bağlansın Yolların,https://www.youtube.com/watch?v=EJAFeuFvkk0,Tolga Diril - Yalan Dolan Olmuş Aşklar,https://www.youtube.com/watch?v=jrqBWQri3vs,Salih Kaptan - Çat Kapı,https://www.youtube.com/watch?v=FVsruHTFnk0,Furkan Yakaryılmaz - Bilmem,https://www.youtube.com/watch?v=jP9z3hYBYsI,Bingül - Sevme Sen Beni,https://www.youtube.com/watch?v=aXHy0Kwampg
261,DJ Snake,Music,United States,2008.0,Sep,24.0,UC_x8HoD18XJkILQBreVENUQ,9961256698,24800000,False,346,NOVENTA CHALLENGE 😎,https://www.youtube.com/watch?v=qtHDtSVeToM,NOVENTA 😁 @jbalvin #noventa,https://www.youtube.com/watch?v=XJ1L4SgMe44,SUMMER 25 ANTHEM 🏁 @jbalvin #noventa,https://www.youtube.com/watch?v=OejtsTTvFTU,SUMMER JUST GOT A LITTLE HOTTER 🔥 MERCI NÎMES 🤍,https://www.youtube.com/watch?v=f1NPSaks3Vs,NOVENTA x SQUID GAME 🦑⭕️ @jbalvin @Netflix #NOVENTA,https://www.youtube.com/watch?v=OgrY0Zda9VU
262,Diana and Roma ARA,,United States,2019.0,Feb,1.0,UCtm3DGXkWqAUQZMHl97SVxA,14091392167,30300000,False,792,قواعد السلامة في السكك الحديدية للأطفال,https://www.youtube.com/watch?v=By05ugLLYAA,رحلة عائلية إلى كيدزانيا دبي: تجربة المهن للأطفال,https://www.youtube.com/watch?v=O1eNyG3bdSg,تحدي الكلب الحقيقي ضد الكلب الآالي / الروبوتي!,https://www.youtube.com/watch?v=CMxhktvsclE,روما وأصدقاؤه يسافرون في منزل متنقل + المزيد من مقاطع الفيديو المميزة,https://www.youtube.com/watch?v=A2AurUSluMs,مغامرة استحمام الحلوى السحرية,https://www.youtube.com/watch?v=08wGUWcz8eg
263,KSI,Entertainment,United Kingdom,2009.0,Jul,25.0,UCGmnsW623G1r-Chmo5RB4Yw,4526053591,16600000,False,1443,TRY NOT TO LAUGH WITH JIDION,https://www.youtube.com/watch?v=LgQy4-7_jXk,Which Fighter Hits The Hardest?,https://www.youtube.com/watch?v=YPMRpDl25IE,"Last Person to Get Knocked Out by a Pro Boxer Wins $20,000",https://www.youtube.com/watch?v=zW__DisW7DA,i got arrested...,https://www.youtube.com/watch?v=jlezEX9gF1g,Meeting Mini KSI,https://www.youtube.com/watch?v=uPa9ku_mumo
264,Spider Slack,Comedy,Brazil,2020.0,May,18.0,UCtiddfzHXNevG-yYe5vc_4Q,22895765281,38300000,False,1496,Vídeos Que não deram certo (com o Venum ) #100,https://www.youtube.com/watch?v=FSnep18R5zM,Super foguete caseiro,https://www.youtube.com/watch?v=wyuN_x8xoqs,aluminio derretido VS orbs,https://www.youtube.com/watch?v=QNQWgBv8S60,Tintas VS objetos,https://www.youtube.com/watch?v=IJUZvU6ahkI,Qi10000000,https://www.youtube.com/watch?v=6n8vHvsUbLU
265,Goldmines Movies,Film & Animation,,2018.0,Apr,30.0,UCyoXW-Dse7fURq30EWl_CUA,30439374536,106000000,False,11179,Kajal Aggarwal Maa Ke Saath Dhanush Se Sorry Bolne Aati Hai#Dhanush #KajalAggarwal #RowdyHero #Maari,https://www.youtube.com/watch?v=5DtBN2tkquw,ब्रह्मानंदम गाँव आने के लिए राम पोथीनेनी को फ़ोन करता है,https://www.youtube.com/watch?v=4EuXuS7Nsjk,अल्लू अर्जुन नहीं मिलने दे रहा है वेनेला किशोर को उसकी होने वाली बीवी से,https://www.youtube.com/watch?v=K0DqBJ8p_ug,आधी पिनिसेट्टी इन तीनों से पोस्टमॉर्टम रिपोर्ट के बारे में पूछताछ करता है,https://www.youtube.com/watch?v=NhrxP0HCRVY,ब्रह्मानंदम रवि तेजा और वेनेला किशोर की मौत को कॉल लगा रहा है | साउथ बेस्ट कॉमेडी सीन,https://www.youtube.com/watch?v=SRySOtYHVKw
266,Preston,Gaming,United States,2012.0,Jul,4.0,UC70Dib4MvFfT1tU6MqeyHpQ,12426905251,31300000,False,4238,IMPOSSIBLE Pickleball Shot! 🥒🏓,https://www.youtube.com/watch?v=qieWZ33VMTY,I Survived Squid Game Hide & Seek!,https://www.youtube.com/watch?v=aASlTKFChRY,Level 1 to 1000 SLAP! ✋💥,https://www.youtube.com/watch?v=5tg1nkBORH8,How Strong is Flex Tape? 💪,https://www.youtube.com/watch?v=AlUjRJgMjUI,Which Shoes Will Protect Your Feet? 👟🔥,https://www.youtube.com/watch?v=GQF-1J70oK0
267,James Charles,Entertainment,United States,2015.0,Dec,1.0,UCucot-Zp428OwkyRm2I7v2Q,4647023019,24000000,False,657,TAKE HER SWIMMING ON THE FIRST DATE? NO PROBLEM 🤭💦,https://www.youtube.com/watch?v=K0Lh36cDNZw,TRYING VIRAL SNACK FOODS FROM TIKTOK SHOP!,https://www.youtube.com/watch?v=05hRdBxjZJo,DOES WATERPROOF MAKEUP ACTUALLY WORK? 💦,https://www.youtube.com/watch?v=NjBRAe-N5qk,EVERYTHING I ATE AT EPIC UNIVERSE!,https://www.youtube.com/watch?v=5_UBzqTZJTQ,I TRIED EVERY FOOD AT DISNEYWORLD!,https://www.youtube.com/watch?v=fazqx16pQjg
268,Collins Key,Entertainment,United States,2011.0,Aug,9.0,UC7TTtOQKMXTWWMtWQMIgVSA,6993506163,23900000,False,259,new aura farming method unlocked,https://www.youtube.com/watch?v=5bAE3D70ang,100 Minions Sabotage My Brothers Date,https://www.youtube.com/watch?v=Rvcy8qKTucc,This took SIX. HOURS. 🥲 #shorts,https://www.youtube.com/watch?v=8h5SsSmfux0,He broke the bed 😂 #shorts,https://www.youtube.com/watch?v=N_kFhzJC7LM,I Got Sucker Punched 🥊 #shorts,https://www.youtube.com/watch?v=95ohDxCVgZM
269,Diana and Roma EN,People & Blogs,United States,2011.0,Dec,22.0,UCl_P0sCqxOdQpMwuajdXkRg,10459627562,29300000,False,710,New Girl at School & Fun School Stories for Kids,https://www.youtube.com/watch?v=tYQmFeFrcFI,House on Wheels: Helping Adventure,https://www.youtube.com/watch?v=qi2hD4Fbuj8,Oliver's BIG Car Wash Adventure with a New Worker,https://www.youtube.com/watch?v=QP26Sjp-_9k,Good Manners & Rules of Conduct in the Cinema,https://www.youtube.com/watch?v=OQOQyq9rCUQ,Oliver and CARDBOARD Escape Adventures for Kids,https://www.youtube.com/watch?v=h7JCvTrO7tk
270,Venus Entertainment,Entertainment,,2016.0,May,17.0,UClJvdMCDAhXBEJdUbconLIg,217435,1900,False,1711,Good Morning Venus With Sabi || Host Sabi Arsh || Venus Entertainmnet || 6-08-2025,https://www.youtube.com/watch?v=9OOQ_HN6yvk,Good Morning Venus With Sabi || Host Sabi Arsh || Venus Entertainmnet || 5-08-2025,https://www.youtube.com/watch?v=uDcRYbQwl4M,Good Morning Venus With Sabi || Host Sabi Arsh || Venus Entertainmnet || 4-08-2025,https://www.youtube.com/watch?v=0J4E1TEDBWU,Subha Savera With Venus With Sajid Hussain & Faiza kamran || Venus Entertainmnet || 03-8-2025,https://www.youtube.com/watch?v=1UQzvDFRcpI,Subha Savera With Venus With Sajid Hussain & Faiza kamran || Venus Entertainmnet || 02-8-2025,https://www.youtube.com/watch?v=pbxkmuPzMpA
271,Troom Troom,Howto & Style,United States,2015.0,Sep,12.0,UCWwqHwqLSrdWMgp5DZG5Dzg,10487792078,23900000,False,2996,Quadruplets Went To Girly Sleepover!,https://www.youtube.com/watch?v=oBAcl240unU,Italian Brainrot Play Squid Game Camouflage: Extreme Hide And Seek Challenge In Giant Boxes!,https://www.youtube.com/watch?v=5z4r1MzSQQs,How To Escape From The Squid Game Doll’s Prison?! Ballerina Cappuccina & Tun Tun Sahur vs Chul-su!,https://www.youtube.com/watch?v=BgPrWUqXsH0,Giant Squid Game Doll vs Superheroes vs Sonic in Real Life! Extreme Makeover Challenge!,https://www.youtube.com/watch?v=FUfEtO7CqjM,"Tung Tung Tung Sahur, Tralalero Tralala & Ballerina Cappuccinain Real Life!We Build A Secret Room!",https://www.youtube.com/watch?v=gbuhLF60_Vs
272,Enrique Iglesias,Music,United States,2007.0,Apr,12.0,UC-6czyMkxDi8E8akPl0c7_w,21006038682,25500000,False,549,La Botella (Remix - Official Video),https://www.youtube.com/watch?v=plsXYJWRz_M,Original version of Space In My Heart 🫶Listen: https://EnriqueIglesias.lnk.to/SpaceInMyHeart,https://www.youtube.com/watch?v=Q7eNBmoXeo4,Enrique Iglesias - Space In My Heart (Original Version),https://www.youtube.com/watch?v=R5DaIuyaxSo,India!!! 🇮🇳 See you on 30 October! www.district.in,https://www.youtube.com/watch?v=AgtpbSKQtAQ,what’s next?,https://www.youtube.com/watch?v=DEeZpPnrlU8
273,Ninja,Gaming,United States,2011.0,Nov,11.0,UCAW-NpUFkMyCNrvRSSGIvDQ,2754441134,23700000,False,2346,Ninja Reacts to NEWEST Fortnite SEASON 4 TRAILER,https://www.youtube.com/watch?v=TzDHyzdfolM,🔴 Ninja Take Over Fortnite Blitz Royale + Marvel Rivals,https://www.youtube.com/watch?v=EW2I8ieN4Hg,New * MYTHIC WEAPONS * UPDATE in Ninja Blitz Royale Event!,https://www.youtube.com/watch?v=iaf04Mvpo5Q,Ninja Reacts to NEW Fortnite SEASON 4 Trailer,https://www.youtube.com/watch?v=Wc55nTvnd88,It's been 245 days...,https://www.youtube.com/watch?v=ZIOrbeG7sog
274,FaZe Rug,Gaming,Canada,2012.0,Nov,30.0,UCilwZiBBfI9X6yiZRzWty8Q,9999603232,28100000,False,2470,I Tried Every Knock Off Snack,https://www.youtube.com/watch?v=ZHHtgsdRl7s,Don't Jump in the WRONG Mystery Pool,https://www.youtube.com/watch?v=Twts-YYVutU,$10 VS $700 RC Tug of War! 🏁,https://www.youtube.com/watch?v=RdmzSoLgTd8,I Tried Every Fast Food Restaurants Most Expensive Item,https://www.youtube.com/watch?v=Kko4bSYJQ5o,"If I Make This, You SUBSCRIBE 🤯",https://www.youtube.com/watch?v=9acPMeGIG3o
275,Mister Max,People & Blogs,United Kingdom,2014.0,Sep,22.0,UC_8PAD0Qmi6_gpe77S1Atgg,16556886584,25100000,False,1208,Что в наших чемоданах,https://www.youtube.com/watch?v=rfI0D3b6YXQ,Лабубу have a seat и Back to school,https://www.youtube.com/watch?v=eRdEsNP9bU0,Пробуем все фастфуд десерты,https://www.youtube.com/watch?v=cblE8Al5mmQ,Слепой немой и глухой,https://www.youtube.com/watch?v=1gRLZ1LETtY,Одни дома / Родители,https://www.youtube.com/watch?v=9YGeHZSAnFg
276,That Little Puff,Pets & Animals,United States,2020.0,Aug,29.0,UClFN9LShD_Pv0wnSeUKbUZw,32411186167,36900000,False,1132,Do you miss Puff’s cooking? #thatlittlepuff #cookingcat,https://www.youtube.com/watch?v=9etgMZdmhO8,Top 50 Most Viewed Videos in H1 2025🎉| That Little Puff,https://www.youtube.com/watch?v=3n7Z9uvwnn4,Jet2 holiday #thatlittlepuff #jet2,https://www.youtube.com/watch?v=JKTVczehbFA,@HunterRoulette-pili Who's joining me in this crazy game? #hunterroulette #hunterroulette,https://www.youtube.com/watch?v=1B1W8rUCZDw,🤣Hilarious Chaos Collection! | That Little Puff,https://www.youtube.com/watch?v=QEWCK4Bj9Fc
277,NickyJamTV,Music,,2012.0,Jan,10.0,UCpb_iJuhFe8V6rQdbNqfAlQ,17212623457,24500000,False,578,Mi gente 😎 #1 en 🇨🇴🇪🇸 ¡Agrega HIEKKA a tu playlist 🎧!,https://www.youtube.com/watch?v=F0ZcWUYgnmg,Muchas gracias Europa. ¡La pasé cabrón con ustedes!🔥 N.I.C.K. 😎,https://www.youtube.com/watch?v=ueg6oCT-6Z8,"Cántenla conmigo… 🎶Ya yo me cansé, no quiero ser tu amante! 😎 N-I-C-K 😎 #ElAmanate #NickyJam",https://www.youtube.com/watch?v=puW0aUhf15Q,Dímelo CHENCHO 😎 N-I-C-K 😎 #DileAEl #remix #live,https://www.youtube.com/watch?v=QD6gXmRYtbU,Manifestando la canción del VERANO 😎🔥 Agrega HIEKKA a tu Playlist 📲 #NickyJam #beele,https://www.youtube.com/watch?v=vFBCCa8m0zw
278,Juan De Dios Pantoja,Entertainment,Mexico,2014.0,Jun,9.0,UCzoUWqjCbcfWFdOMvoep8FA,7989808998,52300000,False,475,KIMA & JUANITO REACCIONANDO a mi CANCION con DANI FLOW,https://www.youtube.com/watch?v=dpu2gFcqAVk,VIAJANDO SOLO de COLOR AMARILLO en TREN,https://www.youtube.com/watch?v=W91CXLxz-iY,Globo gigante 😱,https://www.youtube.com/watch?v=5ZcoNinuHpE,JD VS Chocolates de Mr Beast,https://www.youtube.com/watch?v=BXT_Oog4Wxg,JUANITO se CONVIRTIÓ en una GARRA HUMANA,https://www.youtube.com/watch?v=ScobXZbkQCs
279,Logan Paul,Entertainment,United States,2015.0,Aug,29.0,UCG8rbF3g2AMX70yOd8vqIZg,6083801846,23600000,False,751,"My Jet Lost Power At 42,000 Feet",https://www.youtube.com/watch?v=z7TyTcRHeE8,I Partied With Two Billionaires,https://www.youtube.com/watch?v=7Bgn8wlr9FQ,I Got Punched In The Face **Not Clickbait**,https://www.youtube.com/watch?v=V_LnyHP05F0,Logan & Jake Paul Answer the Web’s Most Asked Questions,https://www.youtube.com/watch?v=KKySmSL70Mg,The Man Who Really Started PRIME,https://www.youtube.com/watch?v=cEmijdTmpHc
280,Maya and Mary,Entertainment,United States,2013.0,Aug,30.0,UC50vBAtklUoJF1Wx5q0pmuw,7724390373,26700000,False,643,Sand Store Festival: Friends Teamwork Adventure!,https://www.youtube.com/watch?v=CZo-CFwi1sU,Three mermaids and more Funny pool stories for kids,https://www.youtube.com/watch?v=YNv52yZv4zI,Catch a bug at home and other insect adventures for kids,https://www.youtube.com/watch?v=wNMFvP0q3NQ,Magical stories for children with Maya,https://www.youtube.com/watch?v=6iC77FoZT14,Lego colored baby cribs - Funny Story for Kids,https://www.youtube.com/watch?v=CjzWixdkRtM
281,Peppa Pig Espaï¿½ï¿½ï¿½ï¿½ï¿½ï¿½ï¿½ï¿½ï¿½,Film & Animation,United Kingdom,2014.0,Jul,28.0,UCAOtE1V7Ots4DjM8JLlrYgg,31071556599,41200000,False,8522,RAINSTORM on the Beach ☔️ Peppa and George Get Soaked! 🏝️ Peppa Pig Full Episodes | 20 Mins,https://www.youtube.com/watch?v=sPXweO6TmgU,🔴 Peppa Pig SEASON 2 LIVE! 🎬  FULL EPISODES 🍿 Adventures with Peppa 🌟 Kids Cartoons 🔴,https://www.youtube.com/watch?v=ykVydyLloUQ,Peppa Pig BABY Episodes LIVE 🍼 The Cutest Babies in Peppa Pig! 🥹 Watch EVIE Now! 💛 Kids Cartoons,https://www.youtube.com/watch?v=Q_tzBMcz8P4,The Naughty Ducks! #shorts #peppapig,https://www.youtube.com/watch?v=KrMHgPLRy4M,Secret JELLY Dragon Rescue 🐉 SPY Mission 👀 Peppa Pig Full Episodes | 20 Minutes,https://www.youtube.com/watch?v=bvhebex5YKQ
282,Jelly,Gaming,United Kingdom,2014.0,May,27.0,UC0DZmkupLYwc0yDsfocLh0A,15282766869,23500000,False,6760,I Opened An ILLEGAL HELICOPTER TOUR BUSINESS In GTA 5!,https://www.youtube.com/watch?v=cDk8eibprCs,I Opened An ILLEGAL CAR WASH In GTA 5!,https://www.youtube.com/watch?v=OyEGt5RsD2Q,Roblox has gone into a FOLD FRENZY! 🚀 @samsunguk #GalaxyAI #AnimeLastStand #ad,https://www.youtube.com/watch?v=nW0EFCujYtI,TRAILMAKERS Noob VS. PRO (Creator Showdown),https://www.youtube.com/watch?v=0u_jrcljEE4,I Watched My TV Show for the First Time…,https://www.youtube.com/watch?v=8WkNhBdX-F8
283,Miss Katy,People & Blogs,United Kingdom,2014.0,Nov,17.0,UCcartHVtvAUzfajflyeT_Gg,16388976868,25500000,False,1156,Катя готовит еду из фастфуд ресторанов,https://www.youtube.com/watch?v=8bk2BzKBL9c,Что я наделала!?,https://www.youtube.com/watch?v=IZvU4UT4DpU,Домик для Лабубу Big in to Energy и Таба squishy,https://www.youtube.com/watch?v=BZk5RHwqilU,Что в моем рюкзаке,https://www.youtube.com/watch?v=2PrpEJ7xESs,Мои новые Labubu и одежда для них,https://www.youtube.com/watch?v=6iAu4aKRCCo
284,Tilak,Film & Animation,India,2020.0,Oct,10.0,UCFMFB7_Ik8jBnCwSuh295wA,15334669896,38100000,False,12901,"Star Bharat पर 'तिलक' की नई पौराणिक प्रस्तुति — कामधेनु गौमाता, 11 अगस्त से हर सोमवार से शुक्रवार",https://www.youtube.com/watch?v=eAfq7ACG_Po,सुभद्रा ने अर्जुन के साथ विवाह करने की हाभी भरी | श्री कृष्ण | दिव्य कथाएँ,https://www.youtube.com/watch?v=7d5qQ4TcnJU,राजा होने का अर्थ है संन्यासी हो जाना | श्री राम | Uttar Ramayan Vachan,https://www.youtube.com/watch?v=NvqhTUuFweM,Ramayan Dialogue Status | रामायण डायलॉग | सीते यह तुम्हारी सास की समान है,https://www.youtube.com/watch?v=rrTvDRT5qkc,भगवान शिव ने शुक्राचार्य को भगवान विष्णु की शक्तियों का परिचय कराया | जय गंगा मैया | श्वावण विशेष,https://www.youtube.com/watch?v=pJnLCQziFm4
285,Valentina Pontes ofc,Film & Animation,Brazil,2014.0,Apr,14.0,UC0ebPa2q1rwZVN7dYemunUQ,11837154032,28300000,False,3861,Valentina Humana Otra Vez  ¡Magia con Lucas Neto!,https://www.youtube.com/watch?v=6HhO_8asym0,TENTE achar Piero Start - DESAFIO,https://www.youtube.com/watch?v=3j5cKYbiRlg,Valentina y Jesús  ¡Juegos y Travesuras en la Piscina!,https://www.youtube.com/watch?v=gZqXRRSj2HM,Find Mermaid Adri From the - CHANNEL TNT Family,https://www.youtube.com/watch?v=Mg4aBKdjuGo,Valentina  Rescate Épico Tras Un Accidente Inesperado,https://www.youtube.com/watch?v=eXpepSwWeV8
286,Sesame Street,Entertainment,United States,2006.0,Jan,16.0,UCoookXUzPciGrEZEXmh4Jjg,27787560607,27600000,False,3947,Mecha Builders Roller Coaster! #sesamestreet,https://www.youtube.com/watch?v=E2Ed7Ug9IPk,Elmo's Morning Questions #sesamestreet,https://www.youtube.com/watch?v=VIwujJs4nxE,"Songs with Elmo, Ms. Rachel, Blippi, Baby Shark & MORE! 🥳🎵| 2 HOUR Sesame Street Compilation",https://www.youtube.com/watch?v=s1ueG0cUK78,Elmo's Big Day! #sesamestreet,https://www.youtube.com/watch?v=G4lI4qXOF4E,Elmo's World Summer of Fun! ☀️😎 | 2 HOUR Sesame Street Compilation,https://www.youtube.com/watch?v=xCKkO2nFG2g
287,Happy Lives,Science & Technology,United States,2016.0,Mar,15.0,UCEUYW6zm6KnUxPcwY1D8HsQ,41501563,143000,False,297,The Girls Surf Hawaii (July 2025) Vol. 3    8K HDR,https://www.youtube.com/watch?v=D9nsexjhlkA,Ani Surfs Waikiki (Summer of 2024) #hawaii #surfergirl,https://www.youtube.com/watch?v=n-cZ51P9d1U,Guy scores Beautiful Pipe w/ no crowd #pipeline #banzaipipeline2025,https://www.youtube.com/watch?v=jfhIv6yGAAY,"Sally Cohen Surfs Bowls (July 16, 2025) #hawaii #surf #surfgirl",https://www.youtube.com/watch?v=06ZMXV33LHI,Tia Ngum gets ready to surfs bowls #hawaii #surfing,https://www.youtube.com/watch?v=SmHeq1hrffc
288,Lady Gaga,People & Blogs,United States,2008.0,May,15.0,UCNL1ZadSjHpjm4q9j2sVtOA,22039740703,29100000,False,233,VIVA LA MAYHEM! 🖤,https://www.youtube.com/watch?v=sgFEFI1fZPQ,Now back to rehearsal 🖤,https://www.youtube.com/watch?v=h4-3ZywaGDI,“Perfect Celebrity” on ​⁠@howardstern,https://www.youtube.com/watch?v=JDegMvWSZ3E,“Abracadabra” on ​⁠@howardstern,https://www.youtube.com/watch?v=Q6EeToQCAy8,Lady Gaga: The MAYHEM Ball (Official Tour Trailer),https://www.youtube.com/watch?v=8qyCFQbranE
289,Akshay Nagwadiya,Entertainment,,2017.0,Oct,25.0,UCz7PhJtc2G8Sre2vCLfmqAw,14389038956,44000000,False,1310,Kon kon like karega 🥲|| Akshay Nagwadiya || #shorts #akshaynagwadiya #comedy #comedy,https://www.youtube.com/watch?v=7pKmSqInQ9w,Vho muje mar dalegi👺🥹|| Akshay Nagwadiya || #shorts #akshaynagwadiya #horrorfilm #horrorghost,https://www.youtube.com/watch?v=obS1szSh3XY,Phone bhoot👺|| Akshay Nagwadiya || #shorts #akshaynagwadiya #horror #ghost #horrorfilm #chudel,https://www.youtube.com/watch?v=0VRSMpb8jEM,Bhai bhai sad story 🥹|| Akshay Nagwadiya || #shorts #akshaynagwadiya #bhai #bhen #emotional,https://www.youtube.com/watch?v=D9xYgBdvEjo,Bhai bhen🙁 || Akshay Nagwadiya || #shorts #akshaynagwadiya #Bhaibehen #SiblingGoals #SiblingComedy,https://www.youtube.com/watch?v=JHk7CILbaLo
290,Wave Music Bhojpuri,Music,India,2014.0,Aug,10.0,UCYLlkv4hivYJlOk6Lo-RHNQ,15265329179,26300000,False,24714,"#Video | पवन सिंह, खेसारी लाल, प्रमोद प्रेमी, गुंजन सिंह, समर सिंह | New #Bhojpuri Songs | Jukebox",https://www.youtube.com/watch?v=Br3YU8e6t9g,#Video | काहे देलs बिसराई | #Nisha Upadhaya | शिव भजन | Kahe Dela Bisrai | New Kanwar Geet 2025,https://www.youtube.com/watch?v=Tws9QZw8ux8,#Video | हम रखले बानी ऑपरेटर जरनेटर चलावतानी | Chandan Chanchal | New Bhojpuri Song 2024,https://www.youtube.com/watch?v=7d6LNYuu2RI,4K Lyrical Video | Rowa Jani Yaar | Golu Raja | Bhojpuri Sad Song | ‪@WaveMusicIndia‬,https://www.youtube.com/watch?v=-erhpZ8gVwo,4K Lyrical Video | Phool Belpata | Khesari Lal Yadav | Ft. Nitu Yadav | Hit Bolbam Song,https://www.youtube.com/watch?v=0gx6KE8g0vw
291,GMM GRAMMY OFFICIAL,Music,Thailand,2010.0,Nov,8.0,UCG9gfnA5UDoLvz-tC9B-HKw,29939778915,25500000,False,18753,รวมพลหนุ่มตี๋ดีต่อใจ♥️ ในรายการ CarOke #JungxNont #GMMMusic,https://www.youtube.com/watch?v=rnjwShkrHas,พี่คะ 🥲 #ไม่ไหวบอกไหว #BOYPEACEMAKER #GMMMusic,https://www.youtube.com/watch?v=hWtmuf2AQac,รวมฮิต เพลงปังดังทุกเพลงฟังแล้วร้องตามได้ VOl.1 l #gmmmusic #เพลงฮิตtiktok  #เทรนด์วันนี้ [Longplay],https://www.youtube.com/watch?v=NxY2c07IuW0,Oh it’s you  - BIRD x BILLKIN  [Official Teaser],https://www.youtube.com/watch?v=yWmpknPjElQ,"""วัดใจ"" เวอร์ชันนี้ ฟินหูคนฟัง 🙌🏻 #โจอี้ภูวศิษฐ์ #JoeyPhuwasit#GMMMusic",https://www.youtube.com/watch?v=rQXMM4cBn1I
292,TED,People & Blogs,United States,2006.0,Dec,6.0,UCAuUUnT6oDeKwE6v1NGQxug,2925497540,26400000,False,5208,Turns out controlling AI is… complicated #TEDTalks,https://www.youtube.com/watch?v=_8BKbEbwCLE,How to Nurture Long-Distance Friendships (W/ Aminatou Sow) | How to Be a Better Human | TED,https://www.youtube.com/watch?v=ZdhSeoqPJ1g,How to Get People to Do What You Want | Barry Sonnenfeld | TED,https://www.youtube.com/watch?v=OrNqEcNkoF0,The kids' show that has EVERYONE in their feels. #TEDTalks,https://www.youtube.com/watch?v=AJCRcBx3Xpk,How to Build the 3D World of Your Dreams with a Text Prompt | Kiran Bhat | TED,https://www.youtube.com/watch?v=-OAP0ho5AUg
293,unknown boy varun,Music,India,2016.0,Sep,27.0,UC4DLvb5xZ9OLcVM1KC_R97g,17333839834,39500000,False,989,Beti ki chalaki🥰❤️🫶🏻 #unknownboyvarun #shorts,https://www.youtube.com/watch?v=4IvwIJgYCrY,Behen ki smartwatch😂🥰❤️ #unknownboyvarun #shorts,https://www.youtube.com/watch?v=CQAcYwStNqI,Papa kidnap hogaye😅🥰❤️ #trendingshorts #unknownboyvarun #shorts,https://www.youtube.com/watch?v=Strvm3PoBXw,Beti toh chor nikli😂🫶🏻❤️ #trendingshorts #unknownboyvarun #shorts,https://www.youtube.com/watch?v=-9qOshkARKQ,Beti ki karate class😂❤️🫶🏻 #unknownboyvarun #shorts,https://www.youtube.com/watch?v=LdxGi3Q1SFY
294,Kids TV - Nursery Rhymes And Baby Songs,Shows,United States,2013.0,Aug,30.0,UC7Pq3Ko42YpkCB_Q4E981jw,15796044333,30900000,False,4469,Pillow - Fun Addventure #shorts #explore #cartoon #forkids #trending,https://www.youtube.com/watch?v=MstDCeu1yxM,Sleepover Cartoon Show and More Funny Videos for Kids,https://www.youtube.com/watch?v=MKxeMiSv2tw,Five Little Babies #shorts #explore #cartoon #rhymes #train #babies,https://www.youtube.com/watch?v=6xccYhT7cT8,Wallnut - Fun Adventure & Funny Cartoon Show for Kids,https://www.youtube.com/watch?v=UZo2O0gsdOc,Baa Baa Black Sheep #nurseryrhymes #babysong #ytshorts #shorts #viral #popular #trending #kidsmusic,https://www.youtube.com/watch?v=xBBLcX1A16A
295,Tsuriki Show,Entertainment,Germany,2019.0,Jul,10.0,UCfjcUcU1UduqnHDef2slcnA,2,0,False,2,MASSIVE Haul Release Dinosaur | Jurassic World Evolution 2 Gameplay | Tsuriki Show Dino Live,https://www.youtube.com/watch?v=82eKBFxYszg,"Jurassic World Evolution 2, T REX, Tarbosaurus, Spinosaurus! Fight & Hunt & Release Dinosaur Game!",https://www.youtube.com/watch?v=9ngqwuF8Lzg,,,,,,
296,Technical Guruji,Science & Technology,India,2015.0,Oct,19.0,UCOhHO2ICt0ti9KAh-QHvttQ,3876974905,23700000,False,5908,How AI Is Supercharging Smartphone Cameras?🔥🔥🔥,https://www.youtube.com/watch?v=vdqXPZrElhI,Google Pixel 10 Series - New Upgrades Coming🔥🔥🔥,https://www.youtube.com/watch?v=SyoZKMdlAU0,iOS 26 - Crazy New Features🔥🔥🔥,https://www.youtube.com/watch?v=1sjR3N8Hknc,iPhone Fold? | IND Vs PAK Asia Cup? | Gemini Pro & Perplexity Pro? | STM #449 | Technical Guruji🔥🔥🔥,https://www.youtube.com/watch?v=yKJt6VM88wQ,Galaxy S26 Ultra | vivo X300 | iPhone 17 Pro Max | DJI Osmo 360 | Episode 158 | Technical Guruji🔥🔥🔥,https://www.youtube.com/watch?v=xdVfwTxXftg
297,DrossRotzank,Entertainment,Argentina,2006.0,Mar,9.0,UCNYW2vfGrUE6R5mIJYzkRyQ,6822860563,23900000,False,1871,3 casos reales de horror espacial que te dejarán sin aliento,https://www.youtube.com/watch?v=IWMofFVH7jA,Trump no se puede sacar de encima a Epstein,https://www.youtube.com/watch?v=OXhfBuqrmVU,El perturbador caso de Sister Hong,https://www.youtube.com/watch?v=cxRo595fH8g,Querido Dross: Memorias que Gritan,https://www.youtube.com/watch?v=II7HcH09Uwk,OBAMAGATE: 7 Evidencias que podrían enviar a Barack Obama a la Cárcel por golpista,https://www.youtube.com/watch?v=rkc9QVozrUE
298,White Hill Music,Entertainment,India,2014.0,Mar,23.0,UCxQRUQmsAHA5GMAI4nddx_w,843631214,1010000,False,2984,Real Punjabi Flex 🥶 TRAPSTAR  #RamanLakhesar #PunjabiTrap #Shorts #punjabisong,https://www.youtube.com/watch?v=NkP_0JqgO3w,Our Laanedar be Like 🔥 TRAPSTAR 💥 #Shorts #RamanLakhesar #NewPunjabiSong,https://www.youtube.com/watch?v=3aFBQY-jU3U,Top Felon (BTS) Karan Sehmbi x MXRCI | New Punjabi Song 2025 #shorts,https://www.youtube.com/watch?v=-aAQ_3vDRwI,Punjabi Music Just Got Lit! 🚀 #TRAPSTAR #Shorts #ramanlakhesar,https://www.youtube.com/watch?v=Yt73V550k1g,🔥 Matha Mittran Nu Tek #parrysarpanch #RawVibe #shorts,https://www.youtube.com/watch?v=B7qIf2Y6G80
299,Ultra Movie Parlour,Movies,India,2011.0,May,17.0,UCYauDsl-rswjQGpA0_-Z9Pw,6624483555,30400000,False,2247,#SouthAction #ThrillerMovie #antony  #officialtrailer #exclusive  #2025  | #Releasing #8august #2025,https://www.youtube.com/watch?v=1b2Sv0LX9Z4,#antony  #officialtrailer #exclusive  #2025 #SouthAction #ThrillerMovie | #Releasing #8august #2025,https://www.youtube.com/watch?v=UK4PoMCLij0,Mausam Hindi 4K Full Movie | Girish Malik & Kanchan | Monica Nerurkar | 90s Bollywood Movies,https://www.youtube.com/watch?v=S2h4_6bhEkc,#antony  #officialtrailer #exclusive  #2025 #SouthAction #ThrillerMovie | #Releasing #8august #2025,https://www.youtube.com/watch?v=CcqzMu1Jqlg,Antony - Official Trailer | EXCLUSIVE 2025 | South Action Thriller Movie | Releasing on 8 Aug 2025,https://www.youtube.com/watch?v=PHy_4dyxJfY
300,Alan Becker,Film & Animation,United States,2006.0,Mar,21.0,UCbKWv2x9t6u8yZoB3KcPtnw,8521208774,31200000,False,246,Couples Discount - An Actual Short,https://www.youtube.com/watch?v=EaHM8KTeDzo,Flip The Screen - An Actual Short,https://www.youtube.com/watch?v=CIVtD7ftOEM,Beta - Animation vs. Minecraft Shorts Ep 0,https://www.youtube.com/watch?v=YPURifoeYfk,Mercenary Tryouts,https://www.youtube.com/watch?v=kvy93tvmarE,Block Beats - An Actual Short,https://www.youtube.com/watch?v=-h2fo7c_dVM
301,toyorbabytv,Music,Jordan,2012.0,Nov,1.0,UCHAbNxkU837UAkZ-OPtdUUw,22309900191,28500000,False,1431,لا تقل .. قل 38 - جاد وإياد مقداد | طيور بيبي Toyor Baby,https://www.youtube.com/watch?v=tFS5z1sF0dc,عمو حسون - طيور بيبي Toyor Baby,https://www.youtube.com/watch?v=lp2x6Pe8kc0,Pillars of islam - Eyad Miqdad | Toyor Baby,https://www.youtube.com/watch?v=6J4P7fSvzfg,ميكانيكي وكهربائي السيارة (بدون إيقاع) - طيور بيبي Toyor Baby,https://www.youtube.com/watch?v=VfhNkl70XJg,الرسام الصغير مع عمو سمير - 12 | طيور بيبي Toyor Baby,https://www.youtube.com/watch?v=EYK4M0X9deY
303,KL BRO Biju Rithvik,Entertainment,,2020.0,Jul,21.0,UCL5nlHWXVLeOsSjKH2fhmsg,75371102246,75400000,False,3251,Tom 🍓Jerry (Rithvi&Kavi)Real End Twist😂🎈 #shorts,https://www.youtube.com/watch?v=lnGMLmrlrm8,വീട്ടിൽ കുഞ്ഞിനെ തനിച്ചാക്കി അമ്മ പുറത്ത് പോയി 🥹 വന്നപ്പോൾ നടന്നത് Home 🏠 Yeshodha Come Back,https://www.youtube.com/watch?v=kRjGhJLfcIY,Tom 🍓Jerry (Rithvi&Kavi)Real End Twist 😂🎈 #shorts,https://www.youtube.com/watch?v=MIRyHzyibJA,Tom 🍓Jerry (Rithvi&Kavi)Real End Twist😂🎈#shorts,https://www.youtube.com/watch?v=FOWueFW-5hc,വീട്ടിലെത്തി ആറാം മാസത്തിലെ പാലുകുടി മാറ്റി 😳 Home🏠 Our Baby Routine,https://www.youtube.com/watch?v=EgxJdjow7mk
304,Vania Mania Kids,People & Blogs,United States,2015.0,Sep,9.0,UCLbyJSPEe2lx3jY-G0CFR3g,16073384917,30200000,False,1565,Escape from RICH PRISON Challenge with Vania Mania Kids,https://www.youtube.com/watch?v=A2VB68bzztM,Stephi is a Sleepwalker,https://www.youtube.com/watch?v=f1fW2hV7s9k,Funny kids stories with Magic Fish,https://www.youtube.com/watch?v=6RZ6JtJdrl4,Kids play with balloons - Funny stories for kids,https://www.youtube.com/watch?v=qaeTJx3fFMA,Kids show that Knowledge at School is very Important,https://www.youtube.com/watch?v=-AmXDAJ4uT8
305,Like Nastya PRT,Entertainment,,2019.0,Apr,9.0,UCtyr6UXUdZJJHuWGKzoiLfg,15455540410,26900000,False,863,Aventura no mar! Nastya e papai exploram juntos! Férias de verão com Nastya e papai,https://www.youtube.com/watch?v=-kyOApKIY00,¡Superperro salva el día! Y Nastya no lo puede creer. Nova história sobre Nastya e papai,https://www.youtube.com/watch?v=h6yzGAPo2fY,Nastya e os amigos encontram monstros no quarto trancado! Novo vídeo para crianças sobre Nastya,https://www.youtube.com/watch?v=J-NrzVmqre0,O banco foi roubado! Detetive Nastya entra em ação! Compilação de 1 hora de novas histórias,https://www.youtube.com/watch?v=TLBXKXkpv9s,A fuga de Nastya e do hamster do labirinto de papelão,https://www.youtube.com/watch?v=3AeOLqar6tk
306,Sun TV,People & Blogs,India,2016.0,Feb,26.0,UCBnxEdpoZwstJqC1yZpOjRA,35931922675,30700000,False,138318,Naanga Ready Neenga Readya Season 2 - Promo 1 | 10 Aug 2025 | Sunday @ 2 PM | Sun TV,https://www.youtube.com/watch?v=x3IknWuaT4s,Annam - Highlights | 06 Aug 2025 | Tamil Serial | Sun TV,https://www.youtube.com/watch?v=ZSChJ6ANpPE,Singappenne - Highlights | 06 Aug 2025 | Tamil Serial | Sun TV,https://www.youtube.com/watch?v=XhvMnHa7aLE,Vinodhini - Highlights | 06 Aug 2025 | Tamil Serial | Sun TV,https://www.youtube.com/watch?v=w37zi5ORHGM,Sun Natchathira Kondattam - Viluppuram Part - 2 | Promo | 10 Aug 2025 @ 9 AM | Sun TV,https://www.youtube.com/watch?v=bWdAcmyz9aM
307,Heroindori,Comedy,India,2020.0,Jun,29.0,UCunqjMN6EEbXjzU-RvwJrig,16099430690,40600000,False,840,Yaad Rakho Ki Wo Bhi Ghar Ki Beti Hai😭😭😭😭🙏#trending #shorts #beti  #sister,https://www.youtube.com/watch?v=JecsyhbJa00,Har Kisi Ko zindagi Dobara Mauka Nahi Deti …🙏😭😭😭 #shorts #trendingvideo,https://www.youtube.com/watch?v=S28hl-uqxfg,Baap Hai To Zindagi Aasan Hai ….😭😭Happy Father’s Day 🙏🙏🙏 #shorts #trending,https://www.youtube.com/watch?v=VozWdUiJ7sU,Baap Bete Kaa Rista Aisa Hona Chaiye ..🙏🙏🙏Happy Father’s Day ❤️❤️#shorts,https://www.youtube.com/watch?v=CcTxTTxr4KE,Kya Aapka Aisa Koi Pal Hai … Baap Bete Ka …Happy Father’s Day ❤️❤️❤️🙏 #shorts #fathersday,https://www.youtube.com/watch?v=dvuazDDDh3I
308,The Chainsmokers,Music,United States,2012.0,Sep,22.0,UCq3Ci-h945sbEYXpVlw7rJg,16243243861,22900000,False,260,we’ll always wait ❤️,https://www.youtube.com/watch?v=E0xDZm3drdg,should we do a whole set like this?,https://www.youtube.com/watch?v=IsVDl4gqSdo,the holy spirit,https://www.youtube.com/watch?v=b9v3aotQsgw,So glad i tipped the drone guy 20 euros,https://www.youtube.com/watch?v=vI-Mj2VSD1E,THANK YOU HUNGARY 🇭🇺,https://www.youtube.com/watch?v=gWJrzo6rRWA
309,mmoshaya,People & Blogs,Saudi Arabia,2010.0,Dec,11.0,UCPOw2O3_uZ1doro9iR4x6vw,18844206202,23400000,False,1274,لقو ابوهم زي كذا,https://www.youtube.com/watch?v=zce5qiXtynE,ما توقعنا نغسل الضخم!,https://www.youtube.com/watch?v=vA7Nw2p7zqQ,لما تجلس جنب العيال وهم يلعبوا جولف,https://www.youtube.com/watch?v=w1vsRDmzDRo,ما تتخيلوا إيش صار لإيمان!,https://www.youtube.com/watch?v=eMm9COjlwRI,أحلى مغامرة بالعيد,https://www.youtube.com/watch?v=ZHdBZ79nsF8
310,Sia,Music,United States,2007.0,Nov,19.0,UCN9HPn2fq-NL8M5_kp4RWZQ,15900059133,24400000,False,302,"Clap your hands, 'We Are Born' is 15 👏 drop your favorite tracks from the album below 👇 - Team Sia",https://www.youtube.com/watch?v=XCKdZapAkXk,It's been 10 years since the Fire Meets Gasoline video with Heidi Klum + Pedro Pascal! - Team Sia,https://www.youtube.com/watch?v=_eEGOttKTt8,"All the feels for a decade of Sia's ""Big Girls Cry"" music video 🥲 - Team Sia",https://www.youtube.com/watch?v=l9IV0tXKAY0,Sia & The Miraculous Love Kids - Unstoppable,https://www.youtube.com/watch?v=fLTo4nZqxYQ,The official video for ​⁠@davidguetta and Sia’s “Beautiful People” is out now! - Team Sia,https://www.youtube.com/watch?v=xmaywwsqNPA
311,LeoNata Family,People & Blogs,United States,2021.0,Sep,28.0,UCwQCMGALOA_sfJ2YXEnlHkw,59,0,False,10,26 พฤศจิกายน ค.ศ. 2024,https://www.youtube.com/watch?v=7a_Fx8FUeDI,26 พฤศจิกายน ค.ศ. 2024,https://www.youtube.com/watch?v=0ZqtmV4Eu70,26 พฤศจิกายน ค.ศ. 2024,https://www.youtube.com/watch?v=mYwRJU30Lsc,#cocomelon,https://www.youtube.com/watch?v=C4LSRBGJxcM,26 พฤศจิกายน ค.ศ. 2024,https://www.youtube.com/watch?v=SeF_ZoFP4Vo
312,Goldmines Cineplex,Film & Animation,India,2015.0,Sep,12.0,UCCrw5RBWF9i8VPt4IxL8IsQ,3407695446,26800000,False,5160,अल्लू अर्जुन अपने बॉस की कमजोरी का फ़ायदा उठा रहा है #Ekjwalamukhi #alluarjun #shorts #reels,https://www.youtube.com/watch?v=hc0RninsH_o,राम चरण का खतरनाक एक्शन सीन | Ram Charan Best Action Scene,https://www.youtube.com/watch?v=-sTcECfbpm4,एयरपोर्ट पर साई धरम तेज और रेजिना दोनों एक दूसरे से टकरा गये,https://www.youtube.com/watch?v=cu4i6xUnZ0w,अल्लू अर्जुन मनोज बाजपेयी से मिलने पुलिस स्टेशन आये,https://www.youtube.com/watch?v=f45QYZQXv2Y,"Main Hoon Tapori (मैं हूँ टपोरी) Telugu Action Hindi Dubbed Movie | Jagapati Babu, Soundarya",https://www.youtube.com/watch?v=0LEAkMQGumU
313,Vlad and Niki Arabic,,United States,2018.0,Nov,9.0,UCP9MW9ATjUwwulqEYTbp-Mw,13217602571,27700000,False,788,تحدي الآيس كريم والبطيخ للأطفال,https://www.youtube.com/watch?v=4fBRmA-XfrM,يتعلم الأطفال طبخ المعكرونة,https://www.youtube.com/watch?v=AT1R23HT6SM,الأطفال يتحولون إلى أبطال خارقين مع الألعاب القابلة للنفخ,https://www.youtube.com/watch?v=UIRKFIEfNiU,مغامرة ماكينة القمار السحرية وقصص أطفال طريفة أخرى,https://www.youtube.com/watch?v=wibnqoRN0VY,يتعلم الأطفال عن مكافحة الحرائق ويساعدون الجميع!,https://www.youtube.com/watch?v=lSokhXsp1JE
314,SSundee,Gaming,United States,2009.0,Nov,28.0,UCke6I9N4KfC968-yRcd5YRg,16470695590,25100000,False,3530,I Turned Minecraft Items Into Spy Gadgets,https://www.youtube.com/watch?v=Xino9gnqFHI,I Took Over The Among Us Map,https://www.youtube.com/watch?v=d8S4L6gAFYI,Roblox BUILD a BRAINROT,https://www.youtube.com/watch?v=2JHt7xIYCwc,USING MAX LUCK in The LAVA BRAINROT EVENT,https://www.youtube.com/watch?v=PTyXfA--E38,Can I Get the Tranquil Bloom in Roblox Grow a Garden,https://www.youtube.com/watch?v=CU8H7ukamAw
315,Paulo Londra,Music,Argentina,2016.0,Aug,8.0,UCzI7wZyqk7jpXWT_MILjepw,9848398520,23300000,False,99,Paulo Londra - NANAENA (feat. Rvfv) [Official Lyric Video],https://www.youtube.com/watch?v=aWAf5N-IKqQ,Paulo Londra está en vivo,https://www.youtube.com/watch?v=LL49R7NflMg,Paulo Londra está en vivo,https://www.youtube.com/watch?v=Tjw_n5CYZBQ,Paulo Londra - Mujer Maravilla (Video Oficial),https://www.youtube.com/watch?v=4VTiEYrrOtE,Mujer Maravilla ❤️‍🔥 5/6,https://www.youtube.com/watch?v=bvmaU5moxBY
316,Smile Family,People & Blogs,France,2019.0,Nov,3.0,UCjZ-Ekz7JDN6GDXwusvSHvg,9062586864,21900000,False,905,Whoever Builds The Best Inflatable Bunker Wins!,https://www.youtube.com/watch?v=F8VcffBUJdc,Surprising My Daughter With a Dream Vacation for 1$ vs 100 000$,https://www.youtube.com/watch?v=VjzbOGXHV-k,My Daughter Got Suspended at School!,https://www.youtube.com/watch?v=qnmG7YLBd78,My Best Friend is Missing!,https://www.youtube.com/watch?v=Sq4Iq6SPpQg,Extreme Hide And Seek In The DARK! *Intense*,https://www.youtube.com/watch?v=3jU7Edh6XtY
317,FGTeeV,Gaming,United States,2013.0,May,24.0,UCC-RHF_77zQdKcA75hr5oTQ,25736279684,24700000,False,1876,Trapped in Squid Game [Cyber FeeGee],https://www.youtube.com/watch?v=gRb1u3ZTxp0,I Become the Worst Teacher,https://www.youtube.com/watch?v=uF8H4ZETnqs,I stole a Brain Rot in Roblox,https://www.youtube.com/watch?v=WxFA88Stb0Y,3am Robots are Nothing against Robots at Midnight!,https://www.youtube.com/watch?v=3aYhle3g7e0,Roblox Grow a Garden Rich!!  💲💲,https://www.youtube.com/watch?v=YrOmIxTheZM
318,Kinder Spielzeug Kanal (Kidibli),Entertainment,United States,2015.0,Sep,25.0,UCVEDZVtA5NUtjxSXHjtvkag,16652888591,30600000,False,1290,Toy Trains & Various Vehicles in the City 🚂 Trains for Toddlers | Kids Train Video | Kidibli,https://www.youtube.com/watch?v=GlvU3de42hM,"Various Toys : Fire Truck, Police Car, Excavator, Bus, Tractor & More | Toy Video for Kids | Kidibli",https://www.youtube.com/watch?v=XofVWpc_4B8,Jungle Bridge Rescue : Dump Truck vs Backhoe 🚛 Toy Construction Vehicles in Action | Kidibli,https://www.youtube.com/watch?v=qnI1TN198rk,"Various Toys & Vehicles : Tractor, Fire Truck, Police Car, Toy Excavator 🚘 Video for Kids | Kidibli",https://www.youtube.com/watch?v=j0fkm6BPvp8,"Doll House Adventure 🌸🎀 Princess, Horse & Princess Castle Playset 💓 Pink Toys for Kids | Kidibli",https://www.youtube.com/watch?v=9NOCkHD8Xfs
319,Charlie Puth,Music,United States,2009.0,Sep,9.0,UCwppdrjsBPAZg5_cUwQjfMQ,11857671096,22900000,False,163,Charlie Puth - Hero (Official Audio),https://www.youtube.com/watch?v=OM5cVB81aT8,HERO May 24th,https://www.youtube.com/watch?v=5bMviQphA0c,"@charlieputh #DreamTrackAI Caterpillar, blue, piano",https://www.youtube.com/watch?v=drPSk4ScUz4,@charlieputh #DreamTrackAI music is life and there isn’t much more to say,https://www.youtube.com/watch?v=kPtOAfR7ePQ,@charlieputh #DreamTrackAI Uptempo acoustic guitar hip hop drums being happy,https://www.youtube.com/watch?v=tKTaOm-cZH8
320,Vlad and Niki ESP,,United States,2018.0,Oct,11.0,UCZLl7vfqlRjVL4YBHGmLVvQ,12549537424,29900000,False,777,Chris se convierte en superhéroe - Historias divertidas con juguetes inflables,https://www.youtube.com/watch?v=76G6XhSy7P4,Aventura en el Hospital de Cartón para niños,https://www.youtube.com/watch?v=IPfvJgMJp50,Cuento infantil sobre virus,https://www.youtube.com/watch?v=HYibEuvE60k,¡Las niñas aprenden la importancia de compartir y la amistad!,https://www.youtube.com/watch?v=ELiTMGc9Cb0,Aventura Mágica en la Tragamonedas y otras historias divertidas para niños,https://www.youtube.com/watch?v=WZg-on8X6V8
322,Ben Azelart,Film & Animation,United States,2014.0,Jun,5.0,UCwVg9btOceLQuNCdoQk9CXg,10634815150,44700000,False,386,How Strong Is Tape?,https://www.youtube.com/watch?v=hPRPBC6NhSo,Which Katana Is The Sharpest?,https://www.youtube.com/watch?v=sjbi47Rzc6E,Which Soda Makes The Biggest Explosion?,https://www.youtube.com/watch?v=RCgeMoymBK8,Pull The Sword From The Glue!,https://www.youtube.com/watch?v=_09Tcuf7iE8,How Strong Is Glass?,https://www.youtube.com/watch?v=amI2nt0HEFY
323,Zach Choi ASMR,People & Blogs,United States,2014.0,Jul,5.0,UCI78AdiI6f7VKhqW1i4B3Rw,13384198599,33000000,False,1749,would you eat this? #asmr #cooking,https://www.youtube.com/watch?v=PIAwKPbNFJg,would you eat this? #shorts,https://www.youtube.com/watch?v=VV7bIuEgkpo,Best of Zach Choi Foods | MUKBANG | COOKING | ASMR,https://www.youtube.com/watch?v=ENmJQEdepMo,would you eat this? #asmr #cooking,https://www.youtube.com/watch?v=Qp83da4oZnQ,would you eat this? #shorts,https://www.youtube.com/watch?v=XmxeFGH0Lsk
324,Topper Guild,Comedy,United States,2014.0,Jul,9.0,UCPuEAY09CtdTzFNWuqVZgDw,25490111656,73100000,False,1238,Can You Climb The Wall?,https://www.youtube.com/watch?v=9knm3Z3bzd8,Which Shoes Are The Most Protective?,https://www.youtube.com/watch?v=QcFWDnq7q5Q,Don’t Guess The Wrong Person!,https://www.youtube.com/watch?v=n6AjDl5k7-8,How Far Can You Fall?,https://www.youtube.com/watch?v=-Z6X-YBHZAc,Can I Save My Girlfriend in Time? (ft. SSSniperwolf),https://www.youtube.com/watch?v=zSGGf2qZH2g
326,Stokes Twins,People & Blogs,United States,2008.0,Apr,11.0,UCbp9MyKCTEww4CxEzc_Tp0Q,24577102540,129000000,False,384,Would You Survive This?,https://www.youtube.com/watch?v=F0BcwpFhbHs,Contortionist vs Box,https://www.youtube.com/watch?v=vYhFy9VMwMM,How Many Hangers Will Hold My Weight?,https://www.youtube.com/watch?v=-LATTRfraEA,Will My iphone Get Stolen At Disneyland?,https://www.youtube.com/watch?v=k7b_5YsNbxI,Surprising Twin Brother With Dream Vacation!,https://www.youtube.com/watch?v=uKHKUyua9OE
327,National Geographic,Science & Technology,United States,2006.0,May,7.0,UCpVm7bg6pXKo1Pr6k5kxG9A,6533970965,25000000,False,10884,Paid content for @TravelTexas,https://www.youtube.com/watch?v=9jZe0FuMlDY,It's a sharkopolis 🦈 #SharkFest,https://www.youtube.com/watch?v=QtRqW9iPy7A,Want to learn about Florida's Black Bear conservation efforts? 🐻 #NationalGeographic,https://www.youtube.com/watch?v=iUAFGT94Ves,Hear the stories of what really happened from the survivors of Hurricane Katrina,https://www.youtube.com/watch?v=xm6CQnLrW0U,Florida Bear Tracks (Full Documentary) | SPECIAL | National Geographic,https://www.youtube.com/watch?v=N4ppYO0usjY
328,Dua Lipa,Music,United Kingdom,2011.0,Feb,5.0,UC-J-KZfRV8c13fOCkhXdLiQ,14834827319,24300000,False,315,Dua Lipa - The Beat Before (Wembley Stadium),https://www.youtube.com/watch?v=NfU3gUqjbkI,"And through the downpour of an English summer, Liverpool you were with me every step of the way! ❤️",https://www.youtube.com/watch?v=-VAOTh3EY1g,WEMBLEY… it’s charli babyyy,https://www.youtube.com/watch?v=cp-a_w_u_v8,MADRID NIGHT 1!!!! NOS VEMOS OTRA VEZ ESTA NOCHE ❤️❤️❤️❤️,https://www.youtube.com/watch?v=yk56Amef8C4,NEW DATES ADDED ‼️ Finishing the Radical Optimism tour in Latin America ❤️‍🔥 sign up for pre-sale,https://www.youtube.com/watch?v=HQcX4mKq4qM
329,OneDirectionVEVO,Music,United Kingdom,2010.0,Dec,4.0,UCbW18JZRgko_mOGm5er8Yzg,13551095280,21600000,False,266,One Direction - End of the Day (Audio),https://www.youtube.com/watch?v=AsmHz9JCU4M,One Direction - History (Audio),https://www.youtube.com/watch?v=AGDlC3VDVCc,One Direction - A.M. (Audio),https://www.youtube.com/watch?v=HBttoBTxkAs,One Direction - Infinity (Audio),https://www.youtube.com/watch?v=JAERpGGh-wA,One Direction - I Want to Write You a Song (Audio),https://www.youtube.com/watch?v=dTvgQ7-jPYk
330,Rotana,Music,,2011.0,Oct,27.0,UCNhqvQMXIgRfjAGmxQqdNRw,27208890039,26000000,False,9533,Ali Samara & Mohammed Mokhtar - Mesa Mesa | Lyrics Video 2025 | علي سمارة ومحمد مختار - مسا مسا,https://www.youtube.com/watch?v=ivszWtA0M6c,Hetaf - Gabl Ma Tamshy | Lyrics Video 2025 | هتاف - قبل ما تمشي,https://www.youtube.com/watch?v=lAnra4devaA,Mohamed Mounir - Ana Allazy | Lyrics Video 2025 | محمد منير - أنا الذي,https://www.youtube.com/watch?v=VkckI0QaAyc,Ali Samara & Mohammed Mokhtar - Fakerni Makhno2 | Lyrics  2025 | علي سمارة ومحمد مختار - فكرني مخنوق,https://www.youtube.com/watch?v=Sm8GNf4NzoY,Ibrahim Ghazi - Wahed Zaad Wahed | Lyrics Video 2025 | إبراهيم غازي - واحد زائد واحد,https://www.youtube.com/watch?v=vlbY38oscco
331,Netflix India,People & Blogs,,2017.0,Sep,24.0,UCZSNzBgFub_WWil6TOTYwAg,12819297108,27300000,False,5878,"Oho Enthan Baby | Trailer | Rudra, Mithila Palkar, Vishnu Vishal | Netflix India",https://www.youtube.com/watch?v=53ZZAMXfTMI,Jim Carrey’s WILD Transformation Into The Mask 🤯 | The Mask | Hindi Clip | Netflix India,https://www.youtube.com/watch?v=boEvIuSHKzQ,Wednesday Shares Ground Rules for her Brother Pugsley 👀 | Wednesday: Season 2 | Netflix India,https://www.youtube.com/watch?v=EQuUc0dCIQI,Wednesday Season 2 Part 1 | Watch Now,https://www.youtube.com/watch?v=JH09_CPBpt0,Jay Kelly | Official Teaser | Netflix,https://www.youtube.com/watch?v=qE3sOaJiAr4
332,Sourav Joshi Vlogs,People & Blogs,,2019.0,Feb,19.0,UCjvgGbPPn-FgYeguc5nxG4A,18092907260,35000000,False,2114,New Ghar Ka Ramp Ban Gaya 😍,https://www.youtube.com/watch?v=0wRBo7eLIuI,Shadi Se Phle Ese Gifts 😅,https://www.youtube.com/watch?v=oTft3MpddHo,Baarish Mein Faas Gaye  😲 Jungle Mein,https://www.youtube.com/watch?v=DNohW26WpEU,Ye Kya Bhej Diya ? 😲 Photo Revealed,https://www.youtube.com/watch?v=bik1QSjvUbc,100 Million Celebration 😍,https://www.youtube.com/watch?v=TthXypKXAN8
333,ZAMZAM ELECTRONICS TRADING,,United Arab Emirates,2020.0,Dec,19.0,UCrnQFuUabBHaw-BRhPo8xEA,39315105321,79200000,False,20928,#zamelectproperties #abdulghafoor #muhammadshakoor #chotebhaibadebhai #zamelect #zamzamelectronics,https://www.youtube.com/watch?v=F-93fL-vc3E,#zamelectproperties #abdulghafoor #muhammadshakoor #chotebhaibadebhai #zamelect #zamzamelectronics,https://www.youtube.com/watch?v=Wzqzj-_adJE,#zamelectproperties #abdulghafoor #muhammadshakoor #chotebhaibadebhai #zamelect #zamzamelectronics,https://www.youtube.com/watch?v=kip310E7LHQ,#zamelectproperties #abdulghafoor #muhammadshakoor #chotebhaibadebhai #zamelect #zamzamelectronics,https://www.youtube.com/watch?v=LZMsiJEHyi0,#zamelectproperties #abdulghafoor #muhammadshakoor #chotebhaibadebhai #zamelect #zamzamelectronics,https://www.youtube.com/watch?v=hDZUBUVjfQY
334,DUDU e CAROL,Autos & Vehicles,Brazil,2013.0,Mar,2.0,UC371icpvZj2oQaocL0i9L-g,15427069745,33100000,False,3293,Acontece Mesmo,https://www.youtube.com/watch?v=uPffnYM8ew0,Banana de Chocolate,https://www.youtube.com/watch?v=_xdP2pgCKB0,SOBREVIVENDO 24 HORAS nas FÉRIAS com DUDU e CAROL,https://www.youtube.com/watch?v=lR28sGh32qk,Tudo isso pra Isso?,https://www.youtube.com/watch?v=m2vD0zIub8o,Enganou ela com Coca Cola,https://www.youtube.com/watch?v=SzcRkA3iBgc
335,Village Cooking Channel,Howto & Style,India,2018.0,Apr,25.0,UCk3JZr7eS3pg5AGEvBdEvFg,8781913126,29000000,False,247,SWEET KHAJA PURI | Layered Crispy Dessert Street Food Cooking in Village | Indian Sweet Recipe,https://www.youtube.com/watch?v=yuVcryh_2GM,COLORFUL JUICE | 10 VARIETY of Healthy Juices | Summer Health Drink | Natural Refreshing Fresh Juice,https://www.youtube.com/watch?v=NwSRdTzCq4c,MUTTON BIRYANI | 3 FULL GOAT ROASTED MUTTON BIRYANI Recipe Cooking in Village | Arabian Biryani,https://www.youtube.com/watch?v=zauUDd9Y6uI,PASTA | Prawn Masala Pasta Recipe Cooking in Village | Spirali Pasta Recipe | Seafood Recipe,https://www.youtube.com/watch?v=FWzdxqMxwtI,GRILLED CHICKEN WINGS | Juicy BBQ Chicken Wings Grilled in Village | Smoky Charcoal Chicken Recipe,https://www.youtube.com/watch?v=YiyPVqnY2_A
336,Eva Bravo Play,Entertainment,United States,2019.0,May,7.0,UCvYhgH0hXziSz9IyPztzUug,13094261218,26000000,False,442,Eva takes care of little brother,https://www.youtube.com/watch?v=ehf_ZkF8j4Y,Rich student vs Broke Student + More stories about diversity for kids,https://www.youtube.com/watch?v=U9z8AWkLS0c,Superhero and police adventures for kids,https://www.youtube.com/watch?v=gL9mBSixMNk,Eva and Little brother built a SECRET Hidden Gaming Room,https://www.youtube.com/watch?v=VYXsZPFyRxE,Rich vs Broke PRINCESS choose a prince at royal ball,https://www.youtube.com/watch?v=FRZxYI8qmIM
337,Tekashi 6ix9ine,People & Blogs,United States,2018.0,Apr,6.0,UCF6jRAgCbSanHolKt0Vt6Qw,6953970696,22800000,False,70,6ix9ine - “POPPA” (Official Music Video),https://www.youtube.com/watch?v=2pYMHtDLSVU,6ix9ine - “HANNA” (Official Music Video),https://www.youtube.com/watch?v=0NxmMcK9Ah4,6ix9ine and The Cabana Boys hit the batting cages,https://www.youtube.com/watch?v=j-AxpGj_964,🔥 6ix9ine & the Cabana Boyz IRL! 🎉🎤,https://www.youtube.com/watch?v=GkqiZWZZUQU,🚨 Cabana Boyz BACK LIVE: IRL Round Two! 🌴🔥,https://www.youtube.com/watch?v=mjKwlGWbPmQ
338,Tlnovelas,News & Politics,Mexico,2014.0,Jan,2.0,UCKyU-wd-KY4PMOcOpPQgQcw,21461739380,26100000,False,66413,"Encima de que la defiendes, ¡ya la tuteas! #Ángela",https://www.youtube.com/watch?v=fy80RguEey4,¡Quédate con todo! 😤 😥 #tlnovelas #colorina #shorts,https://www.youtube.com/watch?v=wcSM6g4bCDk,Vas a aprender a trabajar 🤨 #pieldeotoño #tlnovelas,https://www.youtube.com/watch?v=W6fd5BaqDoM,Se ha quedado sola 😭 🥺 #tlnovelas #colorina #shorts,https://www.youtube.com/watch?v=6kmC8VK-FDw,Me mentiste 😨 #pieldeotoño #tlnovelas,https://www.youtube.com/watch?v=vSnxYWGb5UE
339,SMOL,People & Blogs,,2006.0,Apr,2.0,UCihUkvkvkKYkhqTjIswNdJg,28433680,63100,False,314,Зидан — номер один на все времена. Даже лучше Криштиану. Павлюченко так считает. #зидан #роналдо,https://www.youtube.com/watch?v=AlzrOSa5zn0,"Роман Павлюченко | Время в Тоттенхэме, величие Модрича, успех на Евро-2008, Гус Хиддинк | Smol Talk",https://www.youtube.com/watch?v=AKSYGBM2nHM,Смолов вспоминает работу со Слуцким на Евро-2016 #футбол #слуцкий,https://www.youtube.com/watch?v=4QmjwErt-gU,История Шатов про взаимодействие с английскими болельщиками. #футбол #лигачемпионов,https://www.youtube.com/watch?v=mbWb7sG0wOw,Стыки с Ахматом. Мнение Шатова. Часть третья. #футбол #рпл,https://www.youtube.com/watch?v=csVEApaiDlI
340,invictor,Gaming,Chile,2016.0,Jul,26.0,UChOQkbLHWi3zSCUjT7Kjd1g,10817899025,30100000,False,2855,Pasamos 99 NOCHES en el BOSQUE en MINECRAFT...,https://www.youtube.com/watch?v=wS_FiEvBBDU,Jugamos al ESCONDITE EXTREMO de PLASTILINA 😂 con Los Compas,https://www.youtube.com/watch?v=vWdi_AfsX3A,Robé Todos los Brainrot de Mis Amigos en Minecraft STEAL A BRAINROT 😂,https://www.youtube.com/watch?v=3ZTsHhrbFww,Me Hice Pasar por BRAINROT en Steal a Brainrot... 😂,https://www.youtube.com/watch?v=HZzPI05HiUs,¡NOS ESCONDEMOS en BLOQUES ILEGALES de MINECRAFT! 😂🤣 EL ESCONDITE en MINECRAFT,https://www.youtube.com/watch?v=HKqp4hPkv5o
341,YOLO,Comedy,Germany,2013.0,Jun,11.0,UCOnIJiQuk1fDSp6p1GCZy3A,24634911544,64200000,False,3001,ADIVINA EL YOUTUBER Y GANA DINERO,https://www.youtube.com/watch?v=grvYBEa1h4I,NO QUIERO VERTE NUNCA MÁS !!,https://www.youtube.com/watch?v=pcXstCTtpTc,PERDÍ A ESTRELLITA PARA SIEMPRE !!,https://www.youtube.com/watch?v=wagFYqaa-OY,Mi Papá me Retó y Perdió !!,https://www.youtube.com/watch?v=hwbtjolMvFI,Le Cambié la Vida a mi Hermano en su Cumpleaños 🥹🎁,https://www.youtube.com/watch?v=ubrAoq_q7S8
342,Sidhu Moose Wala,Music,India,2017.0,Oct,30.0,UC9ChdqQRCaZmTCwSJ49tcbw,9366590526,28200000,False,122,TAKE NOTES ( Official Audio) Sidhu Moose Wala  | Latest Punjabi Songs 2025,https://www.youtube.com/watch?v=EdxguQAXeoU,NEAL (Official Audio) Sidhu Moose Wala  | Latest Punjabi Songs 2025,https://www.youtube.com/watch?v=TP0pxZ1EszM,0008 (Official Audio) Sidhu Moose Wala  |  Latest Punjabi Songs 2025,https://www.youtube.com/watch?v=uKAPYLvDJFQ,LOCK  (MUSIC VIDEO) SIDHU MOOSE WALA  | THE KIDD  | NAVKARAN BRAR,https://www.youtube.com/watch?v=_wfrNbLguWw,Attach (Music Video) Sidhu Moose Wala | Steel Banglez ft Fredo,https://www.youtube.com/watch?v=t14j6XVGCSo
343,The Royalty Family,People & Blogs,United States,2017.0,Apr,13.0,UCja7QUMRG9AD8X2F_vXFb9A,10908783591,31500000,False,824,Surprising Our Son with DREAM 15th Birthday,https://www.youtube.com/watch?v=4bMAzJQNMm4,SNEAKING OUT of Summer School *Caught*,https://www.youtube.com/watch?v=j0eiBcLNrvs,I’m Finally MOVING OUT *Mom Cried*,https://www.youtube.com/watch?v=vnJMbR7bcCo,I Bought a REAL House off Temu,https://www.youtube.com/watch?v=I-QRt_qagNk,A Vicious WOLF Destroyed our Backyard,https://www.youtube.com/watch?v=JLj3AEyCBxk
344,Becky G,Music,United States,2011.0,Sep,6.0,UCgtNC51EUSgcZ6kKyVoPxKA,12922581829,22400000,False,92,"Becky G, Manuel Turizo - QUE HACES (AMA Performance)",https://www.youtube.com/watch?v=IeaOeyrfe7k,"Becky G, Manuel Turizo - QUE HACES (Official Video)",https://www.youtube.com/watch?v=xU3OvYoE1rc,Solo faltan 24 horas ✨,https://www.youtube.com/watch?v=BM5JqQJYuxk,"Becky G, Oscar Maydon - MERCEDES #shorts",https://www.youtube.com/watch?v=62BbfudqHJ8,"Becky G, NATTI NATASHA - Sin Pijama #shorts",https://www.youtube.com/watch?v=inOJrbhx-sY
345,Ishaan Ali 11,People & Blogs,India,2016.0,Jul,27.0,UCN4NflpHqLeHQZ91kTUVCBw,22672475725,36600000,False,1738,Pagal ki Rakhi 😭😨 #emotional #motivation #rakshabandhan #rakshabandhanspecial,https://www.youtube.com/watch?v=Urse7oidmE4,Ye Inaam Kise milega?  Kaun hai uska Haqdar #emotional #motivation #inspiration,https://www.youtube.com/watch?v=JAn0p_Xg1qI,Sasta Phone 📱 Mehnga Inaam😱 #emotional #motivation #inspiration,https://www.youtube.com/watch?v=2gpV6u0OCHw,Doodh me Pani milane wale ki kahani😱😰 #emotional #motivation #inspiration,https://www.youtube.com/watch?v=KkCxt9pKZuY,Kabr se Kafan Wapas kyun aa gya😭😰 #emotional #motivation #inspiration,https://www.youtube.com/watch?v=0oS_rZ1_ZJw
346,Infinite,Entertainment,United States,2014.0,Aug,21.0,UC2aYDhDxPg4JL6vncQUDHlw,190317534,83800,False,318,Heat it Up (Heat it Up),https://www.youtube.com/watch?v=pobuSZAwnVQ,Umbrella (Umbrella),https://www.youtube.com/watch?v=fl5rKtnOkLY,Sad Loop (볼 수 있어 (Sad Loop)),https://www.youtube.com/watch?v=WbcQ3Z5-MDc,Dangerous (Dangerous),https://www.youtube.com/watch?v=CiOutHouwSU,Where U R (여전히 아름다워 (Where U R)),https://www.youtube.com/watch?v=MAwncFjKtgo
347,Azhan5star,Entertainment,India,2021.0,Feb,2.0,UCY-at5vWhDoMJ8y0kIPFwDA,14059507079,32900000,False,1065,Aisa bhi hota hain kya 😂😂 #funny #comedy,https://www.youtube.com/watch?v=GlyDAem6UUo,Jaise ko taisa 😂😂 #funny #comedy,https://www.youtube.com/watch?v=KqxJqB5VQM4,Ye kuch naya tha 😂😂 #funny #comedy,https://www.youtube.com/watch?v=nMUHa5bs0VY,Har kisi ki kuch na kuch kahani hain 😂😂 #funny #comedy,https://www.youtube.com/watch?v=8Buufobx8Bo,Vimal. 😂😂,https://www.youtube.com/watch?v=e0qUMup9KHg
348,Dangal TV Channel,Entertainment,India,2017.0,Aug,2.0,UCNzmmbXIbMzlqE8nD1PBXfg,39970366365,51500000,False,44499,Bade Ghar Ki Choti Bahu | Full episode 45 | 6 Aug 2025 | #newshow Full HD Dangal TV,https://www.youtube.com/watch?v=9j4NmWZLGVw,Jhallee | Full Episode 17 | 6 Aug 2025 #newepisode Full HD Dangal TV,https://www.youtube.com/watch?v=-ThWAIpjckY,Mann Sundar | 6 Aug 2025 | Full Episode 1323 | Full HD #Newepisode | Dangal TV,https://www.youtube.com/watch?v=yWU8nfvQpRM,Mann Atisundar | 6 Aug 2025 | Full Episode 744 | Full HD #Newepisode | Dangal TV,https://www.youtube.com/watch?v=nDOLp3Leyhw,Pati Brahmachari | Full Episode 69 | 6 Aug 2025 | Full HD #Newepisode | Dangal TV,https://www.youtube.com/watch?v=8LihvRMTAZg
349,Khan GS Research Centre,Education,,2017.0,Jan,5.0,UCatL-c6pmnjzEOHSyjn-sHA,2580067067,24800000,False,389,Indus water Treaty Suspended | Pahalgam Attack | India Pakistan Dispute | Kashmir Issue | Khan Sir,https://www.youtube.com/watch?v=y1CNJGIPkZo,Pahalgam Attack | TRF | Indus River Treaty | Terrorist Attack in Jammu | Baisaran valley Attack,https://www.youtube.com/watch?v=7-p2pS-gn68,US China Trade War | Trump Tariff | Global Trade Crisis | 245 % Tariff on China | Trump Plan,https://www.youtube.com/watch?v=mkf2pTgJxFo,Bangladesh Issue | Mamta Banerjee | West Bengal Violence | War in Bangladesh | Md Yunus in China,https://www.youtube.com/watch?v=0i7oZxTcMoY,Extradition of Mehul Choksi & Tahawwur Hussain Rana | 26/11 Mumbai Attack | David Headley | Khan sir,https://www.youtube.com/watch?v=eqBBnxc8-8A
350,GMA Public  Affairs,Entertainment,Philippines,2009.0,Aug,8.0,UCj5RwDivLksanrNvkW0FB4w,17718914260,26800000,False,84083,"Raketerang ina, sumabak sa iba’t ibang trabaho para sa mga anak (Full Episode) | Wish Ko Lang",https://www.youtube.com/watch?v=tVCPV7VN9Ks,"Lalaking inaresto ng mga awtoridad, pinanggigilan ng mag-asawang naghihintay sa presinto | Resibo",https://www.youtube.com/watch?v=iGaYt_fmVfw,"Paaralan, gustong angkinin ng mga sakim! | MAKA",https://www.youtube.com/watch?v=x2EXHhWu5Kw,"Binata, arestado matapos umanong mangidnap | MAKA",https://www.youtube.com/watch?v=zEJN-qkC0WQ,"Wild Dares - ‘Di nila magamit ang face card nila this time, eh! | MAKA",https://www.youtube.com/watch?v=iq-6UsXGkC4
351,Tasty,Howto & Style,United States,2016.0,Jan,22.0,UCJFp8uSYCjXOMnkUyb3CQ3Q,6404030907,21300000,False,6069,Banana Peanut Butter Bars: Easy & Delicious Snack Recipe!,https://www.youtube.com/watch?v=cypvhoyhYHg,18 Mouthwatering Recipes from Around the World You Need to Try!,https://www.youtube.com/watch?v=aF2u9QguE3E,Why Jeri is Scared of This Tiramisu: Must-See Dessert!,https://www.youtube.com/watch?v=xWpJG5biLmo,Tasty Tries: Is This 1-Star Tiramisu a Total Flop?,https://www.youtube.com/watch?v=7lGKolbJ-kA,The 1-Star Tiramisu Disaster: What Went Wrong?,https://www.youtube.com/watch?v=FnIKAhkdNfU
352,Baim Paula,People & Blogs,Indonesia,2016.0,Jun,4.0,UC5xAPCVizxOfnMECMXkal2Q,4680550505,21100000,False,2501,SUKMA - Teaser Trailer,https://www.youtube.com/watch?v=YBFMrXCUwDc,CURHATAN KENZO LEWAT NYANYIAN BUAT SEISI KAPAL MENANGIS PILU,https://www.youtube.com/watch?v=yMbg4ENfTN4,"TANGISAN PECAH ISTRI SUPIR BAJAJ, TETANGGANYA SAMPE IKUTAN NANGIS",https://www.youtube.com/watch?v=mywHGPzEyfA,KAGET LIAT BANYAK PAKAIAN SENDIRI BERSERAKAN DI TANAH DEPAN PAGAR RUMAH... #SAHUR2025,https://www.youtube.com/watch?v=cJYcRGKlBXk,Lembayung Bts part 10- Kenapa harus ada Telolet di FIlm Lembayung,https://www.youtube.com/watch?v=dxgpLYblPCk
353,nigahiga,Entertainment,United States,2006.0,Jul,21.0,UCSAUGyc_xA8uYzaIVG6MESQ,4414809389,20800000,False,403,"New COVID-19 study Confirms: ""Beating up Asians does NOT prevent Coronavirus""",https://www.youtube.com/watch?v=FfMeHzVtnfs,"Ugh, There's Just Nothing To Do!",https://www.youtube.com/watch?v=KSD2d8uU6Mo,My Midlife Crisis...,https://www.youtube.com/watch?v=Zl9SD3Z7WXA,Body Shaming Drama with Blogilates Fitness Instructor (Ft. Cassey Ho) - Off The Pill Podcast #41,https://www.youtube.com/watch?v=h9S2ZY7qVL4,The Dog Piano!,https://www.youtube.com/watch?v=cOgsueyUBSw
354,Rafa & Luiz,Entertainment,Brazil,2015.0,Aug,26.0,UC6paX0kLA8D81aYogceMufw,11714485174,30700000,False,4357,QUEM PINTA MELHOR O BOOBIE GOODS COM 3 CORES?! #shorts,https://www.youtube.com/watch?v=Ijh9YUodXko,NOS CASAMOS! O DIA MAIS ESPERADO DAS NOSSAS VIDAS!,https://www.youtube.com/watch?v=0alIR9m85WU,CADA BALÃO 1 INSCRITO! #shorts,https://www.youtube.com/watch?v=lUpR9-nre44,O FACE DEIXOU UMA MARCA BIZARRA NA RAFA! - MUITO MEDO,https://www.youtube.com/watch?v=ci8aXH5yo6k,DRONE NO TELHADO! #shorts,https://www.youtube.com/watch?v=qKAxl4nr_Aw
355,Lyrical Lemonade,Entertainment,United States,2013.0,Mar,25.0,UCtylTUUVIGY_i5afsQYeBZA,12571145363,23700000,False,459,Yeat - PUT IT ONG (Official Music Video),https://www.youtube.com/watch?v=oDvMcJZqYrY,Ski Mask The Slump God - Catch Me Outside 2 (Official Music Video),https://www.youtube.com/watch?v=7lQBp-pqiUs,Lyrical Lemonade Live Stream,https://www.youtube.com/watch?v=BfGxA1vjYjk,Nino Paid - Tree On The Hill (Official Music Video),https://www.youtube.com/watch?v=lBsoygvhppE,Lil Yachty - Murda (Official Music Video),https://www.youtube.com/watch?v=QMnpREa1A98
356,Vlad and Niki IDN,,United States,2018.0,Nov,9.0,UCgG9IWOPcCIfQoI00xQBUbg,16522496431,33700000,False,765,Anak-anak berubah menjadi pahlawan super - Cerita mainan lucu untuk anak-anak,https://www.youtube.com/watch?v=uDTpbSZxEqA,Anak-anak belajar tentang pemadam kebakaran dan membantu semua orang!,https://www.youtube.com/watch?v=iKatdHVLORs,Tantangan Es Krim & Semangka untuk anak-anak,https://www.youtube.com/watch?v=cYURwbRpU_I,Anak-anak perempuan belajar pentingnya berbagi dan persahabatan!,https://www.youtube.com/watch?v=DdVkrooOGBo,Petualangan Musim Panas di Kolam Renang untuk Anak-Anak,https://www.youtube.com/watch?v=RbyGXjzzdlI
357,Dr. Vivek Bindra: Motivational Speaker,Education,India,2013.0,Dec,6.0,UCR-foyF-C6VuAlwy3KZMkgA,2062909434,21200000,False,2469,Publicity Without Paying? Learn Brand Hijacking from Samsung vs OnePlus Case!,https://www.youtube.com/watch?v=H1UR2rm4yOk,Delegation System Explained | Strategy Seekho by Dr Vivek Bindra,https://www.youtube.com/watch?v=HXeXMSizQ3o,"जो दूसरों को दोगे, वही ज़िंदगी में वापस आएगा",https://www.youtube.com/watch?v=e9L_X7VWKfU,"What AI, Internet & Credit Cards Teach Us About Asking the Right Question!",https://www.youtube.com/watch?v=3f7ftz-gUkA,Unstoppable Life Begins With Passion | Gita in Action,https://www.youtube.com/watch?v=H2rHF0DfcGw
358,Fatos Desconhecidos,Entertainment,Brazil,2013.0,Sep,26.0,UCbAiIkPobUFy71zlmwVw3jw,4501859116,22600000,False,8134,O Jogo Virou: Agressor enfrenta o Inferno na Cadeia - Entenda o caso,https://www.youtube.com/watch?v=Go2l3mH8HIE,Gornaya Shoria: A Megaconstrução Pré-Diluviana Mais Misteriosa do Mundo!,https://www.youtube.com/watch?v=Oa1gpNfbJpo,TRUMP posiciona submarinos nucleares próximo à Rússia! - Entenda o caso,https://www.youtube.com/watch?v=_LdY6dpEndY,As 5 melhores histórias assustadoras para maratonar,https://www.youtube.com/watch?v=kNYhWpuF80Q,Descoberta Misteriosa no Mar Báltico: O Que se Esconde nas Profundezas?,https://www.youtube.com/watch?v=mmGv8CdKGnc
359,Brave Wilderness,Pets & Animals,United States,2014.0,Sep,8.0,UC6E2mP01ZLH_kbAyeazCNdg,5364328598,21700000,False,1077,BITTEN by Venomous Rattlesnake | Trying to Survive,https://www.youtube.com/watch?v=4eiGD8fnmTo,Loving My Tecovas Boots!,https://www.youtube.com/watch?v=DXhhGtay7W0,I've Taught You Everything. It's Time.,https://www.youtube.com/watch?v=yMiO1Ra7P_o,My Dog Auggie Loves Maev!,https://www.youtube.com/watch?v=TY7ql2DKlKs,STUNG by Meanest Scorpion in Thailand!,https://www.youtube.com/watch?v=H6zP-xAnCJs
360,LIV Crime,People & Blogs,United States,2020.0,Aug,18.0,UCzXpAx4v6rFLYXkJZ5nmSvQ,15089834776,28500000,False,19771,एक Kleptoamiac की Bone Chilling Story | Crime Patrol Satark 2 | Crime Movies,https://www.youtube.com/watch?v=AavRQK28Vps,क्या Widow औरतों को शिकार बनाने वाले Criminal को पकड़ पाएगी Police? |Crime Patrol 2.0 | Twisted Tales,https://www.youtube.com/watch?v=HdQk8AbN6qg,क्या Hotel की Horrifying Mystery को Solve कर पाएगी CID? | CID|सी.आई.डी.| Latest Episode | 5 Aug 2025,https://www.youtube.com/watch?v=9ZxVT7Mbe-c,अपने Officers के ऊपर हुए Attack से भड़क उठे ACP! | CID | सी.आई.डी. | Latest Episode | 6 Aug 2025,https://www.youtube.com/watch?v=muOAiyy3RiI,Spiked Green Tea से कैसा बनाया गया एक Lady को चुड़ैल? | Crime Patrol Satark 2 | Kaatil Kaun?,https://www.youtube.com/watch?v=lkl39BGyJqY
361,Minecraft - Topic,,,2013.0,Dec,20.0,UCQvWX73GQygcwXOTSf_VDVg,0,26800000,False,0,,,,,,,,,,
362,Romeo Santos,Music,United States,2006.0,Jul,31.0,UCyxbZF7_PK4nLiexj0kkCNg,21783110891,22800000,False,56,Romeo Santos - The Making of 'Propuesta Indecente' (Vevo Footnotes),https://www.youtube.com/watch?v=-K6c09zj8fI,Gracias Boston por 2 Sold Outs que jamás olvidaré. 🫶🏽❤️,https://www.youtube.com/watch?v=kP8fe9mmebg,Romeo Santos - Boomerang (Official Video),https://www.youtube.com/watch?v=Bs7oESFZYNo,"Mañana.. Vídeo oficial de ""Boomerang"" 🪃 #RomeoSantos #Boomerang",https://www.youtube.com/watch?v=nRHpKltsv4I,Romeo Santos - Suegra (Official Video),https://www.youtube.com/watch?v=p7ff5EntWsE
363,Canal Canalha,Comedy,Brazil,2011.0,Apr,8.0,UCPHXtOVmjvbP9OJihsd7gCg,2088100516,21200000,False,402,SÓ TEM TAR4D0 NO FACEBOOK! POR ISSO ACABOU 😂 (ft. Renato Albani & Victor Sarro),https://www.youtube.com/watch?v=P78C9NL_xhY,A bisteca PIOR AVALIADA do IFOOD,https://www.youtube.com/watch?v=kfkoef9rj0Q,PROVANDO O DELICIOSO PURÊ DE CIMENTO!!! PIORES AVALIAÇÕES do IFOOD #3 ⭐😂,https://www.youtube.com/watch?v=8K9z1H8-nBk,POR QUE elas fazem ISSO?,https://www.youtube.com/watch?v=zaV5cjBFUDQ,Ele deu uma bicicleta KKKKKKKKKKKK,https://www.youtube.com/watch?v=3gMA-MsFQmI
365,Yoeslan,Entertainment,United States,2020.0,Sep,26.0,UCVtD5iA4rUuOK5cQrB_o4ow,33958445903,34700000,False,1517,Monster found treats inside the can of chips 👻😋🍫 #shorts,https://www.youtube.com/watch?v=9UXuPj_kdXY,Monster rides motorcycle 🍪👻😂 #shorts,https://www.youtube.com/watch?v=V1vFO5zDOIo,He made popcorn to eat with monster 😋👻🍿#shorts,https://www.youtube.com/watch?v=4BNVGVuyCN4,Monster filled his shoes with foam 🤣👻🩴 #shorts,https://www.youtube.com/watch?v=Mcis0BE0F0U,Clown steal’s popsicle from monster 👻🤡,https://www.youtube.com/watch?v=ZA7YmSBZi78
366,5-Minute Crafts DIY,Howto & Style,United States,2018.0,Jan,18.0,UC2etEuPIfohP4P53wM0KImA,5205929954,20200000,False,7069,Parenting Lifesavers 🏖 Emergency Hacks to Save Your Summer Vacation,https://www.youtube.com/watch?v=nKZ9UkJ480E,🔪🍉 Genius Fruit & Veggie Cutting Tricks Chefs Keep Secret,https://www.youtube.com/watch?v=Fr_gu7kFzVI,This Dad Invented Genius Hack for His Baby While His Mother is Away...,https://www.youtube.com/watch?v=2quS6pB7VGA,One Cut = New Outfit ✂️✨ Genius Clothing Transformation Hack,https://www.youtube.com/watch?v=QXia6paekrM,☀️🏖 Brilliant Summer Hacks That Will Save Your Family Vacation,https://www.youtube.com/watch?v=SoirvdQnwY8
367,Zach King,Entertainment,,2013.0,Jun,5.0,UCq8DICunczvLuJJq414110A,22112186405,43000000,False,786,"Trust me, the iced coffee turned out better than that tutorial 😉 #NESCAFÉICEDHacks",https://www.youtube.com/watch?v=-So5Pr70hMQ,Cybertruck Secret Features you STILL don't know about...,https://www.youtube.com/watch?v=2AD7LThWRRg,"Note to self, don’t bring art to life. #promopartner @thesketchmovie",https://www.youtube.com/watch?v=t7mU_k4qNic,What if a painting gets hungry?,https://www.youtube.com/watch?v=ivF__Pc72vU,Mission Impossible or Zach King??,https://www.youtube.com/watch?v=Pnd6LCyiHIU
368,tuzelity SHUFFLE,People & Blogs,Russia,2015.0,Oct,26.0,UCVRqK0tS3B8pVog1HwCR4pg,17608802884,38500000,False,1272,ASTRONOMIA TUZELITY 😱💥 LITTLE BOY DANCING 🤯 TUZELITY SHUFFLE 😎⭐️,https://www.youtube.com/watch?v=Y5T2ZSTcOVI,Шаффл Баттл 🤯 WHO WIN 🏆🤔 NEON MODE 😱 TUZELITY SHUFFLE 🔥🔥,https://www.youtube.com/watch?v=RL5SyyJ2pdE,Шаффл Баттл 😎🔥 WHO WINNER ?🏆 NEON BATTLE 😱 TUZELITY SHUFFLE ⭐️,https://www.youtube.com/watch?v=3ZWMBsAuYv4,Шаффл Баттл 😎⭐️ WHO WIN ? 🤔🏆 NEON MODE 😱🔥TUZELITY DANCE 😂,https://www.youtube.com/watch?v=_wCFSafXYds,LITTLE BOY 😨 SHUFFLE CHALLENGE 😱🔥 NEON MODE 😎,https://www.youtube.com/watch?v=IRaPQOQGmF4
369,NBA,Sports,United States,2005.0,Nov,21.0,UCWJ2lWNubArHWmf3FIHbfcQ,16091815606,23300000,False,69857,The Top Hustle Plays of the Season!,https://www.youtube.com/watch?v=HqgPQIYqmKI,The Thompson Twin's Most Athletic Plays,https://www.youtube.com/watch?v=KdTOnnJ0q8E,Dyson Daniels is UNREAL on Defense!,https://www.youtube.com/watch?v=WH51pkoVKLE,The chasedown block is an ART FORM 🚫,https://www.youtube.com/watch?v=MbBhGtwtaPQ,Anthony Edwards’ pre-game routine is everything!,https://www.youtube.com/watch?v=_qCyVP9oY-Q
370,Deddy Corbuzier,Entertainment,Indonesia,2007.0,Jul,23.0,UCYk4LJI0Pr6RBDWowMm-KUw,7357570558,24700000,False,1986,LOE MAU GAME OF ATTENTION⁉️GUE KASIH‼️TIMOTHY RONALD VS FAKTA2..,https://www.youtube.com/watch?v=aGlMs74tDO0,ANAK SEKOLAH STUDI TOUR KAN NGIKUTIN PEJABAT JALAN2  PAKE UANG 💸 ITU TUH.. KANG DEDI MULYADI,https://www.youtube.com/watch?v=Ud_qtYAgbfM,AKHIRNYA ADA YANG NANGIS BENERAN DI ACARA INI😄 LOGIC KAH? - FRIMAWAN / JENDA MCLOVER,https://www.youtube.com/watch?v=okyPItn6n2Y,"DJ YASMIN NGAKU PERNAH DICIUM WAKTU MANGGUNG‼️ADEKNYA YANG GALAK‼️😂😂- VIDI, DJ FREYA",https://www.youtube.com/watch?v=bmrWbAIpro8,"DJ BRAVY: SEMUA YG DIA CERITAIN ITU BOHONG, PRAZ❗GUE PUNYA SAKSINYA 😤😡- VConk - Ibot - Praz Teguh",https://www.youtube.com/watch?v=jjKWJkbyD1Q
371,Bizarrap,Comedy,Argentina,2017.0,Jan,15.0,UCmS75G-98QihSusY7NfCZtw,10466655523,22700000,False,90,Luck Ra || BZRP Music Sessions #61,https://www.youtube.com/watch?v=GJtrE-SLtZA,Bizarrap x Lismar - SUBIÓ LA TEMPERATURA,https://www.youtube.com/watch?v=sCUlq0obOsg,Lismar || BZRP Music Sessions #60,https://www.youtube.com/watch?v=8onM1VDoTSs,BZRP.ai,https://www.youtube.com/watch?v=mON18i6ydRA,Natanael Cano || BZRP Music Sessions #59,https://www.youtube.com/watch?v=kRlxTJSPKK8
372,Avicii,Music,Sweden,2009.0,Oct,28.0,UCPHjpfnnGklkRBBTd0k6aHg,11873968692,21400000,False,195,10 years of ”Waiting For Love” 💙 #AVICIIFOREVER,https://www.youtube.com/watch?v=jhZlHzaQecM,"Watch the full story behind the new song by Avicii, ”Let’s Ride Away” featuring Elle King ◢ ◤",https://www.youtube.com/watch?v=f1IPHE4DCNs,"Now, let’s ride away ◢ ◤",https://www.youtube.com/watch?v=xZxRtaYq2Wg,Avicii - AVICII FOREVER (360° Visualizer),https://www.youtube.com/watch?v=Zfh1dQayUOk,Avicii - Let's Ride Away feat. Elle King  (Lyric Video),https://www.youtube.com/watch?v=V6Iiuz_3rsE
373,Mnet K-POP,Entertainment,South Korea,2006.0,Mar,9.0,UCbD8EppRX3ZwJSou-TVo90A,18014069894,21900000,False,41615,[#전국반짝투어] 첫 방송 D-6✨,https://www.youtube.com/watch?v=6ZgUwBm50u0,ZEROBASEONE이 알려주는 이번 주 엠카운트다운 라인업은? #엠카운트다운 EP.900,https://www.youtube.com/watch?v=QB8H_aBopeU,✧비주얼캠✧ 아일릿(ILLIT) - jellyous | VISUAL CAM 4K,https://www.youtube.com/watch?v=qCLhZ2aNTIw,[EN] [#전국반짝투어/1화 예고] 광주광역시에 TXT가 떴다! | 8월 12일 (화) 밤 10시 Mnet 첫 방송,https://www.youtube.com/watch?v=Z0TeLoioD2U,[2025 MCD SUMMER AWARDS] j-hope - Killin’ It Girl (Solo Version) #엠카운트다운 EP.899 | Mnet 250731 방송,https://www.youtube.com/watch?v=X1x4BVYnUFc
374,LazarBeam,Gaming,Australia,2015.0,Jan,4.0,UCw1SQ6QRRtfAhrN_cjkrOgA,9897024024,23100000,False,1216,I Got UNREAL Without Dying,https://www.youtube.com/watch?v=t6EiOpE-jQI,I Took Over The Worlds Most Popular Game,https://www.youtube.com/watch?v=hd6-xzUWE1s,"My Nephew Lost $1,000,000 Robux",https://www.youtube.com/watch?v=Qxp-G7X2TRQ,I scammed him...,https://www.youtube.com/watch?v=-BmQIHwZnDY,I CHEATED In Roblox Most Popular Games,https://www.youtube.com/watch?v=XUP23K1I8Xk
375,Ninja Kidz TV,Entertainment,United States,2017.0,Feb,9.0,UCpZ88DWlKW0H_AYDaUZptcw,13717412078,23900000,False,341,Villains are taking over! We need YOUR help! #ninjakidztour #ninjakidztv #fyp #shorts #trending,https://www.youtube.com/watch?v=LSfqhUKf0X0,Multi-Layer Balloon Challenge! #ninjakidztour #ninjakidztv #trending #fyp #shorts #challenge,https://www.youtube.com/watch?v=y5b_cnX8IZ4,This is going to be AWESOME! #ninjakidztour #ninjakidztv #trending #liveshow,https://www.youtube.com/watch?v=THYU9WgZD_Y,Oreo Roll Roulette! #ninjakidztour #trending #shorts #ninjakidztv,https://www.youtube.com/watch?v=z7SiwTqv-dg,GUESS THE SISTER!,https://www.youtube.com/watch?v=7QDztLes4Ls
377,Jake Paul,People & Blogs,United States,2013.0,Sep,19.0,UCcgVECVN4OKV6DH1jLkqmcA,7828380517,20900000,False,1513,Almost had it… 😫 #CELSIUSBrandPartner #CELSIUSLiveFit,https://www.youtube.com/watch?v=NPAdOtwWLP0,You think Ronaldo or Messi can do this?!👍👎,https://www.youtube.com/watch?v=dlJ4XK2g7Jc,How’s this for professional boxing?😆 W is now available on Amazon!,https://www.youtube.com/watch?v=IMGtw0QycHk,HISTORY IS BEING MADE THIS FRIDAY JULY 11TH ON NETFLIX,https://www.youtube.com/watch?v=vNVeK8hYIX0,"Respect to Chavez. Next, World Champ 🔜",https://www.youtube.com/watch?v=bvcxkpEm8Hs
378,Linkin Park,Music,Afghanistan,2006.0,Nov,28.0,UCZU9T1ceaOgwfLRq7OKFU4Q,18779890401,24100000,False,1080,Thank you Brooklyn for stopping by the Linkin Slice Shop.,https://www.youtube.com/watch?v=U2bcCZFxHxo,The Emptiness Machine (Live at Wembley) - Linkin Park,https://www.youtube.com/watch?v=QerbfRokjRM,"Saturday, August 2, 11:30am - 6pm ET. 🍕 Paulie Gee’s Slice Shop in Brooklyn.",https://www.youtube.com/watch?v=rVB8gTcjyNE,"LPTV FROM ZERO: World Tour 2025, Part 6 [Episode 29]",https://www.youtube.com/watch?v=6ooKGcfTO2s,"World Tour 2025, Part 6 [LPTV FROM ZERO: Episode 29] - Linkin Park",https://www.youtube.com/watch?v=PlyJQHULeu0
379,Vijay Television,Entertainment,India,2007.0,Feb,1.0,UCvrhwpnp2DHYQ1CbXby9ypQ,53350653988,27400000,False,129509,Oo Solriya Oo Oohm Solriya - Season 3 | 10th August 2025 - Promo 4,https://www.youtube.com/watch?v=AQ4RYeDNTiI,Oo Solriya Oo Oohm Solriya - Season 3 | 10th August 2025 - Promo 3,https://www.youtube.com/watch?v=C_L7kKsPhhk,Delta Tamizh Anthem | Mysskin 💚 | Super Singer 11,https://www.youtube.com/watch?v=m-qd15Gh03I,Oo Solriya Oo Oohm Solriya - Season 3 | 10th August 2025 - Promo 2,https://www.youtube.com/watch?v=GFicRXTxbjM,Cute-ஆ dance ஆடுறீங்க🤩❤‍🔥,https://www.youtube.com/watch?v=kiAudOPCGqw
380,SlivkiShow,Entertainment,Ukraine,2012.0,Dec,11.0,UCU_yU4xGT9hrVFo6euH8LLw,5204272686,21100000,False,510,ГНЕЗДО С ПТЕНЦАМИ БЫЛО АТАКОВАНО ХИЩНИКОМ,https://www.youtube.com/watch?v=PazgAGw6Bfg,Я СДЕЛАЛ ИДЕАЛЬНЫЙ ШАР ИЗ ОБЫЧНОЙ ЗЕМЛИ - ДРЕВНЯЯ ЯПОНСКАЯ ТЕХНИКА,https://www.youtube.com/watch?v=4MuKDE9z7cQ,"У НАС РОДИЛИСЬ ПТИЧКИ, НО МАТЬ ВЫНЕСЛА СВОЕГО ПТЕНЦА ИЗ ГНЕЗДА",https://www.youtube.com/watch?v=jPIjP3a95IA,"Я ПЕРЕВЕРНУЛ 100 КАМНЕЙ В ЛЕСУ, И ВОТ ЧТО ТАМ НАШЕЛ",https://www.youtube.com/watch?v=kDGNhugeN0U,Куки умер?,https://www.youtube.com/watch?v=XFi1ZLOdoDU
381,Emiway Bantai,Music,India,2013.0,May,3.0,UCHmk8iNJHvf5mGN6_pkPc7g,4280552140,22000000,False,338,Mei hit deta jara 📈,https://www.youtube.com/watch?v=XHS0IOuMaSY,Tu kon? Tu Mera Bacha! 🦁,https://www.youtube.com/watch?v=_whOitjrlAQ,Chalti Hai Double Ʀ,https://www.youtube.com/watch?v=1H2LR2-mWH8,Apun log bombai ke badshah 👑,https://www.youtube.com/watch?v=BNrCScEs-W8,Come to Dubai Habibi 🐪,https://www.youtube.com/watch?v=dSSydJig_kU
382,Got Talent Global,Entertainment,United Kingdom,2013.0,Jan,31.0,UCe_Fx4EZAgKjDz0aQ_Y7hSA,2773268970,21300000,False,1711,UNREAL Crew from India Win The Golden Buzzer With a BONE-BREAKING Dance on America's Got Talent 2025,https://www.youtube.com/watch?v=nDOeVVpldo0,America's Got Talent 2025 ALL AUDITIONS | Week 8,https://www.youtube.com/watch?v=0kx-DmnN_UM,Stand-Up Comedian With a Sit-Down Perspective!,https://www.youtube.com/watch?v=Xxr5eCpD5K4,BRAVE Young Dancer CAPTIVATES The Judges With a BEAUTIFUL Performance on America's Got Talent!,https://www.youtube.com/watch?v=bMpE8wWImhY,Sofía Vergara & Mel B Put Their LIVES on The LINE on America's Got Talent 2025!,https://www.youtube.com/watch?v=pzxHNx245hA
384,BabyBus - Cerita & Lagu Anak-anak,Education,Indonesia,2019.0,Jan,14.0,UC5v3gjCQLFeg8eBXO7ShdpQ,16982948205,26700000,False,1454,"Mobil Kecil, Tantangan Besar! 🚗💨 | Lagu Mobil | Lagu Anak | Ayo ! Neo 🌟| BabyBus Bahasa Indonesia",https://www.youtube.com/watch?v=TcJH0n07Z14,Petualangan Memancing 🎣| Tips Keamanan | Animasi | Kepala Polisi Labrador | BabyBus Bahasa Indonesia,https://www.youtube.com/watch?v=4SqtN1q7IYE,Pertama Kali Pergi ke Sekolah Sendiri | Animasi | Kepala Polisi Labrador | BabyBus Bahasa Indonesia,https://www.youtube.com/watch?v=Ukfe6mxkLUI,"Sikat Gigi, Mulut Tidak Bau! 🪥 | Kebiasaan Baik  | Lagu Anak | Ayo ! Neo 🌟| BabyBus Bahasa Indonesia",https://www.youtube.com/watch?v=X6LVxwiX534,Aduh! Aku Takut Laba-laba | Lagu Lucu | Lagu Anak-anak | Ayo ! Neo 🌟| BabyBus Bahasa Indonesia,https://www.youtube.com/watch?v=CowjrEzFEp8
385,Ami Rodriguez,Entertainment,Colombia,2009.0,Jul,20.0,UCwohKbRK2QnojtLh3p7xwaA,6051417147,32000000,False,775,Le Quitamos Todas las Frutas a Tomy en su Cumpleaños 🎂,https://www.youtube.com/watch?v=-hyLAcxwceE,Juego Imposible de Carros 🚗,https://www.youtube.com/watch?v=lJxoJgGQ67Q,Ranking de Posiciones para Dormir 😴,https://www.youtube.com/watch?v=73VgNWFcMDs,Cami y Jero tienen Gérmenes 🦠,https://www.youtube.com/watch?v=Dpj00PZMCvE,Broma de Regalo a mi Mamá con un iPhone,https://www.youtube.com/watch?v=GlK7quv8K-8
386,Noor Stars,Comedy,United Arab Emirates,2014.0,Apr,24.0,UChOPyo-uWLVi5uO53mSBX-w,3169548876,22000000,False,735,تحدي حقيقتين وكذبة! مع عقاب 😨,https://www.youtube.com/watch?v=9n5_lztOL30,"احزر العراقي | نور ستارز , شمس , قمر , بنين ستارز",https://www.youtube.com/watch?v=tbVwrV6HB6o,مقلب الدلع و التصنع باخواتي  😱,https://www.youtube.com/watch?v=7R3yul-pxCE,حفلة عيد ميلادي 🎂🎉,https://www.youtube.com/watch?v=DmW-a1BRE7o,"احزر التؤام | نورستارز, روان وريان , بنين ستارز",https://www.youtube.com/watch?v=HOLblk5MUZA
387,Family GamesTV,Entertainment,,2012.0,Dec,29.0,UC1DWn4z0nfYRuWprjo3CCKg,11075862,106000,False,41,СУМАСШЕДШИЙ КОРОЛЬ Устроил ЧЕЛЛЕНДЖ на FFGTV! Что ТЕПЕРЬ БУДЕТ Как СБЕЖАТЬ؟ Милана и папа играют,https://www.youtube.com/watch?v=8gaeB7dfVd0,СИМУЛЯТОР СЛАДОСТЕЙ для ПИТОМЦЕВ! Объелись СЛАДОСТЕЙ и Новая Коллекция Питомцев от FFGTV,https://www.youtube.com/watch?v=8oW9TndaJ6Y,Что Сделали МИЛАНА и ДАНЯ с ПАПОЙ?! Кто Здесь ЦАРЬ ГОРЫ?! Приключения ROBLOX Царь горы с Нубами!,https://www.youtube.com/watch?v=XRAsV9_toLc,Я Охотник на ЗОМБИ или Новый СИМУЛЯТОР от ROBLOX  Каких Зомби я Встретил От FFGTV игровой Летсплей,https://www.youtube.com/watch?v=kGpO3xgrsK4,КРЭЙЗИ ЗАЕЗД МУЛЬТЯШНЫХ МАШИНОК на FFGTV! Кто БУДЕТ ПОБЕДИТЕЛЯМ Милана Папа и Даня Играют,https://www.youtube.com/watch?v=PrvrMDv6HtM
388,Kiddiestv Hindi - Nursery Rhymes & Kids Songs,Education,India,2017.0,May,25.0,UCvEAgG7WzPZnZkf9iOV_YCg,9244274730,25200000,False,356,Humpty the train videos & Many More | हम्प्टी ट्रैन और उसके फल दोस्तों से मिलिए  |,https://www.youtube.com/watch?v=ORRgaieDBQE,"Aloo Kachaloo , Chuhe ko Bukhar Hai & Many More Rhymes | Best Hindi Rhymes Hindi #kidsvideo #viral",https://www.youtube.com/watch?v=KDUamSu4zLg,"Ek mota haathi, Chuhe Ko Bukhar Hai, Aloo Kachaloo And Many more Rhymes | Best Rhymes in Hindi",https://www.youtube.com/watch?v=he1QMeIsSn0,Chu Chu Karti Aayi Chidiya | चुन चुन करती आई चिड़िया  | 3D Hindi Rhymes For Children,https://www.youtube.com/watch?v=SZ6ucnZHpYU,Bandar Mama Song | Bandar Mama Pahan Pajama - 3D Animated Hindi Rhymes #hindirhymes,https://www.youtube.com/watch?v=Mi9aoaaz3NY
389,dednahype,Comedy,Latvia,2020.0,Mar,20.0,UCNRl8nOCoUvki2FNFxQZgEg,41355925981,44400000,False,4604,Smartest Kid Ever?,https://www.youtube.com/watch?v=BIPyqYPh9Tg,So Cute 🥰 Sorry Donut 🍩,https://www.youtube.com/watch?v=Cmedz87gzdA,wow real m&m,https://www.youtube.com/watch?v=MhDr6JXPbv4,THE BEST KARMA IN SCHOOL,https://www.youtube.com/watch?v=6ay353S729M,SMALL BUT SMART,https://www.youtube.com/watch?v=BPoBBDmqoAY
390,Marta and Rustam,Comedy,United States,2021.0,Jun,21.0,UCm-Qr3k89gtXcuv2jL29XFw,38625257795,40600000,False,1812,Candy vs Healthy Food. Dieting Is Difficult 😳🥕😂 #shorts #khamitovy #martaandrustam,https://www.youtube.com/watch?v=mauoFgN916w,Smart Girl vs Chocolate Donuts AURA +9999 😱🍩💀 #shorts #khamitovy #martaandrustam,https://www.youtube.com/watch?v=AxoEkUH6Pi8,Water Balloon prank 😱🎈🤣 #shorts #khamitovy #martaandrustam,https://www.youtube.com/watch?v=WF4oL7rJynE,Giant Lollipop vs Giant Nutella 😱🍭🤣 #shorts #khamitovy #martaandrustam,https://www.youtube.com/watch?v=dPd7pjVdEws,How to Fill a Banana with Nutella 😱🍌❤️ #shorts #khamitovy #martaandrustam,https://www.youtube.com/watch?v=ZltTyf6bMyE
391,MiawAug,Gaming,Indonesia,2014.0,Mar,15.0,UC3J4Q1grz46bdJ7NJLd4DGw,7742910958,24300000,False,4515,Dikepung Banyak Serangga - Grounded 2 Indonesia - Part 5,https://www.youtube.com/watch?v=vTA3-MzlvhU,Hari Terakhir ??? Apakah Kita Bisa Kaya Raya ??? - REPO Ft Team Kaciw,https://www.youtube.com/watch?v=e_X319rnjxs,Menuju Misi Baru dan Rumah Baru - Grounded 2 Indonesia - Part 4,https://www.youtube.com/watch?v=wht8w6nHPZI,Akhirnya Dapet Temen Baru - Grounded 2 Indonesia - Part 3,https://www.youtube.com/watch?v=_K4mFVSFrIA,Mencari Telur Semut - Grounded 2 Indonesia - Part 2,https://www.youtube.com/watch?v=2hrMsHlPIto
392,CookieSwirlC,Entertainment,United States,2013.0,Nov,3.0,UCelMeixAOTs2OQAAi9wU8-g,8721569177,21400000,False,1566,What Pebble Unlocks in Dandy's World,https://www.youtube.com/watch?v=S9MskNKlzbw,Giant Nostalgia Haul : Mystery Blind Bag Unboxing,https://www.youtube.com/watch?v=Wl0mLGLOOSo,What Happens When You Unlock Sprout in Dandy's World?,https://www.youtube.com/watch?v=WSkMcmJN-1s,Lababies Lafufu Labubu Real VS Fake Comparison,https://www.youtube.com/watch?v=4rkf1qBUZG8,Weird Dandy's World Roblox Games,https://www.youtube.com/watch?v=tr3un4v3SQ0
393,Skrillex,Music,United States,2010.0,Apr,6.0,UC_TVqp_SyG6j5hG-xVRy95A,7204154677,20400000,False,252,SKRILLEX LIVE @ ULTRA MUSIC FESTIVAL 2025,https://www.youtube.com/watch?v=ni2pGkTPLDo,F*CK U SKRILLEX YOU THINK UR ANDY WARHOL BUT UR NOT!!,https://www.youtube.com/watch?v=Xwml50CG6LA,"Skrillex, Hamdi, TAICHU & OFFAIAH - Push",https://www.youtube.com/watch?v=E89B5VEp1pg,Our track TAKA is live🥁🥁,https://www.youtube.com/watch?v=n7Mp7_SoU1g,Gracias EDC🌹 Viva Mexico 🇲🇽 !!!,https://www.youtube.com/watch?v=yeVuj05skBI
394,AuthenticGames,Gaming,Brazil,2011.0,Oct,7.0,UCIPA6iWNaoetaa1T46RkzXw,8991174434,20100000,False,4844,Finalmente esse momento chegou... 👊,https://www.youtube.com/watch?v=1tep415kK1o,O PLANO PERFEITO PARA DERROTAR os BOSSES DO MINECRAFT! #minecraft #shorts,https://www.youtube.com/watch?v=FOYQMYww9TU,🥅 O DIA QUE CAPTUREI o WARDEN NO MINECRAFT! #minecraft #shorts,https://www.youtube.com/watch?v=FHJO9Rw_heM,🫡 CRIEI um EXÉRCITO para DERROTAR OS BOSSES do MINECRAFT! #minecraft #shorts,https://www.youtube.com/watch?v=r9yYIwaQtB0,"ENFRENTEI O ELDER GUARDIAN, O WITHER E O WARDEN em 1 ÚNICO VÍDEO! 😅",https://www.youtube.com/watch?v=bdEusivB840
395,Robin Hood Gamer,Entertainment,,2013.0,Mar,16.0,UCYtaoJSk9iIrFxx8eZB15ag,11694777469,22100000,False,4578,A VILA DO NARUTO FOI DESTRUÍDA NO FREE FIRE!!,https://www.youtube.com/watch?v=QbMDfdFBPHU,ESSE MONSTRO DO PECOÇO GIGANTE ME OBSERVA DE NOITE NO MINECRAFT!!,https://www.youtube.com/watch?v=ove2wWSO27k,NOVO MORANGO DO AMOR 🍓,https://www.youtube.com/watch?v=MxWrbHGUVsc,A LUA AMALDIÇOADA ACORDOU!! MINECRAFT HEROBRINE HARDCORE #6,https://www.youtube.com/watch?v=bxO64BYO4d0,NATUTO TÁ DE VOLTA NO FREE FIRE!! #freefire #naruto,https://www.youtube.com/watch?v=7CTV6fI7LSs
396,Pencilmation,Film & Animation,United States,2007.0,Feb,1.0,UCUAL--p3qAa27luR0IYbjZA,11726025074,20100000,False,1876,Antique Off,https://www.youtube.com/watch?v=e5HQRJJ7xis,Duck Tape🦆 #funny #animation #animation #comedy #skit #humor,https://www.youtube.com/watch?v=HaM8Z9yGO_k,Hat Today Gone Tomorrow,https://www.youtube.com/watch?v=EATfF7nhAUw,T-Rex Emergency #animation #cartoon #funny #humor,https://www.youtube.com/watch?v=FQwEWEC_iTg,Cash Me If You Can,https://www.youtube.com/watch?v=sex064A9ddg
397,7clouds,Music,United States,2013.0,May,25.0,UCNqFDjYTexJDET3rPDrmJKg,24903326582,29400000,False,3112,"Fuerza Regida, Grupo Frontera - Coqueta (Letra/Lyrics)",https://www.youtube.com/watch?v=BqwV6GJ5Y4w,PRETTYMUCH - Eyes Off You (Lyrics),https://www.youtube.com/watch?v=v7wQdhPO8f4,Nelly Furtado - Say It Right (Lyrics),https://www.youtube.com/watch?v=b6Wvc78yr-k,"Machine Gun Kelly, Camila Cabello - Bad Things (Lyrics)",https://www.youtube.com/watch?v=Y6AVlnX8lbU,Sean Kingston - Fire Burning (Lyrics),https://www.youtube.com/watch?v=mvP3InCaqDE
398,5-Minute Crafts PLAY,Howto & Style,United States,2017.0,Oct,30.0,UC57XAjJ04TY8gNxOWf-Sy0Q,6518904193,20000000,False,7382,Parenting Hacks: Unexpected Uses For Everyday Baby Items,https://www.youtube.com/watch?v=Ujq3uB_5syQ,Must-Know Etiquette Tips to Dodge Awkward Moments!,https://www.youtube.com/watch?v=zsMKP9YIbIs,Surprising Beach Hacks to Supercharge Your Summer,https://www.youtube.com/watch?v=ZOPPl3LUlhk,Delicious Egg Secrets You Can Master Today!,https://www.youtube.com/watch?v=iwRlvO2myw4,Everyday Hacks: Genius Solutions for Common Problems,https://www.youtube.com/watch?v=VAZZ-6TUQ_g
399,Marvel Entertainment,Entertainment,United States,2011.0,May,10.0,UCvC4D8onUfXzvjTOM-dBfEA,6771431571,21600000,False,9890,"The Fantastic Four: First Steps Premiere with Pedro Pascal, Vanessa Kirby, and more!",https://www.youtube.com/watch?v=x-bwXcfoHuc,The Fantastic Four: First Steps | Herald | Now Playing In Theaters,https://www.youtube.com/watch?v=OzNf4q-SzaI,Ghost (Ava Starr) Origin Story | Ant-Man and The Wasp | Official Clip,https://www.youtube.com/watch?v=Ntw65x_wb84,It’s always been them.,https://www.youtube.com/watch?v=ZehXXhTjHFo,Layered Action | Marvel Animation’s Eyes of Wakanda,https://www.youtube.com/watch?v=sMdvRI9kmrk
400,BuzzFeedVideo,People & Blogs,United States,2011.0,Aug,10.0,UCpko_-a4wgz2u_DgDgd9fqA,18047962500,19800000,False,8073,Unsolved: Supernatural x Spotify,https://www.youtube.com/watch?v=eXRIGrKsfaY,Woman Whose Parents Bought Her A House,https://www.youtube.com/watch?v=kHfLdnD6G2c,What Would You Exorcise From the Modern World?,https://www.youtube.com/watch?v=2GgkjEewvsA,Guess The Horror Movie,https://www.youtube.com/watch?v=Wq1kb8OfeWQ,"""My mouth is on fire!""",https://www.youtube.com/watch?v=YUjtSFeTbjg
401,REACT,Entertainment,United States,2007.0,Jun,4.0,UC0v-tlzsn0QZwJnkiaUSJVQ,13666838667,20100000,False,5242,Remember These Forgotten 2010s Songs?,https://www.youtube.com/watch?v=la0t-K68UqE,Jaime couldn't hold still LOL #funny #trend,https://www.youtube.com/watch?v=c8paXfAtOWk,Millennials Guess The 2000s Pop Punk Song!,https://www.youtube.com/watch?v=vYRMze09yrs,Who’s most likely to... with the cast of Zombies 4 Dawn of the Vampires #Disney #zombies4 #game,https://www.youtube.com/watch?v=YEEAU78vEwg,Keith LOL #funny #singing #challenge,https://www.youtube.com/watch?v=BvSTAE2P6Co
402,Vevo,Music,United States,2006.0,Apr,14.0,UC2pmfLm7iq6Ov1UwYrWYkZA,598122812,20000000,False,2308,@ChappellRoan  “The Subway” | Global Video of the Week,https://www.youtube.com/watch?v=kWIqAXcHCmU,"@hayleywilliams ""Ego Death At A Bachelorette Party""",https://www.youtube.com/watch?v=AexKsvLhXXk,@Tylaofficial x @StarBoyTV - DYNAMITE,https://www.youtube.com/watch?v=qmA-RfWGACI,@runo_plum - Lemon Garland DSCVR New Music,https://www.youtube.com/watch?v=UlQ49SRmhi8,@alessirose - Dumb Girl (visual + lyrics) - DSCVR New Music,https://www.youtube.com/watch?v=0BhHFmpoEnE
403,Gordon Ramsay,Entertainment,United Kingdom,2006.0,Apr,29.0,UCIEv3lZ_tNXHzL3ox-_uUGQ,4466205892,21600000,False,1947,"""Finally Some Good F–ing Food"" | Kitchen Nightmares | Gordon Ramsay",https://www.youtube.com/watch?v=iyAxgV1SvPU,When Tom Holland broke the internet...umbrellas were included,https://www.youtube.com/watch?v=AjoyR7EIkPA,Maybe Tom Holland needed his new Spider-Man suit to open this jar 😂,https://www.youtube.com/watch?v=zD49TClnlBw,Tom Holland and Gordon Ramsay Bond Over A Spicy Fried Chicken Sandwich,https://www.youtube.com/watch?v=PO6V4SKsTpY,Two Slices of Bread. One Robot.,https://www.youtube.com/watch?v=EkAHjPkvGSg
404,Pentatonix,Music,Canada,2006.0,Mar,9.0,UCmv1CLT6ZcFdTJMHxaR9XeA,6608201595,20500000,False,323,The @statefarm jingle… but make it A Cappella. #StateFarmPartner,https://www.youtube.com/watch?v=TVg-aa2dsPk,Pentatonix - Daft Punk (Live),https://www.youtube.com/watch?v=4Qmc3vZiqs4,Who remembers this one? Maybe we’ll release the full video soon… 😉,https://www.youtube.com/watch?v=7l3m1r5iIBg,LITERALLY US 😭,https://www.youtube.com/watch?v=OkJdKwA46Ug,I’M LETHARGIC 🙄 @scotthoying,https://www.youtube.com/watch?v=XfwR-IBldu4
405,Green Gold TV - Official Channel,Film & Animation,India,2011.0,Jul,1.0,UCiBigY9XM-HaOxUc269ympg,10916132815,21900000,False,2822,Story of Every Brother and Sister. Full video drops tomorrow @GreenGoldTV | Raksha Bandhan Special,https://www.youtube.com/watch?v=nCPpRa1tTYQ,Guess the Movie #chhotabheem #GuesstoWin #Shorts,https://www.youtube.com/watch?v=7LKSXfm5Yro,Fun with Mighty Raju #mightyraju,https://www.youtube.com/watch?v=OZ5HrzR-lrE,Mighty Little Bheem #shorts #mightylittebheem,https://www.youtube.com/watch?v=pj0WBqAaXXU,Chhota Bheem - Jaadu se Badla Roop | Cartoons for Kids | Funny Kids Videos,https://www.youtube.com/watch?v=3YFzVAfUpJg
406,Gusttavo Lima Oficial,Music,Brazil,2010.0,Nov,9.0,UCXooz9whNJZBRTHi9AqdjPw,17644694586,21400000,False,787,Um sol de 40 graus e no fone tocando o bb!!! 😅🏛️,https://www.youtube.com/watch?v=jAYmxD1dGmU,Conhecer as manhas e as manhãs…,https://www.youtube.com/watch?v=xlDmq0bkSqY,Foi aqui que pediram uma moda boa de se ouvir? Awoo 🏛️🥃,https://www.youtube.com/watch?v=X6ZJJEb9OrE,Quando a chuva passar… 🏛️,https://www.youtube.com/watch?v=TrJItMxc4l0,Ninguém te completava como aquele…? 🏛️ #sujeito,https://www.youtube.com/watch?v=9atUq5ERcAI
407,HaerteTest,Science & Technology,Germany,2011.0,Sep,6.0,UCqsS8fU6yVxrJr5y_CoUn3w,3475459283,19500000,False,1842,"FANTA BALLOON VS CAR, Coca Cola Zero, PowerAde, Fanta, Sprite, Fruko and Mentos Different Undergroun",https://www.youtube.com/watch?v=TghDBIzKv2s,"Coca Cola, Fanta,Sprite und Mentos |  Experiment #Shorts",https://www.youtube.com/watch?v=X8dRnPs8FSA,"COCA COOA BALLOON VS CAR, Coca Cola Zero, PowerAde, Fanta, Sprite, Fruko and Mentos Different Underg",https://www.youtube.com/watch?v=q78VmDb68pE,"BIG ICE VS CAR, Coca Cola Zero, PowerAde, Fanta, Sprite, Fruko and Mentos Different Underground",https://www.youtube.com/watch?v=2vGRoFW-n04,"Coca Cola, Fanta,Sprite und Mentos |  Experiment #Shorts",https://www.youtube.com/watch?v=tRehobCI-ws
408,Crafty Panda,People & Blogs,United States,2017.0,Dec,3.0,UC03RvJoIhm_fMwlUpm9ZvFw,5861128615,19200000,False,1252,When Ketchup Looks Too Real... 🫣🔴 #EpicPrank,https://www.youtube.com/watch?v=pM33EqgPCeE,Don't Eat That! 😱🍬 #FoodPranks,https://www.youtube.com/watch?v=bFCT5NWjwsU,No Pets or Food? Challenge Accepted! 😎🐾🍟 #CraftyPrank,https://www.youtube.com/watch?v=BGOPV1rZAkA,Oops! Coke on Her Dress?! 😱🥤👗 #PrankGoneWrong,https://www.youtube.com/watch?v=ZPeoOD8CiaM,Zombie Classmates & Smart School Tricks! 🧠📘,https://www.youtube.com/watch?v=zcWu0IswYQw
409,SOMOY TV,News & Politics,United States,2013.0,Nov,16.0,UCxHoBXkY88Tb8z1Ssj6CWsQ,19385475617,27500000,False,253052,চরফ্যাশনে বিএনপির বিজয় সমাবেশ | Char Fasson | BNP News | Drone | Victory Assembly | Somoy TV,https://www.youtube.com/watch?v=BFqyLj3VKes,এনসিপির ৫ নেতাকে শো-কজ | NCP | Cox's Bazar | 5 August | July Revolution | Somoy TV,https://www.youtube.com/watch?v=PRJYVCBejqc,ফেরুয়ারিতে নির্বাচন আয়োজনে ইসিকে চিঠি দিয়েছে প্রধান উপদেষ্টার কার্যালয় | Chief Adviser | EC,https://www.youtube.com/watch?v=1KLcStKb9mo,পিরোজপুরে বিএনপির বিজয় র‍্যালিতে হাজারও মানুষ | Pirojpur News | BNP | Victory Rally | Somoy TV,https://www.youtube.com/watch?v=uKwChg7IJws,২২ বছর আগের ত্রিপল মা র্ডা র: ৩ জনের যাবজ্জীবন | Naogaon News | Somoy TV,https://www.youtube.com/watch?v=0h6Fu7XbISA
410,JennaMarbles,Comedy,United States,2010.0,Feb,16.0,UC9gFih9rw0zNCK3ZtoKQQyA,1862934169,19500000,False,250,Making A Dog Birthday Cake,https://www.youtube.com/watch?v=KHCfr7qvkJs,Bunny Eating Things Politely,https://www.youtube.com/watch?v=SDoUH4pmZkw,Tie-Dying My Clothes With Bleach,https://www.youtube.com/watch?v=7L7K9YYFn8E,Tiny Face Makeup,https://www.youtube.com/watch?v=jWAWc9_21J0,My Progress in Men's Haircuts,https://www.youtube.com/watch?v=0uFDfQu7D5k
411,Troom Troom Es,People & Blogs,,2016.0,Feb,5.0,UCu6oyJJ6PlkeNNv6n26ZNyA,7883593158,20700000,False,3457,¡Desafío de una Casa de Color! ¡Cuartos Secretos de Sirenas vs Vampiros!,https://www.youtube.com/watch?v=Kag40pckIEs,¡De Nerd a Bailarina Cappuccina! ¿Cómo hacerse Popular en la Fiesta de Brainrot Italiano?,https://www.youtube.com/watch?v=25bvUlAbosc,¡Salva a este Pequeño Gato! Bailarina Capuccina vs Tralalero Tralala,https://www.youtube.com/watch?v=lMuIR2VubdI,¡Fui Adoptado por Tun Tun Tun Sahur y Tralalero Tralala! ¿Cómo Convertirse en Bombardiro Crocodilo?,https://www.youtube.com/watch?v=SSkAX4o1lW8,¡Construyo una Pequeña Casa Secreta! ¡Chica Pobre versus Rica versus Millonaria!,https://www.youtube.com/watch?v=uXXNmx6jwuo
412,Official Pink Panther,Film & Animation,United States,2011.0,Oct,6.0,UCFeUyPY6W8qX8w2o6oSiRmw,12905877112,22300000,False,933,he was just giving them an example,https://www.youtube.com/watch?v=7wNnioAmMYY,Pink Panther | Big Nose Fails | Episode Compilation,https://www.youtube.com/watch?v=YIeokMLHNqc,Pink Panther | Travel Diaries Pt. 2 | Episode Compilation,https://www.youtube.com/watch?v=ML_XmbOYm1o,still think we’re wrong? deal with it.,https://www.youtube.com/watch?v=NmICHSrHg00,"and if you think we’re wrong, YOU are!",https://www.youtube.com/watch?v=9_AAalF0hE8
413,Britain's Got Talent,Entertainment,United Kingdom,2008.0,Apr,12.0,UCUtZaxDF3hD5VK4xRYFBePQ,12327794756,21000000,False,5406,We broke the replay button 🔥 #BGT #BritainsGotTalent,https://www.youtube.com/watch?v=Llvk_MW2wZA,One word: MAJESTIC! 🛼 #BGT #BritainsGotTalent,https://www.youtube.com/watch?v=Sl76NKEjXmw,Jack Rhodes makes jaws drop with MIND-BENDING MAGIC! | Unforgettable Audition | Britain's Got Talent,https://www.youtube.com/watch?v=uhSemYpgdNE,Series 18's most AWESOME TWOSOMES! | Auditions | BGT 2025,https://www.youtube.com/watch?v=J6FBasyr3NU,When Judges take part in AUDITIONS! | BGT 2025,https://www.youtube.com/watch?v=e581S7imF9U
414,SCTV,Entertainment,United Kingdom,2006.0,Mar,25.0,UCFb0L4MQziTjEsJKTbFgm8Q,18352464,84800,False,109,SCTV's Tex & Edna Boil with Andrea Martin and Dave Thomas,https://www.youtube.com/watch?v=_FTfWkWjr_w,SCTV Lola Heatherton in Concert with Catherine O'Hara,https://www.youtube.com/watch?v=dDU5l4ewaRc,"John Candy as Babe Ruth on SCTV with Catherine O'Hara, Joe Flaherty and Harold Ramis",https://www.youtube.com/watch?v=7utVA0krAWI,John Candy in SCTV's Raging Bull-B-Q featuring Catherine O'Hara and Rick Moranis,https://www.youtube.com/watch?v=b3h1rCnzneo,"SCTV Mind Games with Eugene Levy, Catherine O'Hara, Andrea Martin and Dave Thomas",https://www.youtube.com/watch?v=P0Nf3bhOm_k
415,AS Gaming,Gaming,United States,2009.0,Mar,5.0,UCeLhwMKSpjkgq_vytgfb-sw,165688384,708000,False,2560,GTA 5: Franklin & Shinchan Try To Escape Evil Army In Gta5...! ( Gta5 mods),https://www.youtube.com/watch?v=ZLC36sFjGSY,സീൻ സൈക്കിൾ #gta #gta5roleplay,https://www.youtube.com/watch?v=04R51ffgkWE,ഇത് ഞാൻ അനുവദിക്കില്ല 😡 #gta #gta5roleplay,https://www.youtube.com/watch?v=0aMtV2IJFIQ,GTA 5: Shinchan & Franklin Becomes Los Santos Best Boxer In Gta5...! ( Gta5 mods ),https://www.youtube.com/watch?v=D9W-HBUmPXA,GTA 5: Franklin & Shinchan Grow Big Watermelons Outside Their House In Gta5...! ( Gta5 mods ),https://www.youtube.com/watch?v=y1_c5ccAYbY
416,Sony AATH,Shows,United States,2013.0,Nov,13.0,UCBz9qbqujcjIavFmBJW2oZw,22447789211,29000000,False,25819,Finding Light In The Darkness | Crime Patrol Satark | ক্রাইম প্যাট্রোল | Full Episode,https://www.youtube.com/watch?v=3mrJCjF5XPk,The Monkey Man Mystery | CID | সিটি ই ডি | Unusual Investigations,https://www.youtube.com/watch?v=GAhyl2T_21M,New! যশোদা মায়ের নন্দলাল | Jashoda Mayer Nandalal | Ep 31 | Teaser,https://www.youtube.com/watch?v=_C8y5gXMedQ,New! বীর হনুমান - বলো বজরংবলীর জয় | Veer Hanuman - Balo Bajrangbalir Joy | Ep 73 | Teaser,https://www.youtube.com/watch?v=CEa3Clox854,স্বর্গ যাত্রা | Fun Time With Gopal | Gopal Bhar,https://www.youtube.com/watch?v=zryn8bfEQn8
417,tabii Urdu,Entertainment,Turkey,2020.0,Apr,17.0,UCfiM9_Me5QJBEr0PItkbXgw,11205418661,21000000,False,2422,Mera Haath Na Chourdna | Qist 24 [URDU DUB],https://www.youtube.com/watch?v=wayli-5hwwY,"Phoolon ko bhi pyaar ki zaroorat hoti hai.Dekho Naujawab Ibn-e-Sina, tabii.com par Urdu dubbing main",https://www.youtube.com/watch?v=Snmm3_lOAeM,Kirdaar buland ho to mukhalif bhi dost main tabdeel ho jaata hai.,https://www.youtube.com/watch?v=q-nioN4WdaE,Mera Haath Na Chourdna | Qist 23 [URDU DUB],https://www.youtube.com/watch?v=s3V9ZEJ5LEE,"Kuch logon ko peeche nahin chorra ja sakta. Drama Banafshi, dekho tabii.com par, Urdu dubbing main.",https://www.youtube.com/watch?v=_vXNOlUAzVo
418,DaFuq!?Boom!,Film & Animation,United States,2016.0,Jun,6.0,UCsSsgPaZ2GSmO6il8Cb5iGA,19285391224,46300000,False,309,skibidi toilet 79 (part 1),https://www.youtube.com/watch?v=zo4g2Ue-zEo,speakermen return (skibidi toilet 78),https://www.youtube.com/watch?v=iggX_56lGfo,skibidi toilet 78,https://www.youtube.com/watch?v=HoS7mffQ2YQ,skibidi toilet - season 25 (all episodes),https://www.youtube.com/watch?v=WSKKzzYJxv0,lucky cameraman interrogation (skibidi toilet season 25),https://www.youtube.com/watch?v=HOOWmCEPuF0
419,Clash of Clans,Gaming,United States,2013.0,Jan,31.0,UC04Giua-e8mkLOxXaNMQB4w,2111896,28400,False,418,This PRO Army is BREAKING the Game in Clash Of Clans,https://www.youtube.com/watch?v=gDsoUzJhQbM,Dragon Riders are SIMPLE and POWERFUL in Clash Of Clans,https://www.youtube.com/watch?v=VUbd7NBEYmE,The EASIEST (No Electro Boots) Dragon Army in Clash Of Clans,https://www.youtube.com/watch?v=GS5tLRcGVFQ,Zap Dragons are BACK and DOMINATING at the Highest Level in Clash Of Clans,https://www.youtube.com/watch?v=P3Od3H4nqdc,The Azure Dragon makes this army EVEN STRONGER in Clash Of Clans,https://www.youtube.com/watch?v=ye-jbvHHzCo
420,RKD Studios,Entertainment,India,2014.0,Mar,14.0,UCjBwQ6M9QyCgO5Pp-TQRFUA,7004552527,26500000,False,1190,Guardian | Hansika Motwani's Birthday Special | 2025 Latest Horror Hindi Dubbed Action Movies,https://www.youtube.com/watch?v=AZSfvSKEqG4,Inspector Satya Ne Guru Ke Gundo Ko Sabak Sikhaya | The Warriorr Best Action Scene | Ram Pothineni,https://www.youtube.com/watch?v=-cmOseTgLmA,Srii Murali Best Action Scene | Madhagaja Back To Back Action Scenes | Jagapathi Babu Best Dialogues,https://www.youtube.com/watch?v=8k8bJsWq-k0,Happy Birthday Genelia | Ram Ki Jung Best Hindi Dubbed Action Movie | 2025 Latest Ram Charan Movies,https://www.youtube.com/watch?v=IIFr3krknAw,"रोमियोपंती मूवी के रोमॅंटिक सीन्स | Romeopanti Best Romantic Scenes | Pallak Lalwani, Naga Shaurya",https://www.youtube.com/watch?v=TMGoTLYnbn4
421,DLS News,News & Politics,India,2017.0,Jul,5.0,UCw0ry7cLRUnq3Oaszlhgqfg,3434909175,22700000,False,6951,ट्रम्प ने भारत पर 25% एक्स्ट्रा टैरिफ लगाया: अब कुल 50% टैरिफ; भारत बोला- ये कार्रवाई... US News,https://www.youtube.com/watch?v=u7LC3lorTzQ,"अब अगले 2 दिन (7, 8 अगस्त को) फिर होगी भारी बारिश इन राज्यों में, UP, उत्तराखंड, हिमाचल",https://www.youtube.com/watch?v=yvO54Y9VxQ0,"Today Breaking News ! आज 6 अगस्त 2025 के मुख्य समाचार बड़ी खबरें, PM Modi, UP, Bihar, Delhi, SBI",https://www.youtube.com/watch?v=HinuckvTcik,भारत में सोने की कीमतें इस साल दिसंबर 2025 तक कितने रुपए (₹) प्रति 10 ग्राम तक पहुंच सकती हैं,https://www.youtube.com/watch?v=lwTE5mhrbdI,"कल-परसों- बुधवार, गुरुवार: 2 दिन  (6, 7 अगस्त को) फिर होगी भारी बारिश बाढ़ की चेतावनी UP, बिहार, RAJ",https://www.youtube.com/watch?v=3Mdaqmv_poI
422,JukiLop,People & Blogs,Mexico,2017.0,Sep,15.0,UCHDeuavvkVwDyJgRFVfbpXA,1620416777,19800000,False,85,KATIAVLOGS Y JUAN DE DIOS PANTOJA SE CASARÁN  😔 JUKILOP,https://www.youtube.com/watch?v=Zuwlf3RBb8A,QUIEN ES MAS PROBABLE DE SER UN TRAIDOR 😱 JUKILOP,https://www.youtube.com/watch?v=Qa66ZKZa9yM,NO EMPUJES LA CAJA INCORRECTA 📦 😱 JUKILOP,https://www.youtube.com/watch?v=6F0v5xxDYfo,ESTO PASA AL TOMAR REFRESCO BAJO EL AGUA 💧😱 #CumpleElRetoJukilop2,https://www.youtube.com/watch?v=cYcBHG3BupI,EL MEJOR REGALO DE PARTE DE USTEDES 😱 JUKILOP,https://www.youtube.com/watch?v=VAKCeDCzUu4
423,etvteluguindia,Entertainment,India,2010.0,Mar,15.0,UCSs9H1cyB3OHdy8wkit8ZKg,29272381233,22700000,False,162759,Manasantha Nuvve Latest Promo | Episode No 1112 | 7th August 2025 | ETV Telugu,https://www.youtube.com/watch?v=yJSlt4qUA1g,Manasantha Nuvve Best Scenes: 5th August 2025 Episode Highlights | Watch Full Episode on ETV Win,https://www.youtube.com/watch?v=ZucyfBrLXro,#shorts -Ali Entry at ETV’s 30-Year Celebration | August 23rd & 24th @ 7 PM | #ETV@30,https://www.youtube.com/watch?v=aMiPu6eiHoo,Bommarillu Best Scenes: 5th August 2025 Episode Highlights | Watch Full Episode on ETV Win,https://www.youtube.com/watch?v=wcZHYtAoAH4,Bommarillu Latest Promo | Episode No 238 | 7th August 2025 | ETV Telugu,https://www.youtube.com/watch?v=49lKBWWE_jk
424,FIFA,Sports,Switzerland,2006.0,Sep,6.0,UCpcTrCXblq78GZrTUTLWeBw,7708804085,23600000,False,12025,WILD WORLD CUP ENDING! Argentina vs Switzerland,https://www.youtube.com/watch?v=rGqHAIedRXg,FIFA Volunteer Theme x FIFA World Cup 26™ by DJANE VIOLET,https://www.youtube.com/watch?v=Q9VmxMEb1_g,Saudi Arabia shock Argentina! World Cup Highlights,https://www.youtube.com/watch?v=_A64Dq1CFEk,A World Cup Final that Argentina will never forget,https://www.youtube.com/watch?v=TNyOKB4C1bY,"FIFA's FIRST EVER halftime show at the Club World Cup, presented by Panini",https://www.youtube.com/watch?v=zJfixIE8guQ
425,Manoj  parihar,,India,2021.0,Mar,2.0,UCs3Qk9MxzfAhfQG3F4jpZnQ,7259,50,False,43,एक शाम को पुरबजीके नाम,https://www.youtube.com/watch?v=597bNM-D4pw,एक शाम पुरबजी नाम,https://www.youtube.com/watch?v=fpMhItcJs5o,20 जून 2022,https://www.youtube.com/watch?v=wM8a3iYyeww,निप्पल की पावन धरती भजन संध्या पूरब जी के नाम भजन गायक मनोज प्रजापत,https://www.youtube.com/watch?v=Zn9YWtY-f2g,20 जून 2022,https://www.youtube.com/watch?v=HfEHqFXFjQY
426,Vsauce,Science & Technology,,2007.0,Jul,30.0,UC6nSFpj9HTCZ5t-N3Rm3-HA,6148624500,24300000,False,609,All The Ghosts You Will Be,https://www.youtube.com/watch?v=xHd4zsIbXJ0,The Bezold Effect,https://www.youtube.com/watch?v=3Yqu30QHkro,Does Hand-Fanning Actually Work?,https://www.youtube.com/watch?v=ufe55fG5zVA,The 13 Trick,https://www.youtube.com/watch?v=d4xzmMuJTWs,Mnemonics,https://www.youtube.com/watch?v=d9PKYi0l1oo
427,Unbox Therapy,Science & Technology,,2010.0,Dec,21.0,UCsTcErHg8oDvUnTzoqsYeNw,4904227041,24700000,False,2400,DJI Goes Full 360 🔄,https://www.youtube.com/watch?v=dwdliWSiBUc,They Made it Even Smaller...,https://www.youtube.com/watch?v=5ykTn3_nV1o,Tiny but powerful,https://www.youtube.com/watch?v=GybNH7LcJm0,Robot or Sports Car?,https://www.youtube.com/watch?v=rGGs6QFmN9s,What’s a UV Printer?!,https://www.youtube.com/watch?v=ID2AaCxQIYA
428,shane,People & Blogs,United States,2005.0,Sep,22.0,UCV9_KinVpV-snHe3C3n1hvA,4416935224,18700000,False,573,MIND BLOWING CONSPIRACY THEORIES with SHANE DAWSON!,https://www.youtube.com/watch?v=5c7eY6PHx0I,MIND BLOWING CONSPIRACY THEORIES with SHANE DAWSON,https://www.youtube.com/watch?v=P0RsRLMAVK8,MIND BLOWING CONSPIRACY THEORIES with JEFFREE STAR!,https://www.youtube.com/watch?v=8JdrKQgziLo,MIND BLOWING CONSPIRACY THEORIES!,https://www.youtube.com/watch?v=ynSSHMbHsIU,Conspiracy Theories with Shane Dawson,https://www.youtube.com/watch?v=sNH--374MzU
429,Sonotek,Entertainment,India,2011.0,Jan,11.0,UC3zVeAaoPEN1Tu25dW3G2Ig,8513959138,20700000,False,8398,Robotic Chori (Official Video) Viral Robotic Woman | Haryana Ki Robotic Bahu (Viral Video) Sonotek,https://www.youtube.com/watch?v=_rNS_W7y1hc,Feeling (Official Video) Vijay Varma | Anjvi Singh Hooda | New Haryanvi Song 2025 | Sonotek,https://www.youtube.com/watch?v=b6c_v0fRVq0,Mujhko Saali Chahiye (Official Video) Usman Bharti | Akshara Singh | Vishal | | New Song | Sonotek,https://www.youtube.com/watch?v=skyHIymNXOI,Bhole Baba Ki Nayi Machine 3 (Official Video) Rajesh Singhpuria | Mohit | New Haryanvi Song 2025,https://www.youtube.com/watch?v=1MfqzK2KQQA,Pyar Bholenath Se (Official Video) Surya Pandit | Narshi | Anita Jangra | New Haryanvi Song 2025,https://www.youtube.com/watch?v=uGc84Qey3dc
430,Jimmy Kimmel Live,Entertainment,United States,2006.0,Sep,20.0,UCa6vGFO9ty8v5KZJXQxdhaw,12989900309,20700000,False,7498,Jelly Roll Sings a Power Ballad to Haters Talking Trash About Him Online,https://www.youtube.com/watch?v=UD4fBcmjOHU,This Week in Unnecessary Censorship,https://www.youtube.com/watch?v=ZW6-5uwUcKw,"Wildlife Documentarian Bertie Gregory on Swimming with Sharks, Escaping Elephants & Diving Penguins",https://www.youtube.com/watch?v=yZUmjK4x6So,"Mariah Carey on Her Personal Wind Machine, Signing Rihanna's Boobs, Shopping at Ralphs & New Album",https://www.youtube.com/watch?v=8ayP-SXX4Dw,Guillermo was Born to Be DANNA’s Backup Dancer - Sponsored by Tequila Don Julio,https://www.youtube.com/watch?v=AXRBKECcMlA
431,TheOdd1sOut,Comedy,United States,2014.0,Aug,30.0,UCo8bcnLyZH8tBIH9V1mLgqQ,5450426569,20500000,False,180,Why My Desktop Looks Like a Dump,https://www.youtube.com/watch?v=kTOFz5YS588,Let's go Gambling?,https://www.youtube.com/watch?v=wYaZQh_79-4,My First Pokemon Nuzlocke,https://www.youtube.com/watch?v=USmN2UetrzY,Spider Soap Opera,https://www.youtube.com/watch?v=erZvC4wo2mE,Brainpower,https://www.youtube.com/watch?v=kXQWSJpOKtU
432,Goldmines Great Indian Comedy,Film & Animation,,2016.0,Aug,29.0,UC76Yc75RGWonijH02CIhPaw,6872554699,26300000,False,4935,सुबह से जयम रवि ने 150000 रुपये उड़ा दिए,https://www.youtube.com/watch?v=qGW0Ca_i8J8,अनु इमैनुएल को विशाल के यहाँ नौकरी चाहिए,https://www.youtube.com/watch?v=HWlfbZzlvjQ,अल्लू अर्जुन का खतरनाक एक्शन सीन मूवी सोन ऑफ़ सत्यमूर्ति,https://www.youtube.com/watch?v=nMb_LwH-6gM,Sketch (HD) | Vikram's Blockbuster Action Movie | Tamannaah Bhatia | विक्रम सुपरहिट फिल्म,https://www.youtube.com/watch?v=1CJAE3-d2EM,Raghu Babu Ab Jr Ntr Ke Sath Rahena Chahta Hai,https://www.youtube.com/watch?v=od6nCv8yfms
433,Lil Nas X,Music,,2018.0,May,19.0,UC_uMv3bNXwapHl8Dzf2p01Q,7380379003,19500000,False,60,Lil Nas X - LEAN ON MY BODY (Lyric Video),https://www.youtube.com/watch?v=7KcIGDTdvs8,Lil Nas X Live Stream,https://www.youtube.com/watch?v=rYDC1hHlwJY,Lil Nas X - HOTBOX (Performance Video),https://www.youtube.com/watch?v=WrxnpBHpF8A,HOTBOX OUT NOWWWW!!! 💞💞😭,https://www.youtube.com/watch?v=376zKL035Ko,Loveeee 💕@YouTubeMusic,https://www.youtube.com/watch?v=dIk_ojyTamw
435,SUPER SLICK SLIME SAM,Howto & Style,Mexico,2018.0,Jan,23.0,UCfRgJADdLXwrcjIuTxn_u3Q,9480958010,22400000,False,1644,¡Peinado de fantasma divertido para mamá y para mí! 👻,https://www.youtube.com/watch?v=4yvsvKAZtco,COMIDA REAL vs. COMIDA FALSA || ¡Desafío de Cocina! Trucos y Recetas de Cocina,https://www.youtube.com/watch?v=Eol13HmGwzY,¡Combate el calor! ¡Diversión con globos acuáticos! ¡Manualidad perfecta para el verano! 🎈☀️💦,https://www.youtube.com/watch?v=u1EUBoVmNQ4,"Ponis discuten, pero el arte los une: un colorido cuento de amistad 💖✨",https://www.youtube.com/watch?v=aV1AWD2RuOE,¡Desafío de arcilla mágica vs. Slime Sam! ⏳🌅 ¡5 Manualidades asombrosas!,https://www.youtube.com/watch?v=ZY-4WmF8v8o
436,Wow Kidz Action,Film & Animation,India,2017.0,Nov,8.0,UCCyKsYaRi62axS-kasXW7wA,12139654742,26500000,False,7599,Agrom Ko Khatra Hai | Gormiti Hindi Youtube Shorts | Lords of Nature Super | Wow Action #OTM,https://www.youtube.com/watch?v=A_iNc6yjgCk,Vir The Robot Boy | Mad Max Ki Super Idea | Vir Seven Suit Compilation | Wow Action,https://www.youtube.com/watch?v=YM0Uc2PWe0E,Armor Ka Best Dost | Armor Monster Compilation #OTM,https://www.youtube.com/watch?v=rUP_NhNn0Us,Kicko Ko Khatra | Kicko & Super Speedo | 3D Popular Hindi Shorts 2025 | #Kicko,https://www.youtube.com/watch?v=FP1H9ouxQPk,Vir The Robot Boy | Vir Vs Gajodhar Hathi Ki Fight | 08 | Hathi Ki Badmashi | Hindi Shorts #S04E01,https://www.youtube.com/watch?v=4APM5lFX9Qg
438,Calvin Harris,Music,United Kingdom,2007.0,Feb,11.0,UCIjYyZxkFucP_W-tmXg_9Ow,18132538587,19500000,False,97,"Calvin Harris, Clementine Douglas - Blessings (COASTR. Remix - Official Audio)",https://www.youtube.com/watch?v=yNzPn9VRDK0,"Calvin Harris, Clementine Douglas - Blessings (MistaJam Remix - Official Audio)",https://www.youtube.com/watch?v=uVco39tQlxk,"Calvin Harris, Clementine Douglas - Blessings (Schak Remix - Official Audio)",https://www.youtube.com/watch?v=c4KVYBJXYQo,"Calvin Harris, Clementine Douglas - Blessings (Will Clarke Remix - Official Audio)",https://www.youtube.com/watch?v=K4DBhAYesUg,"Blessings (HUGEL, Adam Trigger & Casa Mata Remix - Official Audio)",https://www.youtube.com/watch?v=BJkITY8vqHE
439,KBS WORLD TV,Entertainment,South Korea,2007.0,Jan,6.0,UC5BMQOsAB8hKUyHu9KI6yig,17539276098,20300000,False,79984,ILLIT アイリット 아일릿 - jellyous #EndingFairy #KpopShorts #MusicBank #Shorts | KBS WORLD TV,https://www.youtube.com/watch?v=eiu-YRG7jvg,STAYC ステイシー 스테이씨 - I WANT IT #EndingFairy #KpopShorts #MusicBank #Shorts | KBS WORLD TV,https://www.youtube.com/watch?v=L7F34oCSuCQ,WayV ウェイブ이 웨이션브이 - BIG BANDS #EndingFairy #KpopShorts #MusicBank #Shorts | KBS WORLD TV,https://www.youtube.com/watch?v=M2M-RkAFau8,How Shindong Was Able to Cut 37 Kilos😅 [Problem Child in House : EP.14-3] | KBS WORLD TV 250806,https://www.youtube.com/watch?v=bpNREZmw9lQ,Why Did I Have to Save Money?😂 [Problem Child in House : EP.14-3] | KBS WORLD TV 250806,https://www.youtube.com/watch?v=r6SyaBfDUBI
440,HiMan,People & Blogs,Russia,2014.0,Oct,16.0,UCM44x9uWlx__9M9Y2IFhxzQ,3158339107,19500000,False,409,7 ДНЕЙ ЕМ ЕДУ ТОЛЬКО от БЛОГЕРОВ,https://www.youtube.com/watch?v=JfBf-PqIBlQ,"День в секретном универе, где платят $200,000 за путешествия по 7 странам",https://www.youtube.com/watch?v=m6d3ttdBxAk,Я ПОСЕТИЛ САМЫЙ СТРАННЫЙ УНИВЕРСИТЕТ *вместо оценок дают деньги*,https://www.youtube.com/watch?v=t2yP4bUoqjg,"ПОСЛЕДНИЙ, КТО ВЫБЕРЕТСЯ ИЗ ЛЕДЯНОГО КУБА, ПОЛУЧИТ 4.778.574 IRR",https://www.youtube.com/watch?v=lmn3H73frZY,САМАЯ СТРАННАЯ ЕДА ИЗ РАЗНЫХ СТРАН,https://www.youtube.com/watch?v=yvQBUNH4IYw
441,Masha e o Urso,Shows,,2014.0,Feb,20.0,UCJKBSfD5JSUxGhriFeoPCCg,11607322729,24100000,False,1897,Masha e o Urso 👱‍♀️🐻 ⚡Notícia de última hora! 📢⏰ Coleção de desenhos animados,https://www.youtube.com/watch?v=sDeFvKQGqDM,Vamos fazer nós mesmos #shorts #mashaeourso #desenhosanimados #OQueTemDentro? #crianças,https://www.youtube.com/watch?v=vJMflyBgFVE,🔴 AO VIVO 👱♀️🐻 Masha e o Urso 👪 Fim de semana em família 🤗 Masha and the Bear,https://www.youtube.com/watch?v=PpCHuKtT7DI,Treino sério 🎾⏱️🎯 #shorts #mashaeourso #desenhosanimados #GritoDeVitória #crianças,https://www.youtube.com/watch?v=THYH1yJ8ipg,Um alvo saboroso detectado! 🎯😋 #shorts #mashaeourso #desenhosanimados #Sobremesafofinha #crianças,https://www.youtube.com/watch?v=s5T7RqyRD30
443,TED-Ed,Education,United States,2011.0,Mar,1.0,UCsooa4yRKGN_zEE8iknghZA,4355153880,21700000,False,2286,5 ways to help people hear you,https://www.youtube.com/watch?v=mGugp5qs6Vg,The Greek tragedy of Oedipus' daughter - Stephen Esposito,https://www.youtube.com/watch?v=BGqkY-i0ZHU,How to speak with meaning,https://www.youtube.com/watch?v=PJKeLD-vMvo,What your poop can tell you about your health - Hannibal Person,https://www.youtube.com/watch?v=3svcvmunYn4,What’s the best way to give a presentation?,https://www.youtube.com/watch?v=1sOgYNgq88E
444,Sidemen,Entertainment,United Kingdom,2015.0,Jun,14.0,UCDogdKl7t7NHzQ95aEwkdMw,7168031946,22500000,False,425,"We Spent $50,000 on Abandoned Storage Units and Found ____",https://www.youtube.com/watch?v=Tgc-V-ux5pU,SIDEMEN ALL SPORTS GOLF (FORFEIT EDITION),https://www.youtube.com/watch?v=oz05HJbekJI,I Took the Sidemen On Their First Hike,https://www.youtube.com/watch?v=JUbboqGa-dc,SIDEMEN TRAIN ROULETTE,https://www.youtube.com/watch?v=3IcbV2hFaqo,SIDEMEN HIDE & SEEK AT KSI'S HOUSE,https://www.youtube.com/watch?v=gs_oGravcpA
445,Cardi B,People & Blogs,,2017.0,Aug,15.0,UCxMAbVFmxKUVGAll0WVGpFw,8880304324,19800000,False,124,Cardi B - AM I THE DRAMA? [Official Album Trailer],https://www.youtube.com/watch?v=iAtzSSbd9I8,TIMES UP. 🪶,https://www.youtube.com/watch?v=LevCqNFCG1o,Cardi B - Outside [Official Lyric Video],https://www.youtube.com/watch?v=F8FQIDV23ss,Cardi B - Outside [Instrumental],https://www.youtube.com/watch?v=YgRoNruEArk,Cardi B - Outside [Official Audio],https://www.youtube.com/watch?v=QTbQMfWxZu8
446,Busy Fun Ltd,,,2021.0,Dec,21.0,UCkKDpnzIG29MA--Sh6oOtWg,11439410032,26900000,False,319,Trending Very Special Funny Comedy Video 😂Amazing Comedy Video 2025 Episode 339 Busy Fun Ltd,https://www.youtube.com/watch?v=HrKJ133fFvs,Top Hundred of One Trending Very Special Funny Comedy Video 😂Amazing Comedy Video 2025 Ep 338 By Bu,https://www.youtube.com/watch?v=KPG579FKprY,Top Comedy Video Amazing Funny Video 2025 😂 Try To Not Laugh Video Episode 337 By Busy Fun Ltd,https://www.youtube.com/watch?v=chR2NMSFZd0,Trending Very Special Funny Comedy Video 😂Amazing Comedy Video 2025 Episode 336 Busy Fun Ltd,https://www.youtube.com/watch?v=9FLDjc-rpnE,Funniest Fun Comedy Video 😂Amazing Funny comedy video 2025 Episode 335 By Busy Fun Ltd,https://www.youtube.com/watch?v=svYGAnEbjMo
447,Farruko,Music,United States,2009.0,Oct,30.0,UCqFhfan_P2AmGVB1X2B-3Aw,11960481948,20300000,False,321,TRANQUILO REMIX - FARRUKO & LOUIS BPM #shorts,https://www.youtube.com/watch?v=aJB3vzH2HEA,"Farruko, Louis BPM, Makaco ""El Cerebro"" - Tranquilo Remix, Aplicandola y Abatido (Premios Heat 2025)",https://www.youtube.com/watch?v=I0g0cR7pXoE,BANDIDO ( FARRUKO),https://www.youtube.com/watch?v=w2N7N65ak7k,EL TEMA DEL VERANO “APLICÁNDOLA” #musica #music #shorts #ytshorts,https://www.youtube.com/watch?v=zh6m0ht1qGc,Farruko - Aplicándola (Official Visualizer),https://www.youtube.com/watch?v=_6smLmQ0gvI
449,Triggered Insaan,Comedy,India,2014.0,Jul,17.0,UCfLuT3JwLx8rvHjHfTymekw,4632253722,24500000,False,349,We Tried 5-Minute Crafts Hacks that Make No Sense,https://www.youtube.com/watch?v=pc8gX4GZqnI,Ruchika & Nischay Shaadi❤️,https://www.youtube.com/watch?v=wgSQ5Uevegg,Subscribers Gave Us the Funniest Truth or Dares,https://www.youtube.com/watch?v=AU3cQ1GbGCo,Saying YES to Ruchika for 24 HOURS,https://www.youtube.com/watch?v=bI3_3PX6PjQ,Try Not to Laugh Challenge vs Ruchika ft. Purav Jha (College Memes Edition),https://www.youtube.com/watch?v=OKTsWKnT43Y
450,CKN,Entertainment,Spain,2005.0,Sep,26.0,UCfaZw8XH_zmAVkBst_MPD6w,13595305214,19200000,False,492,Interview With Chris Hemsworth and Brian Tyree Henry Transformers One  CKN,https://www.youtube.com/watch?v=LuiAtCo7JXo,Custom CKN  BEARBRICK Gift From YouTube,https://www.youtube.com/watch?v=vlvMrfUuxOo,Iron Man Mark 85 #ckn #shorts,https://www.youtube.com/watch?v=exRemDkeYlA,Crazy Hulkbuster Figurine CKN #ckn #shorts,https://www.youtube.com/watch?v=TBdUQbEMMSk,Funny Cream Challenge CKN #ckn #shorts,https://www.youtube.com/watch?v=k_PLFdARck8
451,Ali-A,Gaming,,2016.0,Jul,7.0,UCYVinkwSX7szARULgYpvhLw,7004739633,19700000,False,4776,Fortnite SCAMMED You?!,https://www.youtube.com/watch?v=2xB9aIExYvA,Think You Know Fortnite? Think Again! #EpicPartner #ad,https://www.youtube.com/watch?v=txTRqLA8yk8,*NEW* Fortnite SEASON 4 Trailer!,https://www.youtube.com/watch?v=DJ9EhP0tX4k,*NEW* Fortnite SEASON 4 - Battle Pass & Official Trailer!,https://www.youtube.com/watch?v=v3ADPiS5-Yo,Fortnite SKINS Are Only 100 V-Bucks?! 😱,https://www.youtube.com/watch?v=5wp8ZAU8OFk
452,Shemaroo Comedy,Entertainment,India,2007.0,Jan,31.0,UC0PKLLmL8pIJLjOI1gBH_pA,7565477689,21900000,False,6177,Salman Khan Comedy - अब में तुम्हारी पुंगी बजाऊंगा | Hello Brother Comedy | लोटपोट कॉमेडी सीन,https://www.youtube.com/watch?v=jFXrwjRpHRw,Johnny Lever Comedy - अब बोल जय बजरंबली और तोड़ उस टपोरी की नली | Arbaaz Khan | Hello Brother Comedy,https://www.youtube.com/watch?v=r42Y9sSQe3g,Hadh Kar Di Aapne Comedy - गोविंदा की लोटपोट करदेने वाली कॉमेडी | Rani Mukerji | Johnny Lever,https://www.youtube.com/watch?v=xmipE1ZRLk0,Johnny Lever Comedy - भाभी की तो तारीफ करनी चाहिए एक Husband दो दो Boyfriend | Hadh Kar Di Aapne,https://www.youtube.com/watch?v=XJ8Ohxtrs9M,अभी मजा आएगा ना भिड़ु | Johnny Lever Comedy | जॉनी लीवर की हस हस के लोटपोट करदेने वाली कॉमेडी,https://www.youtube.com/watch?v=IWugDX2yE0E
453,Smile Family Spanish,,United States,2019.0,Jun,19.0,UCau6-7svf1fw2QCUJDj68eQ,8291161038,21700000,False,698,¡Mi Mejor Amigo Falta!,https://www.youtube.com/watch?v=5Mcnk263ACM,Escondidas Sin Luz En Mi Casa!,https://www.youtube.com/watch?v=BXgcm_I5dR4,¿Quién CONSTRUYÓ la MEJOR HABITACIÓN por $1 vs $1000?,https://www.youtube.com/watch?v=fMT5vgL3YNE,¡Construimos Un Parque Acuático En Mi Casa!,https://www.youtube.com/watch?v=mzC9GZ5_qns,Normas de seguridad para niños con un policía,https://www.youtube.com/watch?v=arZ9gxt53Lw
454,GRAMMY GOLD OFFICIAL,Music,Thailand,2014.0,Jan,15.0,UCFWsjsN53Sqvg2pWhSFmWBQ,25505729436,21600000,False,8493,หากวันใดที่เหนื่อยล้า ให้ลมกระซิบข้างหูเป็นพลังให้ใจสู้ ไม่ว่าเธออยู่หนใด #แสนดี #เปาวลีพรพิมล,https://www.youtube.com/watch?v=pmAphPnN_O0,พาไปบุกเบื้องหลัง #กว่าจะจบปริญญา จากเรื่องจริงของ เฟิร์น กัญญารัตน์【BEHIND THE SCENES】,https://www.youtube.com/watch?v=AN6wi0xUNbE,#แอ้มชลธิชา ส่งเพลงใหม่ ฟังพร้อมกันได้แล้ววันนี้ #ยกอ้อยอฮัก,https://www.youtube.com/watch?v=vDss_E-woyk,ยกอ้อ ยอฮัก -  แอ้ม ชลธิชา【OFFICIAL MV】,https://www.youtube.com/watch?v=I8OwuKpi_Fk,#กว่าจะจบปริญญา เพลงแรกจากอัลบั้ม #ถ้าสวรรค์บ่ตื่นสาย ของ #เฟิร์นกัญญารัตน์,https://www.youtube.com/watch?v=0tGNA-fUM5E
456,Dan-Sa / Daniel Saboya,Music,Brazil,2007.0,Sep,22.0,UCEUf_uUDUfJJ3XfgwOxm-0A,655134042,19000000,False,3459,ELA MOVIMENTA - Parangolé - Dan-Sa / Daniel Saboya (Coreografia),https://www.youtube.com/watch?v=kLFvqqUlqQ8,Date - Nego Jhá - Dan-Sa / Daniel Saboya (Coreografia) #shorts,https://www.youtube.com/watch?v=sv0GLCp-ktE,Date - Nego Jhá - Dan-Sa / Daniel Saboya (Coreografia) #shorts,https://www.youtube.com/watch?v=1_tARs5dFZM,Date - Nego Jhá - Dan-Sa / Daniel Saboya (Coreografia),https://www.youtube.com/watch?v=Sji8IUjC834,Nheco - Tony Salles - Dan-Sa / Daniel Saboya (Coreografia) #shorts,https://www.youtube.com/watch?v=zO7tgPqogSw
457,Marmok,Gaming,Russia,2008.0,Apr,27.0,UCf31Gf5nCU8J6eUlr7QSU0w,3901454945,19300000,False,434,Встреча с фанатами (Comic Con Astana 2025),https://www.youtube.com/watch?v=Q04sg9BsgkY,"Худший Гид (Peak, Puppet Team)",https://www.youtube.com/watch?v=l52q_SO2kPo,Полный расколбас (Super Bunny Man),https://www.youtube.com/watch?v=ihz9AtXIVfg,Помнишь ли ты эти фразы из легендарных мемов? 🤔,https://www.youtube.com/watch?v=qrPNbeFcPh4,"Трем банки 😳 (Emissary Zero, OnlyCans)",https://www.youtube.com/watch?v=OkwEDJHVfpg
458,The ACE Family,People & Blogs,,2016.0,Jan,10.0,UCWwWOFsW68TqXE-HZLC3WIA,4598673521,18100000,False,711,ANSWERING ALL OF THE QUESTIONS,https://www.youtube.com/watch?v=4TY8OQG8JBI,MY UNTOLD STORY...,https://www.youtube.com/watch?v=W9JKlxYVelA,IT'S FINALLY TIME....,https://www.youtube.com/watch?v=ekAiInxKFn4,SURPRISING MY GIRLS FOR VALENTINE'S DAY!!!,https://www.youtube.com/watch?v=8Qeq35EMcUk,OUR DREAM HOUSE TOUR!!! **INSANE MANSION**,https://www.youtube.com/watch?v=n4DwNPfjd1Y
459,Like Nastya Vlog,People & Blogs,Russia,2016.0,Jan,14.0,UCCI5Xsd_gCbZb9eTeOf9FdQ,10578658919,22500000,False,727,Настя и папа учатся договариваться! Путешествие в Лондон,https://www.youtube.com/watch?v=2EadnjxWCHQ,Настя и папа проводят выходной и веселятся вместе,https://www.youtube.com/watch?v=8sWwZvj6QWM,Настя помогает учителю обрести уверенность,https://www.youtube.com/watch?v=YZ98I7YFYMg,Настя учится заботится о своем щенке,https://www.youtube.com/watch?v=n3wND_CmAgo,Настя учится зарабатывать и копить деньги,https://www.youtube.com/watch?v=5oWrA98S7so
460,Willie Salim,People & Blogs,Indonesia,2014.0,Jan,6.0,UCPCaXSwaos-QI03iZtx8I6g,7850201503,37600000,False,1544,ENAKKK BANGETTTT,https://www.youtube.com/watch?v=bRDt_jSgUjo,terharu rumah baru ❤️,https://www.youtube.com/watch?v=O83o97hjst0,Siapa mau rumah,https://www.youtube.com/watch?v=Td0M96oIWcA,RUMAH HANCUR,https://www.youtube.com/watch?v=dvS3336LejI,Mau nangis😭😭,https://www.youtube.com/watch?v=lU4ZVjjo7-M
461,PDK Films,Entertainment,United States,2009.0,Jul,21.0,UC-F6LZSWz34xKknY8NNCzgQ,4339530355,18900000,False,125,Nerf War: Water Balloon Battle,https://www.youtube.com/watch?v=3LD5uz78_QM,Nerf War: Million Subscriber Movie,https://www.youtube.com/watch?v=AQIBVFlBM6E,Nerf War: Million Subscribers Battle 7,https://www.youtube.com/watch?v=Q6vnM-xjLEA,Nerf War: Minecraft Battle,https://www.youtube.com/watch?v=jxdx2XGyEIw,Nerf War: Birthday Battle,https://www.youtube.com/watch?v=gFEJt4rBjLw
462,TheWillyrex,Comedy,Spain,2011.0,Jan,26.0,UC8rNKrqBxJqL9izOOMxBJtw,5369631705,17200000,False,8750,Dia 1 Lavando DINERO sucio!  - Cash Cleaner Simulator #1,https://www.youtube.com/watch?v=Ydvm3vEAIJA,Probamos otro Juego de Subastas de Almacenes - Storage Dealer Simulator #1,https://www.youtube.com/watch?v=uBWCKDMSQ3g,HOY MANSIÓN Y TERMINAMOS JUEGO - Storage Hunter Simulator #8,https://www.youtube.com/watch?v=35ZsuU6AWu4,La Mujer que nos Perseguía en Las Vegas 😳,https://www.youtube.com/watch?v=TNZCdpj7rus,La Primera Vez que me Pidieron una Foto,https://www.youtube.com/watch?v=M-dRhLtjM08
464,Dhar Mann,People & Blogs,,2007.0,Apr,25.0,UC_hK9fOxyy_TM8FJGXIyG8Q,18289582382,25700000,False,1692,TOXIC FRIENDS Don't Know Friend Is SECRETLY FAMOUS | Dhar Mann Studios,https://www.youtube.com/watch?v=BKstayN7L_c,Principals EVIL SECRET Makes Entire School SICK #TeamWater | Dhar Mann Studios,https://www.youtube.com/watch?v=kA9mE-V3ZiY,Poor Family Becomes OVERNIGHT BILLIONAIRES | Dhar Mann Studios,https://www.youtube.com/watch?v=BGEqXwc3EaU,PROM QUEEN Falls In Love With EMO GUY | Dhar Mann Studios,https://www.youtube.com/watch?v=9fee9WbE4rs,Masked GIRL STREAMER Is Secretly GAMING LEGEND | Dhar Mann Studios,https://www.youtube.com/watch?v=ZOYhj4kaJA0
465,shakiraVEVO,Music,United States,2009.0,Sep,2.0,UCGnjeahCJW1AF34HBmQTJ-Q,30205462602,18200000,False,223,Shakira - The Making of 'La Tortura' | Vevo Footnotes ft. Alejandro Sanz,https://www.youtube.com/watch?v=Ffmi4TxpmHw,Shakira - Última (Official Video),https://www.youtube.com/watch?v=BJpCypyvYtc,"Shakira, Papatinho - Estoy Aquí (Remix - Dance Video)",https://www.youtube.com/watch?v=Ivh_QQQXhF4,Shakira - The Making of 'Soltera' | Vevo Footnotes,https://www.youtube.com/watch?v=uE0gtJBmW80,Shakira - Soltera (Behind The Scenes),https://www.youtube.com/watch?v=nWONBCo0uEA
466,Naisa Alifia Yuriza (N.A.Y),People & Blogs,Indonesia,2017.0,Jul,8.0,UCIwChVy28o9gxyEQ8AdRNMg,2221553,52800,False,86,24 JAM DI MOBIL TENGAH MALAM ADA ORANG ASING NYAMPERIN GEDOR KACA!!! AINA YAYA NANGIS KETAKUTAN😭-NAY,https://www.youtube.com/watch?v=L2k2fo5NMPw,PEMBALASAN!! BIKIN AINA KESEL😡🤬PURA-PURA NGGA LIAT DAN NYUEKIN DIA NGOMONG SEHARIAN - N.A.Y,https://www.youtube.com/watch?v=cPjy18h7es4,PERTAMA KALI NAIK MOTOR AKU GEMETERAN🥴 - N.A.Y,https://www.youtube.com/watch?v=hDmiiH6mXGc,Naisa Alifia Yuriza cans bgt🥰,https://www.youtube.com/watch?v=6nsOJdmIttk,SETELAH HAMPIR 1 TAHUN NGGA DIHUNI RUMAH LAMAKU JADI ANGKER😬😱 - N.A.Y,https://www.youtube.com/watch?v=g7vCUiOAYCM
467,Miley Cyrus,Entertainment,United States,2009.0,Sep,15.0,UCn7dB9UMTBDjKtEKBy_XISw,10186472671,19800000,False,195,“Walk of Fame” video out now.,https://www.youtube.com/watch?v=hzwK1SKwlaY,Miley Cyrus - Walk of Fame (Official Video) ft. Brittany Howard,https://www.youtube.com/watch?v=JX2GkxNT-IQ,Every Girl You’ve Ever Loved video starring @naomi out now. #Pose,https://www.youtube.com/watch?v=ejcXSHwafN0,Miley Cyrus - Every Girl You've Ever Loved (Official Video) ft. Naomi Campbell,https://www.youtube.com/watch?v=ukTm71Id0uE,Every Girl You’ve Ever Loved. Coming soon. Pose.,https://www.youtube.com/watch?v=De8Hz3udDME
468,IShowSpeed,Gaming,United States,2016.0,Mar,21.0,UCWsDFcIhY2DBi3GB5uykGXA,5336002002,43100000,False,1625,IShowSpeed - Speed Gang Anthem (Official Visualizer),https://www.youtube.com/watch?v=JJ-Dyoglslg,IShowSpeed - Can You Be All Mine? (Official Visualizer),https://www.youtube.com/watch?v=Vh3FkEnYOZs,🏃🏿 💨 SPEED VS SPORT BIKE ⚡️,https://www.youtube.com/watch?v=Aar_JSwmuJk,IShowSpeed - I Know (Official Music Video),https://www.youtube.com/watch?v=ot0iCAPP1BU,irl stream in Monaco 🇲🇨 ft. Paul Pogba,https://www.youtube.com/watch?v=s2k055l3NTo
469,Good Mythical Morning,Entertainment,,,,,UC4PooiX37Pld1T8J5SYT-SQ,10365417368,19300000,False,4194,Spot The Identical Twin (ft. Dave Franco & Alison Brie),https://www.youtube.com/watch?v=r-Dxan5ASFw,Rhett Is Retiring,https://www.youtube.com/watch?v=PfhK15FNbEU,Rhett's Fast Food Hack,https://www.youtube.com/watch?v=cuA-dwsf3hM,Link Got It Wrong,https://www.youtube.com/watch?v=m6f-kJn8LR8,Blind Chicken Sandwich Taste Test,https://www.youtube.com/watch?v=4ZrdCYEqr9U
470,Bobby chourasiya,People & Blogs,,2019.0,Jan,25.0,UC5apxzE3aEOpvP0XkeuW8mw,17111377122,31300000,False,654,Gift last m milega 🤣 #shorts #bobbyprankster,https://www.youtube.com/watch?v=U4pNvp8xlgw,Tag your best friend ❤️😎 #shorts #bobbyprankster,https://www.youtube.com/watch?v=nlyv9yO7GHo,Magical Rakhi 😂❤️ #shorts #bobbyprankster,https://www.youtube.com/watch?v=3tNh2oNHouQ,Tag your best friend 🥹❤️ #shorts #dosti,https://www.youtube.com/watch?v=fxXOS2ZYVjM,Topi baaz rickshaw wala 🤣 #shorts #bobbyprankster,https://www.youtube.com/watch?v=BKkLhXUD3No
472,Jake Fellman,Entertainment,United States,2012.0,Oct,13.0,UCEnqwW6f7bYidXHAI13hhMA,17979971697,25800000,False,562,ASSASSiNA WUZ HeRE,https://www.youtube.com/watch?v=XwvSWSRyGgA,ASSASSiNA WUZ HeRE,https://www.youtube.com/watch?v=P3Ztcs9ewsc,Evolution of Bombardilo Crocodilo,https://www.youtube.com/watch?v=icPhnTW4QaU,Evolution of Bombardilo Crocodilo,https://www.youtube.com/watch?v=mYegRL3aZvA,Ballerina Ballad,https://www.youtube.com/watch?v=NKEMeGKjeqE
473,GEN HALILINTAR,Entertainment,Indonesia,2015.0,Mar,4.0,UCfRNJiafEm1LBBGFTTq4cXw,4375479792,19100000,False,1394,Our new member 😉 langsung sama penanyi aslinya @HarrisJOfficial  #qalbifilmadina,https://www.youtube.com/watch?v=gFtMG-_Vhqk,Tradisi menyambut tahun baru hijriah 🤲🏻,https://www.youtube.com/watch?v=CKqI7eK0dbU,Ketika satu keluarga suka sambel #kuliner #kulinerindonesia,https://www.youtube.com/watch?v=-AAAjC-xJI4,Sweet 17 @muntazhalilintar,https://www.youtube.com/watch?v=BisfIVR5sqQ,Kakek @SaaihHalilintar terharu liat rumah cucu nya,https://www.youtube.com/watch?v=9N2oSzpA7uE
474,SQUEEZIE,Gaming,France,2011.0,Jan,9.0,UCWeg2Pkate69NFdBeuRFTAw,11351439142,19700000,False,1761,Squeezie se fait attaquer par des chiens😱,https://www.youtube.com/watch?v=xchP3phTH78,Essayez de ne pas rire,https://www.youtube.com/watch?v=2d2caWdw0CY,Ils doivent éviter les lassos dans cette épreuve !,https://www.youtube.com/watch?v=haBN5Q8GZRo,"Qui subira la pire épreuve ? (ft Joyca, Djilsi, Theodort)",https://www.youtube.com/watch?v=HdjS1tAWsXw,Ce milliardaire a tout perdu à cause d’un caprice...,https://www.youtube.com/watch?v=hV_2UC_6bTU
475,Blippi - Educational Videos for Kids,Education,United States,2014.0,Jan,27.0,UC5PYHgAzJ1wLEidB58SK6Xw,20116601076,25400000,False,1524,Put on your ☀️SUNSCREEN for Sink or Float at the POOL💦! #shorts,https://www.youtube.com/watch?v=pyCEopaaii4,Can you kick UNDERWATER🌊 and swim safely🛟?! #blippi #poolsafety,https://www.youtube.com/watch?v=lqqgoKatEK8,Blippi's Gravity Challenge | Velocity Race Science Experiment for Kids | Educational Videos for Kids,https://www.youtube.com/watch?v=eUIQcEo9Gws,The Floor is Lava Blippi🔥! You need to Jump on the BLOCKS 🟦🟧 to ESCAPE! #shorts,https://www.youtube.com/watch?v=8AulOm-6pfc,First you have to POP the BALLOON🎈! Then you can play 💦 Sink or Float💦! #shorts,https://www.youtube.com/watch?v=lo5rbh6qGXo
476,officialpsy,Music,South Korea,2010.0,Oct,4.0,UCrDkAvwZum-UTjHmzDI2iIw,12348126532,19900000,False,172,#역대최고 #aboutlastnight #summerswag2025day11 #싸이흠뻑쇼2025_11공 THX to @crushofficial and #god,https://www.youtube.com/watch?v=obLiD_0idbk,#싸이흠뻑쇼2025 #summerswag2025 #250803 #수원2공 #투어11공,https://www.youtube.com/watch?v=LLV48nZI8Mg,#40초컷 #aboutlastnight #summerswag2025day10 #싸이흠뻑쇼2025_10공 THX to @JayPark0425 and @rainyent,https://www.youtube.com/watch?v=J_KfdTNTRKU,#싸이흠뻑쇼2025 #summerswag2025 #250802 #수원1공 #투어10공,https://www.youtube.com/watch?v=riSn1C_suiI,누가 누구게?? @핫이슈지,https://www.youtube.com/watch?v=tV-HsCQvl9g
477,Ajay Sharma,Entertainment,,2009.0,Oct,24.0,UCjw9oYejjF_xupbJYrgvEMA,3955787,74800,False,201,Dubai meets Singapore :  Future of Wealth & The Smart Money Playbook,https://www.youtube.com/watch?v=qUyMqOoyK0w,"Leadership, Life & Poetry: An Insurer's Wisdom",https://www.youtube.com/watch?v=toDGDc3852o,"Masterclass : Cracks in Building Material Stocks: High Valuations, Hidden Dangers",https://www.youtube.com/watch?v=RTrkL_MVd_U,"AI Simplified by a Google Friend: How to give Prompts? How to use, What to use, to learn & improve",https://www.youtube.com/watch?v=51wvFM8mqck,"Biotech to Billions: THINK BIG, NEVER GIVE UP & DISRUPT",https://www.youtube.com/watch?v=p-IWnhoCivo
478,Manual do Mundo,Howto & Style,Brazil,2006.0,Jul,24.0,UCKHhA5hN2UohhFDfNXB_cvQ,4945497090,19600000,False,3085,TESTAMOS a MÁQUINA de 2000 ANOS!,https://www.youtube.com/watch?v=LPtIkMh7P3k,FAÇA um MINI CANHÃO de FUMAÇA em CASA!,https://www.youtube.com/watch?v=vDzoJ-VGog8,GARRAFA de CINEMA feita de AÇÚCAR!,https://www.youtube.com/watch?v=440BinryoB0,COBRE X AÇO: DESAFIO da CONDUÇÃO TÉRMICA!,https://www.youtube.com/watch?v=R8xvZQ7zkUE,COMO fazer uma BEXIGA parecer de METAL!,https://www.youtube.com/watch?v=O-52KyOOpzo
479,How Ridiculous,Sports,Australia,2009.0,Sep,9.0,UC5f5IV0Bf79YLp_p9nfInRA,14803955501,23600000,False,775,We Can’t Believe THIS Popped Our Giant Balloon! 🫢,https://www.youtube.com/watch?v=k5q3WFTfC7g,Can We Pop 3000 Balloons in 60 Seconds?! 🤯,https://www.youtube.com/watch?v=9V1h62IL5T0,Happy Gilmore Hole in One! ⛳️,https://www.youtube.com/watch?v=Jr0wfwVAyHI,This Shot is FASTER Than You BLINK,https://www.youtube.com/watch?v=lC7TgMsOvd8,200kg Rubber Band Ball Vs Giant Axe (Our Greatest Slow Mo... Again?),https://www.youtube.com/watch?v=0YM93ZzF3pk
480,And TV,Entertainment,United States,2006.0,Aug,4.0,UCxJcrDUc8awRSLzLbnIiAmQ,22416897672,24600000,False,59775,"HAPPU KI ULTAN PALTAN | हप्पू जेल में, फिर भी मुश्किल में!",https://www.youtube.com/watch?v=2ywTzaBl9jE,HAPPU KI ULTAN PALTAN | मम्मी का मेकअप चुराया,https://www.youtube.com/watch?v=WGVH7Pi2_mI,#HAPPU KI ULTAN PALTAN #Shorts #And TV #Entertainment #Sitcom,https://www.youtube.com/watch?v=lxAZIVOY_k4,BHABI JI GHAR PAR HAI | मुस्कान की शादी में हुआ बड़ा ड्रामा!,https://www.youtube.com/watch?v=yrTFAlp0OuA,#Bhabi Ji Ghar Par Hai! #Shorts #And TV #Entertainment #Comedy,https://www.youtube.com/watch?v=WVlVBh8ResM
482,SonyMusicSouthVEVO,Music,United States,2014.0,Jul,14.0,UCTNtRdBAiZtHP9w7JinzfUg,25619750186,22300000,False,6453,Yaan - Aathangara Orathil Video with Lyrics | Jiiva | Harris Jayaraj,https://www.youtube.com/watch?v=Hmqa61mCdqY,Rummy - Koodamela Koodavechi Video with Lyrics | Vijay Sethupathi | D. Imman,https://www.youtube.com/watch?v=RwSGYqG_q88,"Paiya - Thuli Thuli Video with Lyrics | Karthi, Tamannah | Yuvan Shankar Raja",https://www.youtube.com/watch?v=e8yKNGBmcRE,NGK - Anbae Peranbae Video with Lyrics | Suriya | Yuvan Shankar Raja,https://www.youtube.com/watch?v=Xopy8wYaZxg,"Neerparavai - Para Para Video with Lyrics | Vishnu, Sunaina | N.R. Raghunanthan",https://www.youtube.com/watch?v=g6s-mbwRgZ4
483,TheGrefg,Gaming,Spain,2012.0,Jan,30.0,UCCEmjNPpJYhGDgaEqeeA4HA,7240302657,19200000,False,4271,CONSIGO LAS 15.000 COPAS EN CLASH ROYALE - TheGrefg,https://www.youtube.com/watch?v=inVhKdbnHWE,Esto qué fue? 😂😂😂,https://www.youtube.com/watch?v=pBChs7mee7w,MI OPINIÓN SINCERA DE LA VELADA DEL AÑO V.,https://www.youtube.com/watch?v=oksv121wbEs,La verdad sobre mi Entrada de la Velada,https://www.youtube.com/watch?v=eModyVYYr08,Esto pasó después de mi combate…,https://www.youtube.com/watch?v=31AW0KB8fs0
484,BeatboxJCOP,Film & Animation,,2011.0,Mar,12.0,UCdX5KXiCTPYWYZscfphgQ4g,23806797154,47200000,False,1291,Perfect👌 #beatbox #tiktok,https://www.youtube.com/watch?v=MgWy2zOH_b0,100/100 #beatbox #tiktok,https://www.youtube.com/watch?v=_YBF_idu4PI,it works #beatbox #tiktok,https://www.youtube.com/watch?v=sXbIbvajQKQ,We win #beatbox #tiktok,https://www.youtube.com/watch?v=dDCTLCy3sdQ,Random Emoji Beatbox Challenge #beatbox #tiktok,https://www.youtube.com/watch?v=lrDV6yZEA0Q
485,David Dobrik,People & Blogs,United States,2014.0,Dec,19.0,UCmh5gdwCx6lN7gEC20leNVA,7347491287,17300000,False,540,HE RUINED MY $100k TESLA !!,https://www.youtube.com/watch?v=29_omo0QGXw,SURPRISE DREAM VACATION !!,https://www.youtube.com/watch?v=hbAnW2MhExc,SURPRISING FRIENDS WITH BODY TRANSFORMATION!!,https://www.youtube.com/watch?v=S8nNhY-XVXU,HOT TUB WITH INTERNATIONAL MODEL!!,https://www.youtube.com/watch?v=-b1WnjKvcUg,SURPRISE MADE HER START CRYING!!,https://www.youtube.com/watch?v=-bpkiObJMCY
486,KatieAngel,People & Blogs,United States,2015.0,May,19.0,UCgSMDG8aGE3YHfBCXHuPpYA,4089795677,18600000,False,928,GUARDÉ ESTE SECRETO POR MUCHO TIEMPO..  | Katie Angel,https://www.youtube.com/watch?v=cQfe7aixtTs,ME DEJARON PLANTADA Y ESTA FUE MI REACCION | Katie Angel,https://www.youtube.com/watch?v=Iv8pKh5K6vg,BIENVENIDOS A MI NUEVO HOGAR! ♡ *update de vida*  | Katie Angel,https://www.youtube.com/watch?v=LeHGVDEaRoc,RETO: ADIVINA CUAL ES MI CANCIÓN FAVORITA! 🎵,https://www.youtube.com/watch?v=ue1HK6LaHYY,NUNCA PENSÉ COMPRAR ESTO EN TEMU!!🙊 #katieangel #shorts,https://www.youtube.com/watch?v=cnSZswgL8dk
487,RobleisIUTU,Entertainment,Argentina,2013.0,Apr,15.0,UCG8eSYvOQUpb9HM8zU5d6xg,6185167668,19400000,False,1874,PASÉ 99 NOCHES EN EL BOSQUE en ROBLOX 😨,https://www.youtube.com/watch?v=N1J150aETF8,ALERGIA 🗣️🔥,https://www.youtube.com/watch?v=cJvDska5Tos,JAMÁS ME ASUSTÉ TANTO CON ESTO 🐥,https://www.youtube.com/watch?v=cln15Cw53rs,ESTO ES REAL? 😧,https://www.youtube.com/watch?v=kNaxz7xBSw8,NUNCA ME ASUSTÉ TANTO...,https://www.youtube.com/watch?v=PoYzEShVkK0
488,Lele Pons,Comedy,United States,2015.0,Sep,19.0,UCi9cDo6239RAzPpBZO9y5SA,5614234912,18000000,False,186,#AmazonWishListGames is now streaming on @PrimeVideo !! @AmazonMGMStudios,https://www.youtube.com/watch?v=rR2RRzl-jDI,How to go on the next big influencer trip! ✈️🏝️,https://www.youtube.com/watch?v=UlLUn3h1WLs,"Lele Pons, Guaynaa - De Party En Party (Official Video)",https://www.youtube.com/watch?v=X2t94-UjskY,Nuestra Boda❤️ - Lele Pons & Guaynaa (Abajito),https://www.youtube.com/watch?v=jThUuE08WNg,"Lele Pons, Guaynaa - Abajito (Cover Audio)",https://www.youtube.com/watch?v=IVLHhSHcJ0E
489,Demi Lovato,Music,United States,2008.0,Jan,30.0,UCZkURf9tDolFOeuw_4RD7XQ,7600850400,18100000,False,342,you make me happy 🍦🍦🍦,https://www.youtube.com/watch?v=bWswAZzo0Vg,love you bigg chill 🩷,https://www.youtube.com/watch?v=tIqnI2ptK7k,Demi Lovato - Fast (Official Music Video),https://www.youtube.com/watch?v=tZ192uMAPRA,new era has arrived. FAST OUT FRIDAY 8.1 ⏩,https://www.youtube.com/watch?v=7siJ2LvtSec,it feels so right,https://www.youtube.com/watch?v=_xTn0iSNkA0
490,Like Nastya VNM,Entertainment,Vietnam,2019.0,Nov,22.0,UClK8w-hLJlhR6fL5_xQg_VA,13162904812,22600000,False,809,Nastya và bạn bè bắt côn trùng ở nhà,https://www.youtube.com/watch?v=l7PhErtF4Cg,Có cá sấu trong hồ bơi! Nastya cố gắng làm sạch nó,https://www.youtube.com/watch?v=vpHLdr8d8tw,Nastya học bắn cung – và bố lo lắng!,https://www.youtube.com/watch?v=LBZ3Oioqk6A,Nastya nấu ăn cho bố – nhưng có chút rắc rối!,https://www.youtube.com/watch?v=3bcF77TZYYg,Nastya và chú chuột hamster trốn thoát khỏi mê cung bìa cứng,https://www.youtube.com/watch?v=fCf8mTcjshM
491,Jason Derulo,Music,United States,2008.0,Jul,21.0,UCe3yZzUwpmy2eKKmF9svX0Q,26751101118,41900000,False,5892,#JasonDeruloTV // Climbing With A Kite 🪁😱 IG @enricovdlaar,https://www.youtube.com/watch?v=hTSTvIvQ6f8,"#JasonDeruloTV // He Wants Rain, Not Cuddles 🥹😂 IG @adharrv_doomra @anaira_doomra",https://www.youtube.com/watch?v=pyDHGKschMA,#JasonDeruloTV // Art On The Egg 🤩👏 IG @vilsonpessanka,https://www.youtube.com/watch?v=VLw6P-iUK1g,#JasonDeruloTV // How Much Of A Difference Time Makes 🥹 @cierrakaylese,https://www.youtube.com/watch?v=rrWZRaV6Wr8,#JasonDeruloTV // Would You Unwind Here? 🌊 IG @tripwithmp,https://www.youtube.com/watch?v=TPta1YRiwdI
492,MGC Playhouse,Shows,United States,2009.0,Feb,3.0,UC6zPzUJo8hu-5TzUk8IEC2Q,16982031777,17800000,False,1672,Learn With Friends: Birthdays | Mother Goose Club Playhouse Songs & Nursery Rhymes,https://www.youtube.com/watch?v=qXC2OexniaU,The Wheels on the Bus + More | Mother Goose Club Playhouse Songs & Nursery Rhymes,https://www.youtube.com/watch?v=MeKWj3jCdKs,Mother Goose Club Silly Songs! | NOW STREAMING,https://www.youtube.com/watch?v=Ck8eK7pMXL0,Bluesy ABC + More | Mother Goose Club Playhouse Songs & Nursery Rhymes,https://www.youtube.com/watch?v=jK01LYD25T0,Learn With Friends: Vehicles | Mother Goose Club Playhouse Songs & Nursery Rhymes,https://www.youtube.com/watch?v=9v_h6sgFyUg
493,Zuni and Family,People & Blogs,,2020.0,Jul,15.0,UCAelPgCHWYyEs8-TFuOVRtg,9341172461,20600000,False,341,Keysha Dan Sheena Drama Cobil Tidak Bisa Berenang,https://www.youtube.com/watch?v=zxr_FNID5g0,Keysha Meletuskan Balon Pura-pura Marah Ke Afsheena,https://www.youtube.com/watch?v=xJRFx2Pco9I,Ulang Tahun Ke 10 Baby Shark Doo DooDoo Keysha Sheena,https://www.youtube.com/watch?v=KhYC7fA-lmQ,Drama Keysha Dan Afsheena Dengan Box Es Krim Paddle Pop Game on - Children Get Ice Cream,https://www.youtube.com/watch?v=C24oWgX4JSk,Keysha Dan Sheena Cerita Tentang Bermain & Sekolah-sekolahan,https://www.youtube.com/watch?v=2SKyInnUQc8
494,Priyal Kukreja,People & Blogs,India,2021.0,Apr,23.0,UCzEAWIWMigRBbulQ6yVlilg,31410529006,45100000,False,1424,Rakshabandhan: Expectation 😍 vs Reality 🤣 #priyalkukreja #shorts,https://www.youtube.com/watch?v=X4SDDfn4NSc,Best Rakhi for My Brother 🤩 #priyalkukreja #shorts #ytshorts,https://www.youtube.com/watch?v=plRTy0hdYO4,Best Gift for Rakshabandhan 🤣 #priyalkukreja #shorts #ytshorts,https://www.youtube.com/watch?v=00ltVN-Yh6c,When your roommate is opposite than you 😂 #priyalkukreja #shorts #ytshorts,https://www.youtube.com/watch?v=XtBj_dLCgg0,Squid Game and Mummy ke Sawal par Samsung Galaxy Z Fold7 ne bacha liya! 🥹 ​⁠,https://www.youtube.com/watch?v=JsDr0pgVLEw
495,MSA previously My Story Animated,Film & Animation,United States,2021.0,Nov,9.0,UCYzEMRKqrh01-tauv7MYyVQ,11980793676,24900000,False,962,A Greek Myth - I'm The Queen of the Underworld,https://www.youtube.com/watch?v=CVRUPTwBGIw,I Survived Jumping a 35 Floor Tower - Mini Movie,https://www.youtube.com/watch?v=LGxvdfr2loQ,I Survived The World's STRICTEST Mother!,https://www.youtube.com/watch?v=ZnhUzFhADrg,I Became School Principal for 24 Hours,https://www.youtube.com/watch?v=nqweA3P_XME,I'm Obsessed with My Ex,https://www.youtube.com/watch?v=xPi8g22xr1M
498,ArianaGrandeVevo,Music,United States,2010.0,Oct,21.0,UC0VOyT2OCBKdQhF3BAbZ-1g,23393770892,17400000,False,228,Ariana Grande - twilight zone (official music video),https://www.youtube.com/watch?v=XKPAzTPsWrw,Ariana Grande - supernatural (official music video),https://www.youtube.com/watch?v=hKwizc5nsWY,Ariana Grande - twilight zone (Official Lyric Video),https://www.youtube.com/watch?v=x1XIJM6spaE,Ariana Grande - brighter days ahead,https://www.youtube.com/watch?v=yj1Kvhog6PU,Ariana Grande - intro (end of the world) (extended) (lyric visualizer),https://www.youtube.com/watch?v=ztotaQ79eek
499,jaanvi patel,People & Blogs,India,2018.0,Jul,18.0,UCRqs0TZOqe5nrwP-BrdnCjg,13550826868,29600000,False,851,Suspense thriller story 😳 || Jaanvi Patel #shorts,https://www.youtube.com/watch?v=EeBGMegUJrg,Suspense triller story 😳 || Jaanvi Patel #shorts,https://www.youtube.com/watch?v=Hh1VNpbQs9Y,Bhagwan humesha aapke sath hai 🙏🏻❤️ || Jaanvi Patel #shorts,https://www.youtube.com/watch?v=ieGBkKbgISk,Garib pariwar ki majboori 😞 || Jaanvi Patel #shorts,https://www.youtube.com/watch?v=XqK0JGchXFc,Maa aur beti ka pyaar 😣 ( ending 😳) || Jaanvi Patel #shorts #emotional,https://www.youtube.com/watch?v=dmm4Q4fOPMI
500,tanboy kun,People & Blogs,Indonesia,2016.0,Oct,27.0,UC8rHUssNDJ9YEjfduAqJBmw,4825770917,20200000,False,1030,Makan ayam taliwang terpedas,https://www.youtube.com/watch?v=uvJ2yH6zpSk,KEPEDESAN MAKAN 5 EKOR AYAM TALIWANG TERPEDAS DIDUNIA!!,https://www.youtube.com/watch?v=YcVRjukNN9g,makan cungkring pak jumat.,https://www.youtube.com/watch?v=h11jVn3oFZs,TANBOY KUN BORONG CUNGKRING PAK JUMAT YANG VIRAL!!,https://www.youtube.com/watch?v=FGqVevT8cEU,Mukbang di restoran china.,https://www.youtube.com/watch?v=j1QWDXyZ-aI
501,Lil Pump,Music,,2015.0,Oct,15.0,UC6pjHMC4QXMi4llCCjtDXWg,4340652477,17700000,False,70,"Lil Pump, Fariana - Taliban (Official Video)",https://www.youtube.com/watch?v=jC2mlszwuxg,Lil Pump - Demon (Official Music Video),https://www.youtube.com/watch?v=PmVJaLNTCK4,"Lil Pump, SmokePurpp - BULL SH*T (official Video)",https://www.youtube.com/watch?v=8Y-XT5V96tg,"Lil Pump, Smokepurpp - Smoke Wit Us (Official Video)",https://www.youtube.com/watch?v=kAjlrCtjhX0,Lil Pump - Dracos In My Wraith (Official Music Video),https://www.youtube.com/watch?v=oRmqdP6pRGI
502,Porta dos Fundos,Entertainment,Brazil,2012.0,Mar,12.0,UCEWHPFNilsT0IfQfutVzsag,8818745777,18700000,False,3150,COMPILADO | MANIA DE HOMEM,https://www.youtube.com/watch?v=nees2ZUSVsA,USOU PET PRA ENGAJAMENTO? - #Shorts,https://www.youtube.com/watch?v=fNtD30Zang8,VALEN BANDEIRA E NINA | SENHORA SUA MÃE EP. 4,https://www.youtube.com/watch?v=X9wQt8_nZOc,REUNIÃO SURPRESA,https://www.youtube.com/watch?v=_UJ-UASA3Yk,FOMOS VÍTIMAS DE FAKE NEWS! | CORTES NÃO IMPORTA,https://www.youtube.com/watch?v=hCSUIghHywE
503,News 24,News & Politics,Ukraine,2006.0,Feb,5.0,UC_vRepQuzI527GtEP1pGYZw,591367441,951000,False,23628,WATCH LIVE | ANC's Fikile Mbalula to address media on NEC meeting outcomes,https://www.youtube.com/watch?v=uS9wT8gEKO8,WATCH | Memorial for Maties student on hold amid meningitis isolation,https://www.youtube.com/watch?v=kEA4PAB7m5w,VODCAST | The Lead: No deal (yet) - what does Trump’s 30% tariffs mean for you?,https://www.youtube.com/watch?v=2Emfh1bwBik,PODCAST | The Lead: No deal (yet) - what does Trump’s 30% tariffs mean for you?,https://www.youtube.com/watch?v=sh0ZF1FoVws,"WATCH | Listen Up! Is South Africa setting its benchmarks too low? Johannesburg, for example",https://www.youtube.com/watch?v=KkbvYR36sC0
504,Les' Copaque Production,Film & Animation,Malaysia,2009.0,Nov,9.0,UCR1c65UsjpaVgcLKa7eM1tg,13782264744,24300000,False,2433,Siapa nak makan percuma 1 bulan di gerai Uncle Muthu? #UpinIpin #Shorts,https://www.youtube.com/watch?v=7wlx3SxodEM,[LIVE] Kompilasi Episod Upin & Ipin 2025,https://www.youtube.com/watch?v=t6kUE8fTBkU,Seronoknya main gasing dengan kawan-kawan #upinipin #shorts,https://www.youtube.com/watch?v=i2SI18UNQ_E,Seronoknya tangkap pepatung #shorts #upinipin,https://www.youtube.com/watch?v=F4NV2-QmtEU,Mendebarkan betul babak ni. #upinipin #shorts #kerissiamangtunggal,https://www.youtube.com/watch?v=qnRT_usmo8Y
505,El Payaso Plim Plim,Film & Animation,Argentina,2013.0,Oct,18.0,UCYQo8CdhXD22qfwUBUw591Q,39220673929,30300000,False,1980,"¡Gracias, Señor Doctor! 🩺❤️ Y Más Canciones Infantiles Sobre Hábitos Positivos (15 Min) | Plim Plim",https://www.youtube.com/watch?v=Q3cAHQc0_4M,¡PLIM PLIM Y TOPA TIENEN UNA SORPRESA PARA NOSOTROS! 🎵😲💙 #Topa #PlimPlim #CancionesInfantiles #Short,https://www.youtube.com/watch?v=-FrJnebkJrs,¡Plim Plim En Vivo llega a Quito! 🎵❤️ Con su Show: Energía Musical ✨,https://www.youtube.com/watch?v=PKvR20iIQ84,¡Plim Plim En Vivo llega a Medellín! 🎵❤️ Con su Show: Energía Musical ✨,https://www.youtube.com/watch?v=Gd1-K-BJQqg,¡APRENDEMOS A TOCAR EL PIANO CON ABEJITA CHIQUITITA! 🐝 #Plim Plim #Canciones Infantiles #Shorts,https://www.youtube.com/watch?v=nz8TMuNEHHU
506,zbing z.,Gaming,Thailand,2014.0,Mar,12.0,UC5zGJZpxeZPFcds5gFcDE7Q,11715235822,20800000,False,4238,ดวงใครจะดีกว่ากันเมื่อเราต้องใส่เมนทอสในขวดโค้ก,https://www.youtube.com/watch?v=LQSL-WElpX8,รอดให้ถึงเช้า NOOB ผีไส้ไหลถอดหัวได้ | NIGHT 3 Residence Massacre,https://www.youtube.com/watch?v=HlbeHENnsDI,ซ่อนแอบในสวนgrow a garden ใครจะเนียนที่สุด,https://www.youtube.com/watch?v=iU6Gwl4GtOE,99 วันกวางผี ฤดูใหม่มีหิมะ | Roblox,https://www.youtube.com/watch?v=_N0o6ybyJZ8,หอพักนี้ อาม่ากลายเป็นผีปากฉีก!! Dread Flats,https://www.youtube.com/watch?v=IC-8ByV9u5Y
507,MissaSinfonia,Comedy,Mexico,2011.0,Jan,5.0,UCsCQIvK0LGpb3dBRo2RXAfA,2859569925,20200000,False,246,Vulnerables - MissaSinfonia,https://www.youtube.com/watch?v=vGkM9qZ7er4,¡Los COMERCIALES de VIDEOJUEGOS eran HORRIBLES!,https://www.youtube.com/watch?v=ysSxvkYokcM,Desconexión Emocional - MissaSinfonia,https://www.youtube.com/watch?v=L1Ta38LNcUE,Probando MAS PRODUCTOS DE INFOMERCIALES que nunca debieron EXISTIR.,https://www.youtube.com/watch?v=GyCzGLx7Yl8,"Perros invisibles, Decoración HORRIBLE y ESTAFAS!  | BASURA DE MARKETPLACE 9!",https://www.youtube.com/watch?v=7chyPGzrd6s
509,The Game Theorists,Gaming,Australia,,,,UCo_IB5145EVNcf8hw1Kku7w,4530682848,19600000,False,802,"Game Theory: FNAF, How to STOP the Mimic... For Good!",https://www.youtube.com/watch?v=0ralx-n0FLY,The STRONGEST Item in Legend of Zelda,https://www.youtube.com/watch?v=lybxFPf1vYY,Game Theory: The Detail Everyone Missed from Kindergarten 3,https://www.youtube.com/watch?v=6Vb9Y3MCpIw,"Game Theory: FNAF, What is MXES? (Secret of the Mimic)",https://www.youtube.com/watch?v=IXKmtkHn0jg,We Were RIGHT About Rosalina! #shorts,https://www.youtube.com/watch?v=kEkaN8uDdeE
510,DeGoBooM,Gaming,Chile,2014.0,Feb,1.0,UCj9rK3jt8qmih4mZX0UL67g,7561854585,23600000,False,5650,GRANNY: THE SHOP (JUEGO COMPLETO),https://www.youtube.com/watch?v=wV36ICvEwTs,SUPER BEAR ADVENTURE #4 (FINAL DEFINITIVO),https://www.youtube.com/watch?v=1_Dj4qQiSss,SUPER BEAR ADVENTURE #3 (SECRETOS EN LA PIRÁMIDE),https://www.youtube.com/watch?v=yBm5gPtZKKQ,GRANNY ES CRISTIANO RONALDO !! SIUUUU,https://www.youtube.com/watch?v=qmlalk6yJDA,SUPER BEAR ADVENTURE #2 (ENTRÉ A OTRO LUGAR SECRETO),https://www.youtube.com/watch?v=Aqiz4hBiD9M
511,JFlaMusic,Music,South Korea,2011.0,Aug,22.0,UClkRzsdvg7_RKVhwDwiDZOA,3964116804,17300000,False,375,J.Fla - Stellar Paradox (Music Video),https://www.youtube.com/watch?v=apQg5_muVP0,J.Fla - Stellar Paradox (M/V Teaser),https://www.youtube.com/watch?v=jDcM_0uII4E,J.Fla - Lines On My Heart (Music Video),https://www.youtube.com/watch?v=-yOSsk1qaXo,Why I Bought a Candy-Floss Machine😋 #jfla #newmusic #OneSweetDayInParis,https://www.youtube.com/watch?v=UsipQBS-89E,J.Fla - One Sweet Day in Paris (Music Video),https://www.youtube.com/watch?v=swZ9w-kwXYE
512,FactTechz,Entertainment,India,2016.0,Jul,24.0,UCGdPm5Aq081vVD7ih9jZf6Q,5351595773,19700000,False,1451,"At Age of '122' She Pulled BIGGEST SCAM OF The CENTURY, HOW? #shorts",https://www.youtube.com/watch?v=W5u5XOL5TG0,He Got Hit by Lightning '7 TIMES' and Then This Happened #shorts,https://www.youtube.com/watch?v=D5VrPFINjy8,He Made His Own COUNTRY By 'Putting Soil in OCEAN'! A Micro Nation! #shorts,https://www.youtube.com/watch?v=ACwlN4_eXqs,Why Building AI Might Be Our ‘BIGGEST MISTAKE’ Yet! #shorts,https://www.youtube.com/watch?v=_oBqVxQpXDw,Why is Japan Spending BILLIONS To Protect This ‘Small Rock’ ? #shorts,https://www.youtube.com/watch?v=J02hdvhKOYM
513,News18 India,News & Politics,India,2007.0,Oct,25.0,UCPP3etACgdUWvizcES1dJ8Q,27259785406,35700000,False,410981,Breaking News Live: Donald Trump ने भारत पर लगाया 50% टैरिफ | Donald Trump 50% Tariff on India,https://www.youtube.com/watch?v=MV8jiDkSnFg,Sau Baat Ki Ek Baat with Kishore Ajwani: Uttarkashi Cloudburst | Uttarakhand | PM Modi |Trump Tariff,https://www.youtube.com/watch?v=k6gpYwH2r14,Desh Nahi Jhukne Denge With Aman Chopra: CM Yogi | Premanand Ji Maharaj | Aniruddhacharya,https://www.youtube.com/watch?v=bTJy-74XSnk,Uttarkashi Flood Live News: उतरकाशी से आई बड़ी खबर | Khir Ganga | Uttarakhand | Breaking News,https://www.youtube.com/watch?v=4gd3YAY57Hk,प्रेमानंद के अधूरे बयान को वायरल किया जा रहा | #premanandmaharaj #anurudhacharya#viral #shorts,https://www.youtube.com/watch?v=6Dm8mNHpINo
514,Fun For Kids TV - Hindi Rhymes,Entertainment,India,2017.0,Sep,27.0,UCe3GjNY3Kqi8Xd6nT4JN_6w,9508077058,22100000,False,159,"Aaj Mangalwar Hai, Lala Ji Ko Bukhar Hai + More Hindi Rhymes - FunForKidsTV",https://www.youtube.com/watch?v=4-7shlK5FyQ,कालू मदारी आया हिन्दी| Kalu Madari Aaya | Fun For Kids TV Hindi Nursery Rhymes - Livestream,https://www.youtube.com/watch?v=N1wZqIah_0M,Fun For Kids TV - Best Hindi Rhymes Playlist,https://www.youtube.com/watch?v=756vM6Z_C-Y,Mera Tota - Main Mittu Tota - मेरा तोता मैं तोता - FunForKidsTV - Hindi Rhymes,https://www.youtube.com/watch?v=Au0ZsChsMSU,गुब्बारे वाला Gubbare Wala Part 2 I Balloon Song For Kids I FunForKidsTV Hindi Rhymes - Livestream,https://www.youtube.com/watch?v=zVrXkWO9bBI
515,IGN,Gaming,United States,2006.0,Sep,19.0,UCKy1dAqELo0zrOtPkf0eTMw,19925355288,19200000,False,172868,"HIM - Official Trailer (2025) Marlon Wayans, Tyriq Withers",https://www.youtube.com/watch?v=RI3x5eb5mTQ,"The Cut - Official Trailer (2025) Orlando Bloom, Caitriona Balfe, John Turturro",https://www.youtube.com/watch?v=5WulPTSIZLM,Call of Duty: Black Ops 6 - Official Season 5 BlackCell Battle Pass Trailer,https://www.youtube.com/watch?v=Q6BwFwaVUlE,Static Dread: The Lighthouse - Official Launch Cinematic Trailer,https://www.youtube.com/watch?v=6SRwtM8WQU4,Doom: The Dark Ages Developers React to 42-Minute Speedrun,https://www.youtube.com/watch?v=ilNQsv71kbY
516,Aphmau,Gaming,United States,2012.0,Aug,13.0,UCzYfz8uibvnB7Yc1LjePi4g,27042738187,24100000,False,5399,Using ADMIN To Cheat In SPIN THE BOTTLE!,https://www.youtube.com/watch?v=KYGD0eyN1P4,Why would Zane do that to a UNICORN?!,https://www.youtube.com/watch?v=TUVI46J2OQU,Playing as K-POP DEMON HUNTERS!,https://www.youtube.com/watch?v=P50rYJDGW9g,Aphmau DIED and was REBORN!,https://www.youtube.com/watch?v=Q_j0qGJtns0,Aphmau is TRAPPED in Aaron's BODY!,https://www.youtube.com/watch?v=CGM5LbFikaI
519,Koray Zeynep,People & Blogs,,2016.0,Jul,8.0,UCTAacyv5T4cSus1W4D6eBfA,31259092042,27900000,False,5120,Cute ❤️🍭🍋🍧🌽💕,https://www.youtube.com/watch?v=IDgo5vRXRFs,Cute ❤️🍭💧🍧🍉🍋💕,https://www.youtube.com/watch?v=fmPmGIJcktM,Cute ❤️🍭🌈🍉💕,https://www.youtube.com/watch?v=b8FbM56RXtI,Cute ❤️🍉🍭🌈🌶️🌽🍋🤣,https://www.youtube.com/watch?v=tbYwfCDEDjQ,Cute ❤️🍋🍧🌶️🍭💕👍,https://www.youtube.com/watch?v=g6H4PJyohT0
520,Apple,Science & Technology,United States,2005.0,Jun,22.0,UCE_M8A5yxnLfW0KghEeajjw,1097549288,20100000,False,202,Apple Intelligence | Clean Up Photos: Cat | iPhone 16,https://www.youtube.com/watch?v=a6RX9kJ01Kw,Shot on iPhone 16 Pro | Big Man - Behind The Scenes | Apple,https://www.youtube.com/watch?v=HVuB_LoUE7Q,Shot on iPhone 16 Pro | Big Man - Starring Stormzy | Apple,https://www.youtube.com/watch?v=AUrLMJQf2Bw,Screenshots become events. Just like that. #Shorts,https://www.youtube.com/watch?v=B93UVj8MaWo,"Translate your convos live. Yes, live. #Shorts",https://www.youtube.com/watch?v=yEsgrQmeT68
521,Stubborn Facts,Film & Animation,India,2016.0,Sep,5.0,UCJZ5gFXzSZ9i-R1HEnS8U_A,916230727,17000000,False,316,"""चोर नहीं है ये"" , चोरो के बादशाह है , सावधान रहे सतर्क रहे ! Thieves Caught On Camera Part-2",https://www.youtube.com/watch?v=T1UA0yfN71Q,"सावधान! बाहर का खाने से पहले ये विडियो देखे , ये विडियो कोई नहीं दिखता है , ONLINE FOOD Awareness",https://www.youtube.com/watch?v=OKLMWDzRXp4,"खौफनाक !! कचरा बीनने वाले ने आंटी के साथ क्या किया देखिये , ऐसे लोगो से सावधान रहे Chor video",https://www.youtube.com/watch?v=1QZBDLcclgU,"चमत्कार !! आसमान में दिखे असली (Santa Claus) सांता क्लॉस ,Real Santa Caught On Camera Christmas 2024",https://www.youtube.com/watch?v=_OWfCo0E6uY,"सिर्फ पानी से पनीर कैसे बना देते है लोग , बाहर के खाने का वो सच आपको कोई नहीं दिखाता है Diwali Food",https://www.youtube.com/watch?v=kQJBlv5T5fo
522,Taarak Mehta Ka Ooltah Chashmah,Entertainment,India,2014.0,Aug,4.0,UC54_ux4BnaJwkVFn5M391XQ,7127223028,4170000,False,15299,Babita & Iyer Convince Neckchand | Taarak Mehta Ka Ooltah Chashmah | Full Episode 4469 | 6 Aug 2025,https://www.youtube.com/watch?v=Nai-E5BF804,Jetha’s Reaction To Bagha Was Intense 😳 #Shorts #TaarakMehtaKaOoltahChashmah #jethalal #Bhide #daya,https://www.youtube.com/watch?v=EaQzSRCUwE4,Bhide’s Epic Reaction 🤣😆 #Shorts #TaarakMehtaKaOoltahChashmah #jethalal #Bhide #daya,https://www.youtube.com/watch?v=KgAGBh8Nhvc,क्या Jetha को मिला Flag Hoisting करने का मौका? | Taarak Mehta Ka Ooltah Chashmah | Independence Day,https://www.youtube.com/watch?v=ky7mRRXZurw,राखी खरीदने के लिए इकठा हुई Mahila Mandal | Taarak Mehta Ka Ooltah Chashmah | Raksha Bandhan Special,https://www.youtube.com/watch?v=5LPqAKUMq2E
523,HowToBasic,Howto & Style,Australia,2011.0,Dec,8.0,UCR4s1DE9J4DHzZYXMltSMAg,3930445633,17700000,False,650,How To Make Authentic Hot Pot,https://www.youtube.com/watch?v=5QoBGCV5XJU,How To Clean a Toothbrush,https://www.youtube.com/watch?v=uqRMyAsBDwU,How To Make Vegan Cheese,https://www.youtube.com/watch?v=mo5q6Z7FET8,How To Cook Using a Dishwasher,https://www.youtube.com/watch?v=xxzNu82YL10,How To Make Matcha,https://www.youtube.com/watch?v=p-d5S9JHYQQ
524,PopularMMOs,Gaming,,2012.0,Apr,17.0,UCpGdL9Sn3Q5YWUH2DVUW1Ug,14778158528,17200000,False,4688,Will Jen Be Coming Back?,https://www.youtube.com/watch?v=NGcBnBjXSPg,I went to jail,https://www.youtube.com/watch?v=LReJje4m-F4,"$2,000 If You JUMP On The Baseball Field",https://www.youtube.com/watch?v=XhFBTEgIq1A,BUYING OUR NEW BOOK INTO THE OVERWORLD!,https://www.youtube.com/watch?v=cBnBvdHb6L8,Map Maker WINS 1000 DOLLARS If He BEATS ME in The Dropper!,https://www.youtube.com/watch?v=u34_ypdFyM4
525,Marques Brownlee,Science & Technology,United States,2008.0,Mar,21.0,UCBJycsmduvYEL83R_U4JriQ,4880301972,20100000,False,1752,iPadOS 26: Ready for Laptop Duty?,https://www.youtube.com/watch?v=AphNalSmvlk,iOS 26 Hands-On: Liquid Glass!,https://www.youtube.com/watch?v=FXrcFeuYtq8,🚨 New YouTube Feature Alert 🚨,https://www.youtube.com/watch?v=rCllEeHXjUw,Samsung Z Fold/Flip 7 Impressions: Major Upgrades!,https://www.youtube.com/watch?v=bMou1qUMHC4,Nothing Phone 3 Review: They Lied!,https://www.youtube.com/watch?v=4KbrxIpQgkM
526,Anitta,Music,Brazil,2011.0,Nov,2.0,UCqjjyPUghDSSKFBABM_CXMw,9001623212,18100000,False,234,Quien es tu “mil veces”? 👀💕 #milveces #anitta #latinmusic,https://www.youtube.com/watch?v=B_ThTz9Whxc,Já ouviram Conjuntão? 🔥🇧🇷  lançamento do Papatinho com minha participação e do MC Cabelinho.,https://www.youtube.com/watch?v=HYj2-TCys_g,🐕 ​⁠@KeniaOs  #Kenia #Anitta,https://www.youtube.com/watch?v=ERIpXEMDFc8,Anitta - Larissa (From Larissa: The Other Side of Anitta) [Official Music Video],https://www.youtube.com/watch?v=pa8MvUCq2KY,Eu sei que tu me odeia mas… 🫵👄 #ensaiosdaanitta,https://www.youtube.com/watch?v=pShuvvpG94E
527,Jason Vlogs,Education,Australia,2014.0,Sep,11.0,UCjmAh2qxmvWdH3xNPbg0IUQ,17128664957,24500000,False,1078,Street Cleaning Rules with Iron Man Jason!,https://www.youtube.com/watch?v=bgtv-suopnk,Kids learn the effects of eating healthy food,https://www.youtube.com/watch?v=0cmvbNy6Udo,Dinosaur Adventures for Kids | Dinosaur Toys Become Alive with Jason,https://www.youtube.com/watch?v=edpiOlO8-tQ,Jason Plays Hide and Seek with Crewmates,https://www.youtube.com/watch?v=ff79ijtPTU0,Jason and Friends Adventure about Teamwork and Helping,https://www.youtube.com/watch?v=-v2HDJWmdR4
528,El Reino a Jugar,Education,Argentina,2015.0,Mar,3.0,UCsm77kEHBDEPgD4Ir3jSRYg,14942407709,20400000,False,1127,¿Qué Bichito Es? #Bichikids #Shorts,https://www.youtube.com/watch?v=eyVmB-hI4r8,Juguemos a las Adivinanzas con Dúo Tiempo de Sol! 🌈 Juegos para niños | A Jugar,https://www.youtube.com/watch?v=BEGwTq0nypw,¿Cuántas Pelotas Sostiene Bartolito? #Shorts,https://www.youtube.com/watch?v=Icoq1rtFeCY,El Festival Holi de Jaipur | Bodo Barbodo | Juegos para niños y dibujos animados 🌈A Jugar,https://www.youtube.com/watch?v=lVE9CCgIb4s,¡A Jugar con los Huevitos y Pepe! 🥚🎉 #Shorts,https://www.youtube.com/watch?v=-RxlSuU0-NQ
529,Willyrex,Gaming,Spain,2009.0,Aug,9.0,UC8rNKrqBxJqL9izOOMxBJtw,5369631705,17200000,False,8750,Dia 1 Lavando DINERO sucio!  - Cash Cleaner Simulator #1,https://www.youtube.com/watch?v=Ydvm3vEAIJA,Probamos otro Juego de Subastas de Almacenes - Storage Dealer Simulator #1,https://www.youtube.com/watch?v=uBWCKDMSQ3g,HOY MANSIÓN Y TERMINAMOS JUEGO - Storage Hunter Simulator #8,https://www.youtube.com/watch?v=35ZsuU6AWu4,La Mujer que nos Perseguía en Las Vegas 😳,https://www.youtube.com/watch?v=TNZCdpj7rus,La Primera Vez que me Pidieron una Foto,https://www.youtube.com/watch?v=M-dRhLtjM08
530,TheBrianMaps,Comedy,Russia,2012.0,Jun,4.0,UCyJrhZm9KXrzRub3-wD2zWg,5006096243,18200000,False,536,"Работаю в БАБЛ-тишной, но с этим местом ЯВНО что-то не так..",https://www.youtube.com/watch?v=Y1pir23aiD8,СТРИМ Спустя 2 года.. Нам есть о чём поговорить👀,https://www.youtube.com/watch?v=00EGkZyJ83I,ТАЙНЫ И ЗАГАДКИ ИНТЕРНЕТА 3,https://www.youtube.com/watch?v=OR3FaAJE3t4,Заказал свой ФЕЙК МЕРЧ на маркетплейсах (подаю в суд),https://www.youtube.com/watch?v=7Ma8P9dDiDA,Анастасиз УЧИТ ИГРАТЬ МЕНЯ в R.E.P.O.,https://www.youtube.com/watch?v=79atx5Qp-Bo
531,TRANS TV Official,Entertainment,Indonesia,2014.0,Sep,2.0,UCIohHXwCEKxWCLvAguJ-GjA,9002011893,18400000,False,156762,Pengakuan Manajer Farel Prayoga soal Penyiksaan Yang Diterima #pagipagiambyar #transtv,https://www.youtube.com/watch?v=zkJJun1ZTdk,Uang Tabungan Farel Prayoga dari Rp10 Miliar jadi Rp 10 Ribu #pagipagiambyar #transtv,https://www.youtube.com/watch?v=21A9exop3Wk,Sisi Gelap Kehidupan Farel Prayoga Disiksa Oleh Ibu Tiri #pagipagiambyar #transtv,https://www.youtube.com/watch?v=am5CaJvjGYo,Uang Farel Prayoga yang Dipegang Orang Tua Sisa Rp 10 ribu #pagipagiambyar #transtv,https://www.youtube.com/watch?v=ezuFLW9Utrw,Uang Farel Prayoga Dipakai untuk Beli Kuda #pagipagiambyar #transtv,https://www.youtube.com/watch?v=Oi7h4K3RKjQ
532,Liza Koshy,Comedy,United States,2013.0,Sep,2.0,UCxSz6JVYmzVhtkraHWZC7HQ,2187429055,16700000,False,154,Happy Mother’s Day,https://www.youtube.com/watch?v=8fFIhJ4K0YI,"I’m retired! You don’t need me to Feel Super, you just need @supergoop Toodles😘 #supergooppartner",https://www.youtube.com/watch?v=HCbFoEhgN_Y,me and my girl @taryndelanie make a super @supergoop team. #supergooppartner,https://www.youtube.com/watch?v=T68YBzHT1kc,If someone calls me a genius one more time… You can call me the new CSO of @supergoop because I am,https://www.youtube.com/watch?v=BsuMj2Bpe7E,My go-to party move w/ @HannahBerner,https://www.youtube.com/watch?v=BN4N-LL5M6Q
533,Queen Official,Music,United Kingdom,2008.0,Jul,7.0,UCiMhD4jzUqG-IgPzUmmytRQ,12659598522,18500000,False,1420,You're My Best Friend performed between 1975 and 1979 🥹 #queen #shorts,https://www.youtube.com/watch?v=fj1pTWV7xRo,I swear it's like a full time job 🥵 #queen #shorts,https://www.youtube.com/watch?v=twrC79_AnqM,"Queen give us insights on ""You're My Best Friend"" - did you know that John wrote it? ✍️🎹 #shorts",https://www.youtube.com/watch?v=BALCHkDUxAk,It's a besties summer! 🫂 #queen #shorts,https://www.youtube.com/watch?v=OJPwVa-UMw8,They had no idea what was gonna happen on that stage 😳 #queen #shorts,https://www.youtube.com/watch?v=_GZhXSkG14E
534,Prajapati News,Comedy,India,2013.0,Mar,14.0,UCl_Ksy6Yi1b4eEZ46FInb_w,1122140055,17500000,False,2019,ILLUMINATI क्या होता है ? | illuminati Kya Hai Full Details | illuminati History In Hindi,https://www.youtube.com/watch?v=2X3hSV3ANA0,गाय की तस्करी का लाइव वीडियो जरूर देखे | Cow Smuggling Video | Cow Smuggling In India,https://www.youtube.com/watch?v=LcEYgcxCKMw,लड़कियों को पीरियड्स क्यों आते हैं ? | Why Do Girls Get Periods In Hindi,https://www.youtube.com/watch?v=63y3hiQsU2o,क्या धीरेन्द्र शास्त्री को जेल जाना पड़ेगा ? | Dhirendra Shastri In Jail | Dhirendra Shastri News,https://www.youtube.com/watch?v=_448oB3po_U,रेत से कांच कैसे बनता है ? | How Glass Is Formed From Sand,https://www.youtube.com/watch?v=LQVm_eSHCR4
535,Gaby and Alex,Entertainment,,2008.0,Aug,21.0,UCHwBjRoGO1V-H8QYXjSVHkQ,9294064462,17300000,False,370,Gaby and Alex Learn the Alphabet / ABC Song,https://www.youtube.com/watch?v=_AnqRrZApJM,Three Little Kittens + more Nursery Rhymes & Kids songs Little Gaby and Alex,https://www.youtube.com/watch?v=I_aFHl2GW6I,"Gaby and Alex Started a FAMILY CHANNEL (Family VLOG, CHALLENGE, VACATION TRIPS AND MORE FUN)",https://www.youtube.com/watch?v=kHNHSqdjzHM,EASTER BUNNY visits Gaby and Alex on Easter & Egg Hunt,https://www.youtube.com/watch?v=ZKK_z8HrW-s,Happy Valentine's Day 💕 Surprises For Family!,https://www.youtube.com/watch?v=Mnk1QrxQ-AI
536,LuisFonsiVEVO,Music,United States,2009.0,May,12.0,UCLp8RBhQHu9wSsq62j_Md6A,15762473234,16700000,False,113,Luis Fonsi - Tocando El Cielo (The Official Concacaf Gold Cup 2025 [TM] Song),https://www.youtube.com/watch?v=zGdBgRYbWLc,"Luis Fonsi - Prayer In Your Eyes (Audio/From The Movie “Say A Little Prayer"")",https://www.youtube.com/watch?v=XKee106fjSM,Luis Fonsi - Andalucía (Live Performance) | Vevo,https://www.youtube.com/watch?v=KVeH59TtoXI,"Luis Fonsi - Pasa La Página “Panamá"" (Live Performance) | Vevo",https://www.youtube.com/watch?v=X1xhceBuPU0,Luis Fonsi - Andalucía (Visualizer),https://www.youtube.com/watch?v=wTwfHMXzTfg
537,Pop Chartbusters,Music,India,2011.0,Aug,26.0,UCzL6rJhkoXkIt0fCv9T9_uA,10834308281,20000000,False,2550,"Tu Mera Muqaddar - Nakash Aziz, Feat. Lavina Israni, Ruslan Mumtaz | Latest Video Song 2025",https://www.youtube.com/watch?v=BMTiu4TOxzU,"MERE DIL MEIN (Song): Harish Pai |Habib Mithiborwala, Hetal Yadav, Manisha Naiknaware |Indi-Pop Song",https://www.youtube.com/watch?v=3cxa8UzzRwQ,"""Tere Bin"" Udit Narayan, Deepa Narayan Jha, Feat. Riva Arora, Yasharth Rai | Latest Video Song 2025",https://www.youtube.com/watch?v=drKQD5CD38Q,Bewafa - Akshay #popmusic #newpopmusic #newpophits #videoshort #newsongnewsong,https://www.youtube.com/watch?v=hV_Ve5vhUNQ,Badmashi - Kabir Sandhu #punjabisong #newpunjabi #newsong #punjabimusic #newpunjabisong,https://www.youtube.com/watch?v=DxaAneRkdaQ
538,Guava Juice,Gaming,United States,2006.0,Jul,18.0,UCMNmwqCtCSpftrbvR3KkHDA,9438305448,16800000,False,2213,FIVE NIGHTS AT FREDDY’S SECRET OF THE MIMIC,https://www.youtube.com/watch?v=9bLrWiGQiSo,"WHATEVER YOU DO, DON'T OPEN THE DOOR!",https://www.youtube.com/watch?v=Xpb_C_lhMc0,FIVE NIGHTS AT FREDDY’S: SECRET OF THE MIMIC (FULL GAME),https://www.youtube.com/watch?v=g_Mk9epd800,RETIRING YOUTUBE AFTER THIS,https://www.youtube.com/watch?v=4-cAHSeqA1w,28 Scariest TikToks on the Internet,https://www.youtube.com/watch?v=ZLmwbj-MRPc
539,EeOneGuy,Entertainment,United States,2013.0,Mar,19.0,UCrFiA0hztL9e8zTi_qBuW4w,3805710769,16500000,False,369,life of a trader be like  #crypto #memecoin #trading,https://www.youtube.com/watch?v=dTJqZBRgLzc,again and again and again,https://www.youtube.com/watch?v=YJSzk8hp_hU,Live trading $1GUY memecoin during initial listing on MEXC,https://www.youtube.com/watch?v=EzjlHoHkCww,1 ГОД В КАЧАЛКЕ,https://www.youtube.com/watch?v=e-ATTGoPDpg,У МУЖЛАН НЕТ ПРАВ,https://www.youtube.com/watch?v=OA7CdN4GT6I
540,VICE,Entertainment,United States,2005.0,Dec,16.0,UCn8zNIfYAQNdrFRrr8oibKw,5421619979,19000000,False,4329,Fred Durst's closet full of red hats: A Buddyhead story,https://www.youtube.com/watch?v=zVtW1XeGQ0I,A Rare Encounter with Elliott Smith and the Rise of The Icarus Line | I Was There: Buddyhead,https://www.youtube.com/watch?v=PeDJHm-OPYY,A crime scene cleaner shares the brutal reality of her profession,https://www.youtube.com/watch?v=2OtrWfugPkk,I have an indigo child,https://www.youtube.com/watch?v=yN6gsfBwEh0,Bonding with a sex doll is hard,https://www.youtube.com/watch?v=QByFR2s9iQc
541,Aayu and Pihu Show,Comedy,India,2017.0,May,8.0,UCFcBAGR0drI3F15EhMFjuTg,12532072955,19500000,False,720,HAMARI DEMANDS | Papa Kanjoos | Aayu and Pihu Show,https://www.youtube.com/watch?v=ocPWhUJJXNY,COOKIE KO NIKAAL DIYA | Pet ki problems | Aayu and Pihu Show,https://www.youtube.com/watch?v=El8z_oHMmao,MALL MEIN AKELE | Movie Masti Horror Games | Aayu and Pihu Show,https://www.youtube.com/watch?v=Mpr9lIPrIwM,5 AM KI TENSION | Home alone masti | Aayu and Pihu Show,https://www.youtube.com/watch?v=tOIYET5tX8c,LIVING IN CIRCLE for 24 Hours | Pihu vs Aayu vs Mom vs Dad | Aayu and Pihu Show,https://www.youtube.com/watch?v=fnC1V8hd-6I
542,Danny Fitt,People & Blogs,United States,2016.0,Dec,31.0,UC_82tbyeBHSaDbL725LMlvw,16567170519,35200000,False,3122,Se Paso David 😅 #comedia #humor #shorts,https://www.youtube.com/watch?v=rfDzQzNhq3s,Regresamos a Clases 😎 #escuela #shorts,https://www.youtube.com/watch?v=OiZ06eL-nKQ,REGRESAMOS A LA ESCUELA CON EXAMEN FACILITO 😅,https://www.youtube.com/watch?v=RNIL-g_5OS0,Las Papitas mas Picosas del Mundo 😎 #shorts,https://www.youtube.com/watch?v=8YZZ6QIp_dk,Nuevo Intro del Canal 2025 Deja tu Calificacion del 1 al 10 😎 #shorts,https://www.youtube.com/watch?v=oip62GOqQtc
543,Bispo Bruno Leonardo,Nonprofits & Activism,Brazil,2016.0,Apr,10.0,UCVNouUw3d3l5JYVCxhAQXKA,8879196068,60300000,False,7881,PODEROSA ORAÇÃO DO SALMO 91 PARA QUEBRAR TODAS AS AMARRAS,https://www.youtube.com/watch?v=Pf3GApCXSH0,ORAÇÃO DO DIA 06 DE AGOSTO,https://www.youtube.com/watch?v=nbIfpiCJhLw,ORAÇÃO DA MEIA-NOITE 06 DE AGOSTO,https://www.youtube.com/watch?v=ZPdnfvKlPGk,ORAÇÃO DA NOITE 05 DE AGOSTO,https://www.youtube.com/watch?v=B9IxMAwBygw,PODEROSA ORAÇÃO DO SALMO 91 PARA QUEBRAR TODAS AS AMARRAS,https://www.youtube.com/watch?v=d_Rva_GnwRU
544,DeToxoMoroxo,Entertainment,,2016.0,Apr,30.0,UCq_oSgHK9lk6NUUgkhUOPnw,2390736573,16800000,False,617,TOP 20 Monstruos MÁS GRANDES del Anime PARTE 1 😲 | DeToxoMoroxo,https://www.youtube.com/watch?v=-q9lZIaP2eQ,TOP 8 Dragones MÁS PODEROSOS Del Cine (Tier List) 🎬😲,https://www.youtube.com/watch?v=-HaBRRXpMFg,15 Curiosidades de peliculas que no sabias 🎬😲,https://www.youtube.com/watch?v=gB36Km0VizI,10 Películas 100% confirmadas Que vas a Querer ver 🎬😲,https://www.youtube.com/watch?v=Gr0NUoZYhV4,10 Películas 100% confirmadas Que vas a Querer ver 🎬😲,https://www.youtube.com/watch?v=WslPIEyZL9o
545,Doggy Doggy Cartoons,Entertainment,,2018.0,Nov,11.0,UC_W0_Nv-3rxpWVvosddhrPw,6542124835,16500000,False,4787,Who Wants To Wear A Superhero Suit 😱😱😱😱,https://www.youtube.com/watch?v=U26uSmcEQto,No Candy For Masha 😱😱😱😱,https://www.youtube.com/watch?v=rPl678A7vZo,Playing With Animals 😱😱😱😱,https://www.youtube.com/watch?v=cSW2ByvfjMM,My Experience In A Chinese Restaurant 😱😱😱,https://www.youtube.com/watch?v=cuCUj6n6Ajc,Pretending To Be A Superhero 😱😱😱😱,https://www.youtube.com/watch?v=Gq68agv_nZA
546,deepesh zo,People & Blogs,,2021.0,Sep,24.0,UC9VEW1NhLouw1vbW6p4cACw,12102704036,26500000,False,1227,Ye Kya Hua😂 | Deepesh zo | Ms Komal | #youtubeshorts #comedy #couple #foryou #ytshorts #shorts,https://www.youtube.com/watch?v=mJYS0qglgBQ,End Miss Mat Karna😂 | Deepesh zo| Ms Komal | #youtubeshorts #foryou #trending #viralvideo #comedy,https://www.youtube.com/watch?v=CS1rC8yaoCc,Biwi Rock Pati Shock😅| Deepesh zo | Ms Komal | #youtubeshorts #shorts #funny #foryou #viralvideo,https://www.youtube.com/watch?v=pDa_U1bmjcM,Ye Kya Hua😂| Deepesh zo | Ms Komal | #youtubeshorts #funny  #trending #comedy #ytshorts,https://www.youtube.com/watch?v=oit7l6s-4W4,Biwi Rock Sab shock😂| Ms Komal| Deepesh zo| #youtubeshorts #ytshorts #foryou #trending #funny,https://www.youtube.com/watch?v=NH0fxgRFiSk
547,Like Nastya IDN,Entertainment,Indonesia,2019.0,Nov,22.0,UCui_SuV6CzSgB1bdwL5utzg,9893727147,22900000,False,718,Nastya dan teman-temannya menangkap serangga di rumah,https://www.youtube.com/watch?v=fiPJ-zBNEng,Nastya dan kisah tetangga yang marah - Seri video satu jam untuk anak-anak,https://www.youtube.com/watch?v=ZKpYI8PRHTM,Nastya dan cerita bermanfaat tentang gigi dan gusi yang sehat,https://www.youtube.com/watch?v=m0fiDXFWcI0,Nastya belajar membuat es krim dan mie,https://www.youtube.com/watch?v=O8CtazLSQdI,Nastya dan teman temannya belajar tentang bahaya makan permen,https://www.youtube.com/watch?v=KYi_BfAB7l8
548,Gato Galactico | GALï¿½ï¿,Film & Animation,Brazil,2013.0,Apr,2.0,UCbt4SegZBQLeXMTMvnrfZtw,3945066801,20400000,False,1564,Vem COLORIR com a Luna ! Dias de Sol na Vila Lactea 🌞,https://www.youtube.com/watch?v=MyaVYtKxMZ0,Quem é a Turma mais Alegre do Mundo 🌟SHOW DO GATO GALACTICO !,https://www.youtube.com/watch?v=ST-WOlA6GbQ,GATO GALACTICO e a História da SUPER VOVÓ + 🎵 Super Vovó 🎵,https://www.youtube.com/watch?v=QEclGZJgQVY,GATO GALACTICO e CRIANÇAS Visitam o AEROPORTO  ✈️  Tour Floripa Airport do Gato Galactico,https://www.youtube.com/watch?v=IKPbJa1CdMo,Vem COLORIR com Gato Galactico ! Dias de Sol na Vila Lactea 🌞,https://www.youtube.com/watch?v=0Mql65K_k0E
549,Salman Noman,Entertainment,,2022.0,May,14.0,UCXTyWqKtLLzaom6XwaJu7xw,13450578742,22400000,False,1483,Paise nahi hain pait se nikal le😂 wait for the end 😁 Salman Noman❤️ #shorts,https://www.youtube.com/watch?v=jWPNCiTDh-k,Paise Sab Apne denge😂 Biryani ki jugaard ho gai😁 Salman Noman❤️ #shorts,https://www.youtube.com/watch?v=M_uEvA-MD5A,1000 mil gai 99000 baaki😂 choona laga diya😁 Salman Noman❤️ #shorts,https://www.youtube.com/watch?v=eRh8kY8CP5c,Saiyaara movie kis kis ne dekhi?😂 Salman Noman❤️ #shorts,https://www.youtube.com/watch?v=Z6vU9uVw0to,Apko konsi Super Power chahiye?😂 mere pass power agai😁 Salman Noman❤️ #shorts,https://www.youtube.com/watch?v=npghfp6l5cc
550,CoryxKenshin,Gaming,United States,2009.0,Apr,27.0,UCiYcA0gJzg855iSKMrX3oHg,9026039093,22700000,False,1722,AMANDA CALLED ME OUT [Amanda The Adventurer 3],https://www.youtube.com/watch?v=T_mKh8IUpWw,this CANNOT be the ending.. [FNAF Secret of The Mimic Part 4 END],https://www.youtube.com/watch?v=BiEv9yn8knM,ANIMATRONIC VS ANIMATRONIC [FNAF Secret of The Mimic Part 3],https://www.youtube.com/watch?v=V6QLjGR-aeo,I HATE THIS GUY [FNAF Secret of The Mimic Part 2],https://www.youtube.com/watch?v=5wenj2_oOeg,THIS THING IS CHASING ME [FNAF Secret of The Mimic Part 1],https://www.youtube.com/watch?v=f3WFSL36oZo
551,With Kids[ï¿½ï¿½ï¿½ï¿½ï,Entertainment,United States,2012.0,Jul,6.0,UCYBAcJOZ4a8CCOtEpB_MeLg,2334,17,False,10,Best TWIN KIDS FAILS Compilation 2017    IGneous TV,https://www.youtube.com/watch?v=krV7-M25v44,â–ºBest Undertale Remixes Compliationâ—„ ~ï¿£â–½ï¿£~ IGneous TV,https://www.youtube.com/watch?v=K1gmFVLwFuo,DETERMINATION SONG  Undertale Genocide Animation    )By Makayro(,https://www.youtube.com/watch?v=OiPdAwNDcjQ,Caillou becomes a famous YouTuber   Gets the mega grounding,https://www.youtube.com/watch?v=v9gBMjE3gOw,BATIM Don't forget about me MEME,https://www.youtube.com/watch?v=ST7CnUQOhzQ
552,Travis Scott,Music,United States,2010.0,Sep,1.0,UCtxdfwb9wfkoGocVUAJ-Bmg,11200751608,20300000,False,19,2000 EXCURSION VIDEO OUT NOW,https://www.youtube.com/watch?v=y5jTh_KkqUc,DUMBO VIDEO OUT NOW,https://www.youtube.com/watch?v=h4RcCtayc_s,"Travis Scott, SahBabii - BEEP BEEP",https://www.youtube.com/watch?v=M5iHI0nsVZc,"Wallie the Sensei, Luxury Tax - 110 SOUTH (Official Audio)",https://www.youtube.com/watch?v=_0edhw3NN-M,Travis Scott - DA WIZARD (Official Audio),https://www.youtube.com/watch?v=LaJ7SWa4-QU
553,Tu COSMOPOLIS,People & Blogs,Mexico,2014.0,Aug,28.0,UCo4ywJQXfUIB0lCBpczW3cA,5231051695,16600000,False,13293,INFLUENCER se FRACTURA LA COLUMNA por hacer RETO VIRAL!,https://www.youtube.com/watch?v=qstbBNLc1VU,El ARQUI JUVE 3D STUDIO se ATREVIÓ a decir lo que OTROS NO se ATREVEN!,https://www.youtube.com/watch?v=uSDC6Fd7RTo,QUICO se va en CONTRA de DOÑA FLORINDA!,https://www.youtube.com/watch?v=DvMkEpIqgco,Así se VE IBAI después de BAJAR tantos KILOS!,https://www.youtube.com/watch?v=LpfFK5DZzlE,Van a CASTIGAR a las MUJERES que MIENTAN a los HOMBRES sobre HIJOS que NO SON SUYOS!,https://www.youtube.com/watch?v=th7fMiRbvm8
554,Ivana Alawi,,Philippines,2018.0,Jun,1.0,UCypeLkg3Ne5-LIyiB41b1GQ,1764862102,19500000,False,243,CAN'T SAY NO CHALLENGE WITH QUENTIN | IVANA ALAWI,https://www.youtube.com/watch?v=za-AKTGLwyw,STREET FOOD SA AMERICA FOR 24 HOURS | IVANA ALAWI,https://www.youtube.com/watch?v=VBSwWNTMpWg,CAN'T SAY NO CHALLENGE WITH KATIE | IVANA ALAWI,https://www.youtube.com/watch?v=nRsRCPT0ekI,LIE DETECTOR | IVANA ALAWI,https://www.youtube.com/watch?v=LFWlVcZXAco,BUHAY OSPITAL | IVANA ALAWI,https://www.youtube.com/watch?v=MdDYNTh6AwA
555,Werever2morro,Entertainment,Mexico,2010.0,Dec,7.0,UCzVIrPfZBE-XkBISBybMBLA,2848876312,16500000,False,987,REACCIONANDO A UN DIA CON EL CREW 5 - EN VIVO,https://www.youtube.com/watch?v=dJfoaH7KhzA,"Arcángel, Sech - Sigues Con Él (Video Parodia) (A QUIEN LE VAS A CREER)",https://www.youtube.com/watch?v=NqXxmd4vNV4,"televisa deportes-tiempo de ""reflexion"" ◀︎▶︎WEREVERTUMORRO◀︎▶︎ ◀︎▶︎WEREVERTUMORRO◀︎▶︎",https://www.youtube.com/watch?v=kYxCYSRGW3U,LLAMANDO A YOUTUBERS - QUÉ PIENSAN DE MI?,https://www.youtube.com/watch?v=PCO2pVzjyGY,JUGANDO TORNEO DE 10 MILLONES DE PESOS,https://www.youtube.com/watch?v=rhGK4lwLaRA
556,IDEAS EN 5 MINUTOS,Howto & Style,Spain,2017.0,Apr,2.0,UC_OLtzRJdg0MJfiqGWAAIHw,3927461418,16700000,False,6924,¿YA HAS PROBADO ESTOS CONSEJOS DE DIBUJO VIRAL? 🤯🖍️ ¡Arte Satisfactorio que Te Encantará!,https://www.youtube.com/watch?v=mR0naA8h_p4,🚘 ¡HACKS GENIALES PARA TU AUTO EN 2025! ¿Ya conoces todos estos Gadgets y Trucos? 🙋‍♀️,https://www.youtube.com/watch?v=8COvpcY-sCI,🎒 ¿POR QUÉ COMPRAR ÚTILES ABURRIDOS? ¡Crea Tus Propias Manualidades Escolares Adorables! 🖍️💡,https://www.youtube.com/watch?v=3UiLRgrSQiU,🧀 ¿ZAPATILLAS CON QUESO? ¡Transformaciones de Zapatos Geniales que Tienes que Ver! 👟✨,https://www.youtube.com/watch?v=l_G8UWdCLtA,🔧 ¿GADGETS FUERA DE CONTROL? ¡Estas Herramientas del Futuro Son Alucinantes! 🤯🚀,https://www.youtube.com/watch?v=UYeYDvShV2A
557,NMF News,News & Politics,India,2013.0,Oct,22.0,UCvxi7_X1VSaMr_osIamYNaw,10372769536,21900000,False,146919,Ibrahim Traore: 37 साल का एक सिपाही जिसने 20 फैसलों से देश की क़िस्मत बदल दी,https://www.youtube.com/watch?v=ZJDIEwqWgcI,"50% टैरिफ़ लगते ही ट्रंप को भारत ने मुंहतोड़ जवाब दिया, अमेरिका का सारा घमंड तोड़ दिया !",https://www.youtube.com/watch?v=DzdaSly6zq4,"‘राहुल देश विरोधी, प्रियंका टिक नहीं पाएंगी’, भाई-बहन पर ये क्या बोल गए CM Himanta ?",https://www.youtube.com/watch?v=ULQwbYe08NA,"माला पहनाई, फिर जड़ दिया थप्पड़, स्वामी प्रसाद मौर्य पीट दिए गए !",https://www.youtube.com/watch?v=jj0-GrIvrSw,आखिर भारत को क्यों TRUMP लगातार दे रहे Tariff की धमकी? ये है 3 बड़े कारण,https://www.youtube.com/watch?v=OMQSWSJJ6u8
558,SriBalajiMovies,Entertainment,India,2011.0,Sep,29.0,UCoy3dQzEdq1y2zMnT4pdj3Q,12436294183,22000000,False,32096,"Mirchi Movie Songs | Yahoon Yahoon (4K UHD) Full Video Song | Prabhas, Richa | Latest Telugu Songs",https://www.youtube.com/watch?v=WR6tqYNa6pQ,Camera ఎక్కడ పెట్టావురా Face ముందు పెట్టు ! #14DaysGirlfriendIntlo Movie Streaming on #PrimeVideo,https://www.youtube.com/watch?v=jqEIQR8Pf_w,Nani Got Insulted by His Friends | #BheemiliKabaddiJattu | #shorts | #ytshorts | #sribalajivideo,https://www.youtube.com/watch?v=wSLRLnb1CIg,నాన్న నేను స్కూల్ CHANGE అయిపోనా ? #PaPa (O Naanna) Telugu Movie Streaming Now on Aha Video,https://www.youtube.com/watch?v=TR1vamPAANU,Shravya Back to Back Scenes | Love You Bangaram Movie | Telugu Movie Scenes | Sri Balaji Video,https://www.youtube.com/watch?v=oX1f9ch7Uzw
559,Lahari Music - TSeries,Music,India,2011.0,Nov,21.0,UCnSqxrSfo1sK4WZ7nBpYW1Q,13686586117,18800000,False,9381,"RangiTaranga Re-Release Trailer [4K] | Nirup Bhandari, Radhika Narayan,Avantika Shetty|Anup Bhandari",https://www.youtube.com/watch?v=QM_PsPezJPk,"Raava Raava Full Video Song | Ooriki Uttharana | Naren Vanaparthi,Dipali Sharma | Suresh Bobbili",https://www.youtube.com/watch?v=ZCuiYZ0xUAo,"Enno Enno Full Video Song | Ooriki Uttharana | Naren Vanaparthi, Dipali Sharma | Suresh Bobbili",https://www.youtube.com/watch?v=r6HvCU7Gg1o,"Kalave Mosagara Trailer | Bharath Sagar, Yashaswini Ravindra | Sanjay S Puranic | Dr.K Lokesh",https://www.youtube.com/watch?v=ndwWJ_u-oTM,Fan India Song - Video [Malayalam] | #UITheMovie|Upendra|Ajaneesh B|Lahari Films|Venus Enterrtainers,https://www.youtube.com/watch?v=PiN-24Yi9sA
560,Younes Zarou,Entertainment,Germany,2021.0,May,6.0,UClR74BSOFXxMOKtuaaPu91Q,22865319621,26900000,False,1922,India Button ❤ #yzfamily,https://www.youtube.com/watch?v=2B8TjSluhvc,Munnar is beautiful ❤️,https://www.youtube.com/watch?v=VNKVq1uFKZ0,The result: Hello Kerala ❤️,https://www.youtube.com/watch?v=tPNl7g3tKnw,Behind the scenes: How people say welcome in KERALA // result?,https://www.youtube.com/watch?v=0JmTzFiQG3w,Let’s cook mini Maggie!,https://www.youtube.com/watch?v=skkmycgdyLk
561,Jordan Matter,Entertainment,United States,2006.0,Dec,21.0,UCKaCalz5N5ienIbfPzEbYuA,11721233275,31100000,False,535,I Built a SECRET POOL In My House,https://www.youtube.com/watch?v=l7dzf4eFeAc,I Went on a FAKE DATE to Prank My Dad,https://www.youtube.com/watch?v=PxM89TOiNcQ,"GUESS THE BOYS AGES, WIN $100 #shorts",https://www.youtube.com/watch?v=yKV8veTETRA,Surprising My Daughter with a DREAM VACATION,https://www.youtube.com/watch?v=QaF1r2qdV_E,SNEAKING INTO SMURFS PREMIERE TO MEET RIHANNA #shorts,https://www.youtube.com/watch?v=4mXtYMYwwEg
563,FailArmy,Comedy,United States,2011.0,Jul,5.0,UCPDis9pjXuqyI7RYLJ-TTSA,4626548431,17400000,False,776,Best DIY and Construction Fails | Expensive and Dumb!,https://www.youtube.com/watch?v=oeIcQIBkxig,Best Fails of the Week | Funniest Crash Out Moments,https://www.youtube.com/watch?v=PP68eOKN8Ds,Best Summer Fails | Epic Try Not to Laugh Challenge,https://www.youtube.com/watch?v=1JDeBp_hy1k,Best Florida Fails of the Decade! 🐊,https://www.youtube.com/watch?v=DZ2mH5LlHIg,Best Fails of the Week! | Try Not to Laugh Challenege! 🤣,https://www.youtube.com/watch?v=4FzVOzxKul8
564,BBC News Hindi,News & Politics,India,2009.0,Sep,22.0,UCN7B-QD0Qgn2boVH5Q0pOWg,10029849870,21100000,False,32908,"Uttarakhand को क्यों बार-बार झेलनी पड़ती है तबाही, क्या है वजह? - Explained (BBC Hindi)",https://www.youtube.com/watch?v=1rY_FMccACQ,Trump ने भारत पर लगाया 25 फ़ीसदी और टैरिफ़ #trump #tariff (BBC Hindi),https://www.youtube.com/watch?v=jbh0jNnbWd4,Rare blood Group CRIB: ऐसा ब्लड ग्रुप जो पूरी दुनिया में सिर्फ़ एक महिला का है  (BBC Hindi),https://www.youtube.com/watch?v=_14Xbsv8Su0,India के NSA और Trump के दूत क्यों हैं Moscow में?| 6th Aug 2025 | (BBC Hindi),https://www.youtube.com/watch?v=85plUIbI_nc,फोटो खींचने के लिए शेर के क़रीब पहुंच गया शख़्स #shorts| (BBC Hindi),https://www.youtube.com/watch?v=2OgzUsQU4j8
565,FunFun Toy Doll TV,Entertainment,United States,2016.0,May,31.0,UCqvS0UZpSh8ydVQ7TxGNOJw,7951710057,17700000,False,758,Barbie Dream House 1985 / Pink Doll house পুতুল ঘর rumah boneka منزل باربي बार्बी हाउस #shortsvideo,https://www.youtube.com/watch?v=XhX25phG4zk,Vanity Makeup Set #shortsvideo #shorts,https://www.youtube.com/watch?v=ehRTGZBddy4,Steak & Beer Set -Miniature Restaurant Menu N8/For Collectors रेस्टोरेंट مطعم খাদ্য restoran#shorts,https://www.youtube.com/watch?v=gjMukoifzyI,Miniature 10 Lunch Boxes/Re-ment 2007 Bento Boxes लंच बॉक्स kotak makanمربع الغداء লাঞ্চ বক্স#shorts,https://www.youtube.com/watch?v=-aC9dkWHFUw,Fry set- Miniature Restaurant Food N7 / For Adult Collectors रेस्टोरेंट مطعم খাদ্য restoran#shorts,https://www.youtube.com/watch?v=x1QqyHwEUWQ
566,Sandra Cires Art,Howto & Style,United States,2011.0,Sep,27.0,UCYM02HkL0C3V1hAzw0HUXUw,4219945438,16700000,False,1161,Se me PEGÓ el SLIME en el PELO de Nuevo 😅 Carlos Alberto y Sandra Cires Art,https://www.youtube.com/watch?v=DndeiWJdgZA,24 HORAS con 12 Gallinas Contentas 😂 Sandra Cires Art,https://www.youtube.com/watch?v=p-mdRdJ7oVg,1 Día de SIRENOS con mi Amigo Carlos Alberto 😂 Retos en la Piscina Carlhoos y Sandra Cires Sirena,https://www.youtube.com/watch?v=0HvvW6pkNSM,INTERCAMBIAMOS MASCOTAS por 24 HORAS 😅 Sandra Cires Art y HaroldArtist,https://www.youtube.com/watch?v=Z-pESugK5kM,COMPETENCIA de REGALOS 🎁 Quién Tuvo Más Suerte? 🎄 Sandra Cires Art y Familia,https://www.youtube.com/watch?v=QunlT6UXr7Q
567,Kaykai Salaider,Comedy,Thailand,2011.0,Jan,24.0,UCdLGCJcIGu5ExzYN6CXtkIw,4678434331,17100000,False,441,Vlog 1วัน x งานบอลช่อง3 (พาคุณRB มาเจอFCเก๋ไก๋),https://www.youtube.com/watch?v=JyanvTMwONs,เที่ยวเขาใหญ่!! ทริปธรรมดา ที่ต้องมากับคนพิเศษ (Kaykai&Arbi),https://www.youtube.com/watch?v=0EZDL8xqXsY,เคาท์ดาวปีใหม่ 2025 ที่ภูเก็ต!! ขอจุ๊บหน่อยได้มั้ย? (Kaykai & Arbi),https://www.youtube.com/watch?v=qgqcFkXXgzw,เที่ยวปีใหม่ กับ แฟนใหม่? (Kaykai & Arbi),https://www.youtube.com/watch?v=DyC7AVO2liA,อันยองเรเซอร์ เปิดไฟได้ด้วย “เสียง”💡(Kaykai x Ads),https://www.youtube.com/watch?v=OlbKwlGWIjo
568,UFC - Ultimate Fighting Championship,Sports,United States,2006.0,Mar,4.0,UCvgfXK4nTYKudb0rFR6noLA,10101765320,21000000,False,21518,Jared Cannonier vs Gregory Rodrigues | FULL FIGHT | UFC 319,https://www.youtube.com/watch?v=66w3jlGC50A,"UFC Connected: Chase Hooper, Malcolm Wellmaker, Brandon Moreno & Zhang Mingyang",https://www.youtube.com/watch?v=iGL6vRZK4c0,Anthony 'Fluffy' Hernandez's UFC Win Streak 🔥,https://www.youtube.com/watch?v=46x6Cp5UIqg,"""I think Imanol's better"" 👀 #tuf33",https://www.youtube.com/watch?v=spYbMoYEeVI,Joseph Morales's son broke his TV 🤣 #TUF33,https://www.youtube.com/watch?v=Azf6earKJNs
569,Ch7HD,Entertainment,Thailand,2010.0,May,17.0,UCXUVnTEsLZBim_WlWxBvEwA,11434957352,18900000,False,92880,อัปเดตตารางงานสุดปังของหนุ่ม ภูมิ เกียรติภูมิ | ชิดจอรอดู | 6 ส.ค.68,https://www.youtube.com/watch?v=3tbOdzRmS84,[Live] :  ละคร เเม่เบี้ย รีรัน EP.22,https://www.youtube.com/watch?v=SMWQXKUlBnY,ตัวอย่าง เมืองแก้ว EP.12 | 7 ส.ค.68,https://www.youtube.com/watch?v=b47PWFE9s_A,ยืนยัน เกาะกูด เป็นของไทย 100% กัมพูชาละเมิดทุกอนุสัญญา ใครเอาผิดได้?!?! #ยิ่งคุยยิ่งลึก,https://www.youtube.com/watch?v=YRd9BA87Iik,เส้นทางบันเทิง | FULL EP | 6 ส.ค.68,https://www.youtube.com/watch?v=6JaqLOa7fOQ
570,RCTI - LAYAR DRAMA INDONESIA,Entertainment,,2020.0,Oct,19.0,UCzTsWuCdVP_vehWyGwPcS3Q,17064909043,18500000,False,95762,Kehamilan Amira Terbongkar Sama Nadine! #terbelenggurindu #layardramateroke,https://www.youtube.com/watch?v=cTbj5ft5Jr0,Bu Nadine Kegep Amira Mau Mencelakai Arkana #terbelenggurindu #layardramateroke,https://www.youtube.com/watch?v=HIY7p3c12os,EMOSI KEPANCING! Cecep Ga Perlu Dibantu Buat Parkirin Motor - PREMAN PENSIUN X | Eps 34A Part 1,https://www.youtube.com/watch?v=dnQ0Etbu618,SALAM OLAHRAGA! Cecep Minta Ujang Yang Turun Tangan - PREMAN PENSIUN X | Eps 34A Part 2,https://www.youtube.com/watch?v=EJ3m-TSFlLM,DISERANG! Genta Dan Ladya Mencoba Kabur Dari Serangan Orang Asing | TEBARAN HATI | EPS.77 (3/3),https://www.youtube.com/watch?v=ncnV0ANbReE
571,Alfredo Larin,Entertainment,,2015.0,Nov,23.0,UCd5ApCORQsMOZZz5E9oVeFA,52636229029,54100000,False,1967,FOTO DE VER UNA VEZ #comedia,https://www.youtube.com/watch?v=PX2XqhRqvWc,UNA LLUVIA INESPERADA #comedia,https://www.youtube.com/watch?v=FRQWQbvCcGk,LARIN JR NO ES MI HIJO #comedia,https://www.youtube.com/watch?v=MuYSO6GmVNY,LAS PAPITAS DE LARIN JR #comedia,https://www.youtube.com/watch?v=sZQO-C6cYM0,MI HERMANA NO SE VA #comedia,https://www.youtube.com/watch?v=2pffUkEKgww
573,Matt Stonie,Entertainment,United States,2010.0,Jun,19.0,UCd1fLoVFooPeWqCEYVUJZqg,3771600641,16400000,False,466,The End of an Era...,https://www.youtube.com/watch?v=YYVfcerW6q8,100m Hot Dog Run Challenge,https://www.youtube.com/watch?v=2JeN2PRGENw,Big Mac under 10 Seconds #BigMacChallenge,https://www.youtube.com/watch?v=UVeRGxFEtAw,Big Mac Under 1 Minute #BigMacChallenge,https://www.youtube.com/watch?v=Ystnr9AJNzk,Couple's Food Challenge!! (Hawaii's BIGGEST Pancake),https://www.youtube.com/watch?v=QJrMlEAppSc
574,Boyce Avenue,Music,United States,2007.0,Sep,2.0,UCgc00bfF_PvO_2AvqJZHXFg,7092951632,16900000,False,646,Everybody Wants To Rule The World - Tears For Fears (Boyce Avenue & Hannah Trigwell acoustic cover),https://www.youtube.com/watch?v=ePOBev8Jtek,Back At One - Brian McKnight (Boyce Avenue piano acoustic cover) #shorts #singingcover #ballad,https://www.youtube.com/watch?v=C1WlhpSwagw,Back At One - Brian McKnight (Boyce Avenue piano acoustic cover) on Spotify & Apple,https://www.youtube.com/watch?v=wvNrQ63BzcY,Such a great love song. Name the song or the band in the comments if you know it! #shorts,https://www.youtube.com/watch?v=LGM1YjtlHMc,Everything You Want - Vertical Horizon (Boyce Avenue acoustic cover) #shorts #singingcover #ballad,https://www.youtube.com/watch?v=W-Bjgdf68UA
575,Camila Cabello,Music,United States,2015.0,Aug,11.0,UCio_FVgKVgqcHrRiXDpnqbw,7665587948,16900000,False,195,"Camila Cabello - yours, c tour mini doc",https://www.youtube.com/watch?v=f15QavGC3I8,this documentary is for you. 8.4 on my channel,https://www.youtube.com/watch?v=o39saAn62eQ,London you guys actually melted my heart😭🇬🇧💌,https://www.youtube.com/watch?v=JbRVI0Qsfd0,"merciiii paris. yours, c 💘",https://www.youtube.com/watch?v=FTQ8ytdPciY,europe we are commmmmmming 💗,https://www.youtube.com/watch?v=udoN_hMmpng
576,Little Mix,Music,United Kingdom,2011.0,Nov,30.0,UCIvqWqjC4aLvp7zI8hzARrA,8345399332,16500000,False,278,Little Mix - The Last Show (for now),https://www.youtube.com/watch?v=Wok703ldzfE,Little Mix - The Last Show (for now...) Global Livestream,https://www.youtube.com/watch?v=nxn0lmYArXg,Little Mix - You guyssss 💞 our number ones since day one 🥺 #mynumber1 #shorts,https://www.youtube.com/watch?v=QDUwbgrkKXY,Little Mix - Us 🤝 Jumping on a trend before it’s been and gone #shorts,https://www.youtube.com/watch?v=swSVtk3ApjQ,Little Mix - Getting back in the swing of things! Back together at last 🥺♥️ #shorts,https://www.youtube.com/watch?v=TYOeuLwy85c
577,SAM SMITH,Music,United Kingdom,2012.0,Sep,14.0,UCvpDeGlR5wLP9Z3Tb6K0Xfg,12143399420,16900000,False,362,Sam Smith - To Be Free: the lyric video is now live on YouTube 🩵 #shorts,https://www.youtube.com/watch?v=zYonbmZTn6Q,Sam Smith - All shows on sale now. Link in bio. #shorts,https://www.youtube.com/watch?v=7Tx4QJtbD_Q,Sam Smith - To Be Free (Official Lyric Video),https://www.youtube.com/watch?v=0v9V8kl6NYg,"Sam Smith - To Be Free, the official video out now. #shorts #samsmith",https://www.youtube.com/watch?v=GAthE5qbSE4,Sam Smith - To Be Free (Official Video),https://www.youtube.com/watch?v=xSJy3LvWGkw
578,Pitbull,Music,United States,2006.0,Jul,5.0,UCv8nzwVPQDRjkPCkEsOdEwA,14853264022,17400000,False,734,Without the fans and all the Bald-E's there is no Pitbull ….  Gracias a todo el mundo dallleee,https://www.youtube.com/watch?v=dvEw-xUS8qw,"Mexicooo! 🇲🇽 We’ll be heading your way with the legend @Shakira next month, see you all out there!",https://www.youtube.com/watch?v=SMWyc7I3lqQ,Your only competition is YOU. You gotta wake up everyday and be the best person you can be. 💯,https://www.youtube.com/watch?v=nIQsizpNtLI,It’s summer 2025 and the whole world’s dancing… #TAMOBIEN 🌎 @EnriqueIglesias  @iamchino,https://www.youtube.com/watch?v=mu1tD2ZLMcE,Pitbull x Sensato x Papayo x El Chevo - Que Lo Que (Official Lyric Video),https://www.youtube.com/watch?v=cYk910HvGQE
579,Bollywood Classics,Entertainment,India,2011.0,Oct,13.0,UCZ_OLiS7DkyCg89eV_qQMoQ,10102893622,21400000,False,2246,"90s X 2000s Superhit Songs Jukebox | Udit Narayan, Shreya Ghoshal, Alka Yagnik, K. S. Chithra, KK",https://www.youtube.com/watch?v=zchO-rs2tLc,"Ankhiyon Ke Jharokhon Se (Sad) | Hemlata | Sachin, Ranjeeta | Hindi Lyrical Video",https://www.youtube.com/watch?v=u9kV0p-TAiw,"दो दिग्गजों की आवाज़ में एक दर्द भरा नगमा - देख लिया मैंने किस्मत | Lata Mangeshkar, Mohammed Rafi",https://www.youtube.com/watch?v=cQVDC1OSRH4,"वैजयंतीमाला की अदाओं का जादू 'आ भी जा रसिया' | Lata Mangeshkar, Manna Dey | Phoolon Ki Sej (1964)",https://www.youtube.com/watch?v=orqIwRWdv5M,Katha Suno Siya Swaymvar Ki | Hemlata | Ravindra Jain | Yeh Kaisa Insaf (1980) | Video Song,https://www.youtube.com/watch?v=mRnGrjXL61g
580,Technoblade,Gaming,United States,2013.0,Oct,28.0,UCFAiFyGs6oDiF1Nf-rRJpZA,1985980023,20800000,False,1000,Technoblade's Spectacular 20 Million Substravaganza (contains swearing) #techno20mil,https://www.youtube.com/watch?v=u7mknvjcxP0,playing minecraft hardcore mode with a steering wheel,https://www.youtube.com/watch?v=N1XGZ9GWsyI,Trailer for Technoblade 20 million #Techno20mil,https://www.youtube.com/watch?v=QWpaE558qlg,20 Million Stream,https://www.youtube.com/watch?v=93EgcQD9TsQ,#Techno20mil SUBSCRIBE NOW!!!,https://www.youtube.com/watch?v=Y9qbO0CCz4g
581,W2S,Gaming,United Kingdom,2012.0,Jul,26.0,UCjtLOfx1yt1NlnFIDyAX3Ug,4805305441,16300000,False,652,MY BRO GETS A 193 FUT DRAFT WORLD RECORD - FIFA 20,https://www.youtube.com/watch?v=q05xi6CXTVc,CRISTIANO RONALDO vs LIONEL MESSI FOOTBALL CHALLENGE,https://www.youtube.com/watch?v=xEq8aKDo2DQ,YOU'LL NEVER SEE A BETTER TOTY PACK OPENING - FIFA 20,https://www.youtube.com/watch?v=SLgTKVVnU1w,WORLD RECORD TOTY 192 FUT DRAFT!! - FIFA 20,https://www.youtube.com/watch?v=M6KhB1XaKAY,"FIRST TO SCORE WINS £50,000 CAR CHALLENGE",https://www.youtube.com/watch?v=OYszZYwTfSQ
582,Jennifer Lopez,Music,United States,2005.0,Nov,18.0,UCr8RjWUQ_9KYcIPmWiqBroQ,11794966416,17300000,False,451,Jennifer Lopez - BIRTHDAY (Official Lyric Video),https://www.youtube.com/watch?v=_8STCu4z2Wc,"Jennifer Lopez - BIRTHDAY Live Stream Surprise - Warsaw, Poland July 25, 2025",https://www.youtube.com/watch?v=Fy2GJrBDV0A,We’re already halfway through UP ALL NIGHT #JLoLiveIn2025 ✨ What’s your favorite moment so far!?,https://www.youtube.com/watch?v=qEZoMdW0p_A,Jennifer Lopez - BIRTHDAY (Official Vizualizer),https://www.youtube.com/watch?v=qBAlRdfSTuE,"Jennifer Lopez | UP ALL NIGHT | BIRTHDAY Live In Lucca, Italy",https://www.youtube.com/watch?v=sflmbVSKL08
583,Kids Play,Entertainment,United States,2018.0,May,14.0,UClyPv5RRfYdUFv2SsgV5uMw,9079998100,16800000,False,700,Annie Pretend Play with Playdoh Fried Chicken for Kids,https://www.youtube.com/watch?v=E7wKaCOJxkU,Jolie & Johnny learn to help others and plays with many sweet machines for Kids,https://www.youtube.com/watch?v=_4Q7nomB-8Q,Annie and Friends with 11th Birthday Party stories in Jail,https://www.youtube.com/watch?v=rFATiRpc5PI,Suri and Annie Pretend Play Food and Juice Restaurant _ Funny Video for Kids,https://www.youtube.com/watch?v=tyEUvEJsO5I,Jolie & Johnny’s Superhero Snack Adventure for Kids To Save the World !,https://www.youtube.com/watch?v=HBsTXSbl0S8
584,T3ddy,Comedy,Brazil,2012.0,Jan,16.0,UC5mZsx_OVnc4XmG9rWU2p3A,3831116532,18700000,False,2626,Nadei com Tubarões e Fugi de Um Tsunami no Havaí,https://www.youtube.com/watch?v=JsjT8IxSqcs,Agora provei os doces CAROS do HAVAÍ pra ver se são bons,https://www.youtube.com/watch?v=0FmXs29b5Xs,Cachorro sendo cachorro #shorts #humor,https://www.youtube.com/watch?v=ekLmZ9TX66s,Impossível não ficar com medo do mar depois de ver esse vídeo,https://www.youtube.com/watch?v=V8IDR7tR65s,Que banheiro limpinho🤮,https://www.youtube.com/watch?v=sKgRdr2S5AE
585,JJ Olatunji,Gaming,United Kingdom,2011.0,Jan,26.0,UCGmnsW623G1r-Chmo5RB4Yw,4526053591,16600000,False,1443,TRY NOT TO LAUGH WITH JIDION,https://www.youtube.com/watch?v=LgQy4-7_jXk,Which Fighter Hits The Hardest?,https://www.youtube.com/watch?v=YPMRpDl25IE,"Last Person to Get Knocked Out by a Pro Boxer Wins $20,000",https://www.youtube.com/watch?v=zW__DisW7DA,i got arrested...,https://www.youtube.com/watch?v=jlezEX9gF1g,Meeting Mini KSI,https://www.youtube.com/watch?v=uPa9ku_mumo
586,POPS Kids,Music,Vietnam,2014.0,Jan,14.0,UC5ezaYrzZpyItPSRG27MLpg,14467697223,19500000,False,3979,Nobitaman và Doraemon thực thi công lý! #Doraemon #Season13 #POPSKids,https://www.youtube.com/watch?v=_pJariQifiU,"[S3] Doraemon | Tập 120 - Chiếc Nón Xuyên Thấu, Con Đường Hạnh Phúc | Bản Lồng Tiếng",https://www.youtube.com/watch?v=frCS6XX_U6Q,Hoạt Hình Vui Nhộn 🥁 The Beet Party - Tập 80: Xe Tải Bánh Donut,https://www.youtube.com/watch?v=x5B0er2dmaI,🔴 LIVE 24/7 | Series Ăn Cơm Cùng DORAEMON | Loạt bảo bối mới nhất của mèo ú 😺,https://www.youtube.com/watch?v=NKaY3bpRcHs,Combo gây cười cực mạnh: Doraemon + cún #Doraemon #Season13 #POPSKids,https://www.youtube.com/watch?v=jfGZGScHujg
587,Thairath Online,News & Politics,Thailand,2010.0,Sep,27.0,UCrFDdD-EE05N7gjwZho2wqw,17862255568,19900000,False,271410,🔴LIVE : #ไทยรัฐเจาะประเด็น | 6 ส.ค. 68,https://www.youtube.com/watch?v=P7G0k3sJ9uQ,อย่าไปรบกันเลย..เพื่อนบ้านกัน ศาสนาเดียวกัน😢,https://www.youtube.com/watch?v=ATIlKhY5bkg,"🔴LIVE: #ไทยรัฐนิวส์โชว์ | จับ BHQ ทหาร ""ฮุนเซน"" เค้นสอบเป็นสายลับ? | 6 ส.ค. 68",https://www.youtube.com/watch?v=3-28BymUHwE,การดองกระเทียม: ลักษณะไทย | ThairathTV,https://www.youtube.com/watch?v=Am3pYzQa8UY,"""กัมพูชายิงก่อน"" รบไทย-มุ่งเป้าหมายพลเรือน | EP.23 [1/3] | SEE TRUE | ไทยรัฐนิวส์โชว์",https://www.youtube.com/watch?v=yeruGVxfpss
588,LEGO,Entertainment,Singapore,2005.0,Oct,22.0,UCUU3GdGuQshZFRGnxAPBf_w,3185582123,7910000,False,622,LEVEL 1 vs 100 LEGO BUILDER...,https://www.youtube.com/watch?v=54wpqk927T8,UNBREAKABLE LEGO BUILDS...,https://www.youtube.com/watch?v=O1Ax8_QoVgo,EVERY JOB in LEGO…,https://www.youtube.com/watch?v=Ui2iNAKmzZ0,I tested WEIRD FAKE LEGO...,https://www.youtube.com/watch?v=PTKPOCBMo5c,Visiting a Lego hotel… #lego,https://www.youtube.com/watch?v=lLPtlIGwLNY
589,XO TEAM,People & Blogs,United States,2020.0,Sep,12.0,UClZAOlfhJQJRym39WoAPxdw,20148915816,23300000,False,8002,Only 1% Of People Can Do This 😱,https://www.youtube.com/watch?v=H-Pfn2pcAvg,Try It Yourself,https://www.youtube.com/watch?v=auyvCjvwpe0,Cup Jump Challenge,https://www.youtube.com/watch?v=OVeLCtE-Tp0,DO NOT POP THE BALLOON CHALLENGE 🎈,https://www.youtube.com/watch?v=daA-OC2UC-M,Magic Water Prank,https://www.youtube.com/watch?v=Mttd_fxGrXc
590,AdMe,Entertainment,Spain,2006.0,May,2.0,UCuVpbMt4yu4I9eAey3khnGg,5092771038,16800000,False,10056,Что скрывается под озером Мичиган? Раскрытие водных тайн по всему миру,https://www.youtube.com/watch?v=ll-64XcIuaA,Почему невозможно проехать на машине между островами Новой Зеландии,https://www.youtube.com/watch?v=dP9iJvjcmuI,Самый мощный подводный вулкан Тихого океана готовится к извержению,https://www.youtube.com/watch?v=Rl3h9LNo0Aw,"Ученые, возможно, разгадали тайну Гебекли-Тепе",https://www.youtube.com/watch?v=Y1eucvkuOas,Забытая цивилизация обнаружена через секретный подземный туннель!,https://www.youtube.com/watch?v=b2nxS5hzR8U
591,ExtraPolinesios,People & Blogs,,2015.0,Nov,21.0,UCY8LnVxm0Hf7DKPKuLPxb2g,5040465316,16300000,False,557,Un tifón nos recibió en nuestras vacaciones en Japón😂🌪️,https://www.youtube.com/watch?v=c0OIu52Cnq8,Nunca podemos tener un día tranquilo😂,https://www.youtube.com/watch?v=P3fMW6SFYgE,Mi rutina para arreglarme✨ quieren más videos como estos?,https://www.youtube.com/watch?v=rW_Hj1OEfSU,Estuvo buena la batalla del Día Polinesio💥,https://www.youtube.com/watch?v=ScSw5KHeXjA,"EL QUE ANIQUILE A TODOS, GANA | LOS POLINESIOS | Día Internacional Polinesio",https://www.youtube.com/watch?v=KkqKil-EF2U
592,Dyland PROS,Entertainment,Indonesia,2015.0,Jan,28.0,UCXdmo_q4SawYMz-dmeKEHPQ,1659481484,16300000,False,4233,DELTA FORCE KETEMU SUPERNAYR #dylandpros #deltaforce #garenadeltaforce #supernayr,https://www.youtube.com/watch?v=T2AoegYB_cQ,Kenapa Uma Musume Jadi Fenomena Global #ProsNews,https://www.youtube.com/watch?v=SYoTLOmDoHs,Pembakaran Uluru Roblox,https://www.youtube.com/watch?v=5xZuNvYopKM,"STICK NINTENDO ANEH, STICK ANEH #dylandpros #nintendo #nintendoswitch #nintendoswitch2 #zelda",https://www.youtube.com/watch?v=lxlebwWcLng,KCG Karaoke Cuper Gacha,https://www.youtube.com/watch?v=HoVrNRwQEaM
593,Live,,,2015.0,Jan,13.0,UC4R8DWoMoI7CAwX8_LjQHig,0,16000000,False,0,,,,,,,,,,
594,Vlad and Niki ARA,,United States,2019.0,May,24.0,UC6Bk6cgu7Fc4iTlq5suamPg,2869092389,9570000,False,677,يتعلم الأطفال أهمية الصداقة - قصص مفيدة للأطفال,https://www.youtube.com/watch?v=0QdZi_Hm6UU,مهمة إنقاذ رجال الإطفاء مع كريس وقصص أطفال طريفة أخرى,https://www.youtube.com/watch?v=89zjr1AP7VE,مغامرة كريس والوحش في العمل الجماعي - قصص طريفة للأطفال,https://www.youtube.com/watch?v=v1wesntfQ0s,كريس يبقى وحيدًا في المنزل وقصص مفيدة أخرى للأطفال,https://www.youtube.com/watch?v=w3xFNkTz1ac,مغامرات صيفية وألعاب خارجية مع كريس وأصدقائه,https://www.youtube.com/watch?v=L-Mq8wvd8ds
595,Canal IN,People & Blogs,Brazil,2017.0,Jul,21.0,UCIR9VKPE70KJ4DX2zCjHObw,2839822612,16200000,False,721,DUVIDO VOCÊ ENTENDER!!! DESAFIO FALA AI DO CANAL IN,https://www.youtube.com/watch?v=HGg20525d5M,"FREEZAAAAAA, POR QUÊ???  #Shorts",https://www.youtube.com/watch?v=ADdHWVbkxpA,NÃO ACREDITO QUE ERRARAM ISSO!!! DESAFIO DO EMOJI DO CANAL IN.,https://www.youtube.com/watch?v=CaZK6qK5N2M,BASTIDORES DO CANAL IN #Shorts,https://www.youtube.com/watch?v=8HAv9VqQU6s,QUEM SABE FAZER ESSA DANCINHA? #Shorts,https://www.youtube.com/watch?v=DBWpl9iZaRg
596,TWICE,Music,,2016.0,Mar,27.0,UCzgxx_DM2Dcb9Y1spb9mUJA,7865530422,18400000,False,2225,[TW-DAY☀️] #12 Saweetie & TWICE ✨superstars✨ I know das right 🔥,https://www.youtube.com/watch?v=IQu-PG2hsHU,"TWICE ""THIS IS FOR"" Comeback Week Highlight #2 #TWICE #트와이스 #THISISFOR",https://www.youtube.com/watch?v=sjDSgOn0ID4,"TWICE ""THIS IS FOR"" Comeback Week Highlight #1 #TWICE #트와이스 #THISISFOR",https://www.youtube.com/watch?v=_C8XCWvs7Ew,"TWICE ""THIS IS FOR"" Comeback Week",https://www.youtube.com/watch?v=bQ3vu2pfX9E,"TWICE ""THIS IS FOR"" Live @ TWICE ＜THIS IS FOR＞ WORLD TOUR IN INCHEON Highlight #TWICE #THISISFOR",https://www.youtube.com/watch?v=7moEWd3aBlw
597,Daily Dose Of Internet,Entertainment,United States,2015.0,Jul,15.0,UCdC0An4ZPNr_YiFiYoVbwaw,15704528498,20400000,False,1516,Worst Time for a Phone Call,https://www.youtube.com/watch?v=1Fui7_tbnA0,Never Ending Art,https://www.youtube.com/watch?v=zQsThfXHT9E,What A Save,https://www.youtube.com/watch?v=u1xiVvat0zs,She Was Absolutely Disgusted,https://www.youtube.com/watch?v=rpiYjpSnVOo,This is so Smart,https://www.youtube.com/watch?v=vGewDah7Zu8
598,FitDance,Music,France,2006.0,Nov,20.0,UCl_AQeO6ynSDRSjclc1e16Q,7683522442,16800000,False,7394,Bunda - Emilia ft Luiza Souza | FitDance (Coreografia),https://www.youtube.com/watch?v=0Mfq0AypfDE,"DE REPENTE MÃE! E AGORA? #4 - MATERNIDADE, AUTOESTIMA E AUTOCUIDADO",https://www.youtube.com/watch?v=9y8PPgZASVs,Não deixe adormecer a mulher que existe em você ao se tornar mãe! #autoestima #mulher,https://www.youtube.com/watch?v=_BZY3_rDB48,Look at Me Now (Deekapz Edit) - Chris Brown | FitDance (Coreografia),https://www.youtube.com/watch?v=xI_eSQK_9wg,SAFADONA - Felipe Beats | FitDance (Coreografia),https://www.youtube.com/watch?v=YMlXlxoDiVo
599,Panda Shorts,,Sweden,2020.0,Nov,21.0,UCEYlNI8wno2Xp7YUNdMN22A,12382792435,23900000,False,1317,What did I just Find?,https://www.youtube.com/watch?v=mq222lgNo6U,Try not to Laugh 🤫😭 | 533 #funny,https://www.youtube.com/watch?v=z6ukcHf143A,Try not to Laugh 😂😹 | 529 #funny,https://www.youtube.com/watch?v=MBnFsOFH4Qw,Try not to Laugh 😹😹 | 528 #funny,https://www.youtube.com/watch?v=YoBmao6r_BA,Don't Laugh❗ | Full Video 18,https://www.youtube.com/watch?v=50JWV2ciq38
600,Disney Junior,Entertainment,United States,2008.0,Apr,22.0,UCNcdbMyA59zE-Vk668bKWOg,27220645819,24800000,False,6191,"""Searching for Goofy's Socks"" Song from Mickey Mouse Clubhouse+! 🧦🔎 | @disneyjr",https://www.youtube.com/watch?v=j86geRHEcNg,Marvel's Spidey and his Amazing Friends FULL Episode! 🕷️ | Black Panther's Tech Chaos | @disneyjr,https://www.youtube.com/watch?v=hz4pqwz2nuE,The SuperKitties go on a Wild Jungle scavenger hunt! 🐱🌴 #SuperKitties #DisneyJr,https://www.youtube.com/watch?v=foEFeasfqFc,Meet Captain America! 💪😎 | Meet Iron Man and his Awesome Friends | @disneyjr  x @MarvelHQ,https://www.youtube.com/watch?v=ZKrM2X7S7Qo,"Mickey Mouse Clubhouse+ ""Little Helper"" song! ☀️🎵 #MMClubhousePlus #DisneyPlus #DisneyJr",https://www.youtube.com/watch?v=iXnpssYk-to
601,La Rosa de Guadalupe,Entertainment,Mexico,2008.0,Sep,3.0,UCGs30k8MveMERD3askAgNYA,14722329011,22900000,False,14402,👴🏻❤️👵 El mejor ejemplo de amor eterno #LaRosaDeGuadalupe,https://www.youtube.com/watch?v=UgvyQ04r7Ws,🥺 Los abuelitos se quedaron solitos #LaRosaDeGuadalupe,https://www.youtube.com/watch?v=_NaqFoYwmhk,😭 Se terminó la vida de lujos de Marlene #LaRosaDeGuadalupe,https://www.youtube.com/watch?v=oe8mgwJfDtU,😱 Me gusta tu hermana y quiero hacer un trío con ella #LaRosaDeGuadalupe,https://www.youtube.com/watch?v=h4FCUhH7S8c,Micaela quiere RECUPERAR a su hija porque es RICA y FAMOSA | UN ERROR LLAMADO MARÍA CAYETANA 1/4,https://www.youtube.com/watch?v=nztb19psgGg
602,sagar kalra (Shorts),People & Blogs,,2017.0,Jun,30.0,UClO7QTL3RLMGW9Px4Q8znog,7876024067,19200000,False,640,Friendship day special video 🤣❤️ End zaroor dekhna🤣❤️ #shorts,https://www.youtube.com/watch?v=dJ5F34JBEJg,School me aaya bhoot 😱❤️ End tak zaroor dekhna❤️ #shorts,https://www.youtube.com/watch?v=tHy7_tP86i4,School monitor ne yeh kya kar diya😱😂 End tak zaroor dekhna😂❤️ #shorts,https://www.youtube.com/watch?v=EmEeGmLtgGo,Itna mehenga gift 😱🤣 End tak zaroor dekhna🤣❤️ #shorts,https://www.youtube.com/watch?v=KFt-L75mkqw,Video main kya mistake hai batao😂❤️ end tak zaroor dekhna😂 #shorts #school,https://www.youtube.com/watch?v=ynm--fboedY
603,wifistudy,Education,India,2014.0,Jul,26.0,UCuWuAvEnKWez5BUr29VpwqA,3171486794,15700000,False,56366,RRB NTPC 2024 I Selection Series I Part- 66 I GK/GS for Railways Exams 2024 I By Deepak Sharma,https://www.youtube.com/watch?v=ho1LA-6NEZA,RRB NTPC 2024 I Selection Series I Part- 65 I GK/GS for Railways Exams 2024 I By Deepak Sharma,https://www.youtube.com/watch?v=2HZsHCwGSLo,SSC CGL Mains 2024 I 7 Days 7 MOCKS I DAY -8 I GK/GS Mocks for CGL Mains I By Deepak Sharma,https://www.youtube.com/watch?v=QLtfbjjma2Q,RRB NTPC 2024 I Selection Series I Part- 64 I GK/GS for Railways Exams 2024 I By Deepak Sharma,https://www.youtube.com/watch?v=fJjQ1-gQMnM,SSC CGL Mains 2024 I 7 Days 7 MOCKS I DAY -7 I GK/GS Mocks for CGL Mains I By Deepak Sharma,https://www.youtube.com/watch?v=hxVQEhpBZkA
604,Antrax,Gaming,Mexico,2015.0,May,25.0,UCNbwP-bKUlKrE_5qDwvFILQ,3218298495,16400000,False,746,10 VIDEOS QUE NUNCA PUBLIQUÉ EN YOUTUBE  - [ANTRAX] ☣,https://www.youtube.com/watch?v=QLL96RdO9w4,¡COMPRAMOS SALUDOS DE FAMOSOS! *IMITADORES* - [ANTRAX] ☣,https://www.youtube.com/watch?v=KR-LTRuFSPE,¡SOY DUENDESTEIN! CONSIGO el NUEVO CAMPEÓN en Clash Royale! - [ANTRAX] ☣,https://www.youtube.com/watch?v=5OdGtVE1tqs,¡VUELVO A ABRIR CLASH ROYALE DESPUÉS DE MUCHO TIEMPO! - *ANTRAX*,https://www.youtube.com/watch?v=GlwykSy5Mgs,¡Nueva temporada de Call of Duty Mobile!💚 #callofduty,https://www.youtube.com/watch?v=k0kkCFuHIAE
605,Enes Batur,Gaming,,2007.0,Mar,4.0,UCG0HA4uyuuzPzeq_US_ywVg,9815003980,16400000,False,1943,Özlem fakat neye ?,https://www.youtube.com/watch?v=DCJ9Z2CD7PY,255 GÜN VİDEOSUZ NELER YAŞADIM.,https://www.youtube.com/watch?v=HENe9orVqWg,100 TL VS 100.000 TL YOLCULUK (RoadTrip),https://www.youtube.com/watch?v=vGPQiKHz4-Q,100.000 TL FİRST CLASS UÇAK BİLETİ 2,https://www.youtube.com/watch?v=FzmxAJShZx0,DİŞ AMELİYATI OLDUM,https://www.youtube.com/watch?v=TAC12FluXgc
608,DopeLyrics,Music,United States,2016.0,Jun,9.0,UCvR2R7j218tzejtTsb_X6Rw,2287585274,15700000,False,60,Layla Weathers - thoughts (Lyric Video),https://www.youtube.com/watch?v=UK3VY7ON1HM,mgk - cliché (Lyric Video),https://www.youtube.com/watch?v=xLGuu_KFSj4,Hudson Quill - Leave a Light On (Lyric Video),https://www.youtube.com/watch?v=SZEMgCg3F2g,Morgan Wallen - What I Want (feat. Tate Mcrae),https://www.youtube.com/watch?v=UDJMBUFqPfY,skinnyfeelings - It Ain't Me (Lyrics),https://www.youtube.com/watch?v=Pgtz0dLVi3E
609,jeffreestar,Howto & Style,United States,2006.0,Feb,14.0,UCkvK_5omS-42Ovgah8KRKtg,2610092565,15700000,False,436,Cowgirl Queen 🌵 Palette & Collection Reveal! | Jeffree Star Cosmetics,https://www.youtube.com/watch?v=TWaE9wYmUMw,Gold Blooded 💰 Palette & Collection Reveal! | Jeffree Star Cosmetics,https://www.youtube.com/watch?v=O2Y_EM9C5Ww,Beauty Killer 15th Anniversary Album & Makeup Reveal!!!,https://www.youtube.com/watch?v=NjX_2eHz5jU,Scorpio 🦂 Palette & Collection Reveal! | Jeffree Star Cosmetics,https://www.youtube.com/watch?v=XCuQU_uUD4w,Gothic Beach 🖤 Palette & Collection Reveal! | Jeffree Star Cosmetics,https://www.youtube.com/watch?v=ZbktVQyUd88
610,Lyna,Gaming,Argentina,2014.0,Sep,8.0,UC-cnbLlplnXA4oc7rR21qzg,9277770705,22100000,False,5750,Probé SECRETOS OCULTOS de Steal a Brainrot Roblox 😱,https://www.youtube.com/watch?v=VzYlOn0UKw0,Cuando TRADEAS BRAINROTS en Steal a Brainrot Roblox,https://www.youtube.com/watch?v=7_sDGxcwC7Q,Nada para SALVAR a la PRINCESA en Roblox con Mandarina !!,https://www.youtube.com/watch?v=QWyGO0X18VM,CUANDO JUEGAS A ROBLOX CON TUS AMIGOS 😂,https://www.youtube.com/watch?v=nqHcIAoyoqc,Me Hice Pasar por LAS COMBINASIONAS en Steal a BRAINROT ROBLOX Para Trollear a Mandarina !! 😈,https://www.youtube.com/watch?v=KyhDjQv8AZo
611,MK MUSIC,Music,Brazil,2010.0,Jan,18.0,UCbVwJCxsVbmaP1PFmbGQDeQ,12404963175,18300000,False,7550,"Deus abençoa sua família,escolhe seus pais e cuida dele todos os dias #DiaDosPais #Playlist #MKMusic",https://www.youtube.com/watch?v=Y1q8TuiaXns,"Livramento, mistério e poder divino! Assista “O Todo Poderoso” 🔥 do Paulo Neto e Sarah Farias #MK",https://www.youtube.com/watch?v=xQfM9ntpu-c,Léa Mendonça - Eternamente Sua (Ao Vivo) (Clipe Oficial MK Music),https://www.youtube.com/watch?v=iaYzbl5aUyA,"🎬 Já assistiu ao clipe ""Agora Tenho Vida""? Anderson Freire com uma mensagem forte #MKMusic #Estreia",https://www.youtube.com/watch?v=vKeG4UyaHOk,"Relembre o clipe ""Mergulhar"" da Elaine Martins, e se prepare para o lançamento de ""Reaja"" 🎶",https://www.youtube.com/watch?v=1rWF1aiTaMw
612,Unspeakable,Gaming,United States,2016.0,May,1.0,UCwIWAbIeu0xI0ReKWOcw3eg,11583501224,19000000,False,1061,GABE ON FIRE!!,https://www.youtube.com/watch?v=WUsBegAcnAQ,Driving 100 Hours In A Cardboard Train!,https://www.youtube.com/watch?v=3InYPKOC0jQ,Nathan can't count,https://www.youtube.com/watch?v=XVjIlrn0sCQ,Can I Survive 100 Days In a Waterpark?,https://www.youtube.com/watch?v=MLIUnpFKV08,Your chance to come meet me!,https://www.youtube.com/watch?v=wqjYaCNuoKA
613,Camilo,Music,Colombia,2010.0,Jul,29.0,UCw0aKHSGFGyrnMeVnHeYMyw,8632124805,16800000,False,247,Qué ganas de cantar La Boda a todo pulmón con ustedes en España en el tour que empieza en 3 semanas,https://www.youtube.com/watch?v=PZHCEmNCbs4,Buenas vecina... todavía se hacen coreos por acá?? Es que soy papá... 👍🏼,https://www.youtube.com/watch?v=1rXhMoAQUn8,Tenía que dejar esto por aquí. Maldito ChatGPT en guitarra. #chatgpt #newmusic,https://www.youtube.com/watch?v=3M2kfAg3gw4,Camilo - Maldito ChatGPT (Official Video),https://www.youtube.com/watch?v=dA5Bz9Mj304,Soy esa persona que le pone nombres propios a las cosas jajaja Adivinen cómo se llama mi bouzouki,https://www.youtube.com/watch?v=E0MvpA4mMXM
614,Dear Sir,Education,India,2016.0,Dec,13.0,UC9dyrsYEmD4iGJ8Oz1G5dpw,2091948357,20800000,False,1163,🔥 CBSE SAMPLE PAPER SOLUTION 2026 | MATHS CLASS 10TH | STANDARD/BASIC | TOPPER'S TRICKS REVEALED,https://www.youtube.com/watch?v=jVBT4kuDTg8,#ssc #scam #sscscamnews #sscprotest #sscprotest2025 #sscprotestlive #dearsir,https://www.youtube.com/watch?v=6Bek8ACdrdY,SSC SCAM | WHO IS RESPONSIBLE?  | EDUQUITY EXPOSED ❌,https://www.youtube.com/watch?v=zIXkIYYk75w,I Found 12 SHOCKING Secrets in CBSE's New Sample Papers | CBSE Class 10th Sample Paper 2025 26 OUT,https://www.youtube.com/watch?v=V9-YTiOtKPM,"Na Exam date fix, na system fix – bas students ka future fix kiya ja raha hai",https://www.youtube.com/watch?v=tbq5Kna_CwI
615,Narendra Modi,News & Politics,India,2007.0,Oct,26.0,UC1NF71EwP41VdjAU1iXdLkw,7494971868,28600000,False,31370,"New offices, new mindset: Inside India's bold governance shift under PM Modi",https://www.youtube.com/watch?v=_pNgwyGuPLU,PM Modi's good governance model is visibly transforming India - Here's how!,https://www.youtube.com/watch?v=zozbRHdDFs4,From Parliament to Panchayat - find out how development has reached each corner!,https://www.youtube.com/watch?v=aUNz7l-f4kg,Why is Kartavya Bhavan the beginning of a transformative Viksit Bharat? Know here!,https://www.youtube.com/watch?v=keovELC_9WQ,"Kartavya Bhavan - a commitment to duty, democracy & development!",https://www.youtube.com/watch?v=ANBp031zKOE
616,Arif muhammad,People & Blogs,Indonesia,2017.0,Jan,18.0,UCfx3oPv3cJm2aCJ7UnhKx8A,6404642566,19600000,False,802,SRI KAGET STELA JADI MAMAK,https://www.youtube.com/watch?v=CI-nqWG8YoU,SRI DAN STELA JADI BESTIE,https://www.youtube.com/watch?v=xC3rEAu4wig,Patah hati sri dugem sampai tinggi #makbeti #drama #beti #lucu,https://www.youtube.com/watch?v=2uxK7k8emiQ,CINTA DI TOLAK DUGEM BERTINDAK,https://www.youtube.com/watch?v=E32K4pY8ag4,"Di medan gak perlu sound horeg, semua mulutnya disini speaker,",https://www.youtube.com/watch?v=0MQSrnigyo0
617,Rotten Tomatoes Trailers,Film & Animation,United States,2011.0,Apr,1.0,UCi8e0iOVk1fEOogdfu4YgfA,13719307454,16000000,False,12368,Eden Trailer #1 (2025),https://www.youtube.com/watch?v=pQNbC1IQgi4,HIM Trailer #1 (2025),https://www.youtube.com/watch?v=a6ngpcC0D_Q,If I Had Legs I'd Kick You Trailer #1 (2025),https://www.youtube.com/watch?v=0i9ecitBP7E,The Roses - PARADISE,https://www.youtube.com/watch?v=PLVvAzkDlsA,Casper 30th Anniversary Trailer (2025),https://www.youtube.com/watch?v=mX22pYZhSZM
618,Volga Video,Film & Animation,India,2012.0,Mar,23.0,UCIeNlITYK46VkR7yIuTL8GQ,7210675343,17600000,False,3360,Satya And Samuthirakani Funny Telugu Movie Scene You Can't Miss | Ramam Raghavam Movie | Volga Video,https://www.youtube.com/watch?v=41CYnUHl_iI,నాకు ప్రపోస్ చేసేవాళ్ళు  నా శరీరాన్ని ఇష్టపడుతున్నారు | JayaAmmulu Youtubers | Sai pavani | Volga,https://www.youtube.com/watch?v=04FbzZpdy1E,Samuthirakani And Dhanraj Blockbuster Telugu Movie Scene | Ramam Raghavam Movie | Volga Video,https://www.youtube.com/watch?v=MsI8Uu1k7-I,ఈ రోజుల్లో సినిమా తీయడం చాలా కష్టం | Dasari Narayana Rao Exclusive Interview | Volga Video,https://www.youtube.com/watch?v=iq9e_nrOGzw,What Gave You The Idea Of Setting Up A Film Institute? | Director C. Umamaheswara Rao,https://www.youtube.com/watch?v=scT_ybyzRYo
619,DM - Desi Melodies,Music,India,2017.0,Jul,8.0,UC783dnzJqf2ghHp_pFLYbGA,7975334154,20700000,False,765,Hor kisi da v howi na tu kade #koikoikarda,https://www.youtube.com/watch?v=X7GoMVr79dM,Stebin Ben | Sana Makbul | Desi Melodies #punjabisong #stebinben #sanamakbul     #koikoikarda,https://www.youtube.com/watch?v=KCn65C1GHUY,Stebin Ben New Song Out Now feat. Sana Makbul #koikoikarda #stebinben #sanamakbul #song,https://www.youtube.com/watch?v=1LulSQQ9JC4,Maa Jaye - Official Teaser | Jimmy Sheirgill | Manav Vij | Ranjit Bawa | Romy | Desi Melodies,https://www.youtube.com/watch?v=N02-zn_35z4,Mainu mere toh zada hai tere te yakeen #koikoikarda,https://www.youtube.com/watch?v=Z-qW0KOtOD4
620,MY FAMILY,,Singapore,2019.0,Dec,3.0,UCja7QUMRG9AD8X2F_vXFb9A,10908783591,31500000,False,824,Surprising Our Son with DREAM 15th Birthday,https://www.youtube.com/watch?v=4bMAzJQNMm4,SNEAKING OUT of Summer School *Caught*,https://www.youtube.com/watch?v=j0eiBcLNrvs,I’m Finally MOVING OUT *Mom Cried*,https://www.youtube.com/watch?v=vnJMbR7bcCo,I Bought a REAL House off Temu,https://www.youtube.com/watch?v=I-QRt_qagNk,A Vicious WOLF Destroyed our Backyard,https://www.youtube.com/watch?v=JLj3AEyCBxk
621,Team Films Bhojpuri,Music,India,2014.0,Jul,18.0,UCB4SvelHl4qjFSNYfxhp-SQ,6843879658,17000000,False,20043,#Rakshabandhan2025 प्रेम का धागा (भाई बहन का प्यार) | Nishu Aditi Yadav | #Rakhisong,https://www.youtube.com/watch?v=5_Qni_XBH1A,#Video | मुसरी सुतरी से बांध देब | #Awadhesh Premi Yadav | Antra Singh Priyanka #Bhojpuri Song 2025,https://www.youtube.com/watch?v=hbKMuaVkM8o,Video | बारिश के बून्द गोरी | Amit Arya | New Bhojpuri Song | Barish Ke Bund Gori #Teamfilmsbhojpuri,https://www.youtube.com/watch?v=zVQ_50Fe34I,Video | प्रेम का धागा (भाई बहन का प्यार) | Nishu Aditi Yadav | #Rakshabandhan Song 2025 | #Rakhisong,https://www.youtube.com/watch?v=hQqSGJxfZpk,"#Video | काला कोट मे बलम , #Soni Sahani | New #Bhojpuri Song 2025 |  Kala Coat Mein Balam",https://www.youtube.com/watch?v=BRuJCgolJik
622,Zee Music Classic,Music,India,2014.0,May,20.0,UCFFbwnve3yF62-tVXkTyHqg,80181661198,119000000,False,14549,When your dil goes bawaria… 💖Groove to #Bawaria today! #dhadak2 #siddhant #triptiidimri #shorts,https://www.youtube.com/watch?v=8Rmje-rMg7Y,"When love overflows, it becomes music! 💙🎶 #Dhadak2 album out now – feel every beat! #shorts",https://www.youtube.com/watch?v=9inPVegtlDA,Ye Baarish | Baba Harshit & Deepali Babbar | Joy Chakraborty | Somit Jay Sharma,https://www.youtube.com/watch?v=hl8h9PMNQdE,Tenu Pta | Shatrunj | Musii | Latest Punjabi Song 2025,https://www.youtube.com/watch?v=1ssX78SlZZQ,Acting is a lot of GIVE & TAKE | Vikrant Massey & Shanaya Kapoor | Yashasvi | On Set Off Script,https://www.youtube.com/watch?v=V6N8T0TLa0I
623,Prime Video India,Entertainment,United States,2016.0,Oct,3.0,UC4zWG9LccdWGUlF77LZ8toA,14558219600,35300000,False,12401,"Raanjhanaa last scene BROKE US ALL 🤚🏻💔😔| Dhanush, Sonam Kapoor | #primevideoindia #movie #ytshort",https://www.youtube.com/watch?v=xiiRVRBaGkk,"The Pickup - Watch Now | Eddie Murphy, Pete Davidson | #primevideoindia #watchnow #movie #shorts",https://www.youtube.com/watch?v=7nF3PG6vpEQ,"Shades of Rakhi Sawant 🌼 | Mast Mein Rehne Ka, Agnichakra | Prime Video India",https://www.youtube.com/watch?v=J4-9EfcqMog,Akshaye Khanna LASHES OUT in this iconic scene 📞😂 | Mere Baap Pehle Aap #primevideoindia #movie,https://www.youtube.com/watch?v=cS72p8O8GxE,"Wait, ARE YOU ANJALI??😨 | Shahrukh Khan, Kajol Kabhi Khushi Kabhie Gham #primevideoindia #movie",https://www.youtube.com/watch?v=sT-6Xl8pzC0
624,Caeli YT,Entertainment,Mexico,2010.0,Sep,22.0,UCGRtuAmEObNSmlOLDWzZfVg,1463043697,15400000,False,533,VEAMOS la eliminación de LA CASA DE LOS FAMOSOS juntos,https://www.youtube.com/watch?v=bJdV1sVaiB4,ESTO PASA CUANDO TE DEJAN SOLA Y TE PONES A JUGAR CON TU PELO RESULTADO,https://www.youtube.com/watch?v=VVE8QXv81NA,MI PRIMERA VEZ CAMBIÁNDOME EN UN CARRO PARA TOMARME FOTOS EN LA PLAYA SOLITA🫢,https://www.youtube.com/watch?v=Wt4JAecQ0VM,SERVIRÁ? CHINOS INSTANTÁNEOS CON CHICLES,https://www.youtube.com/watch?v=MqR0ZwE-sp0,CAMBIO DE LOOK EXTREMO! Mi primera vez🫢,https://www.youtube.com/watch?v=jfIKLc0i11I
625,Kuplinov ï¿½ï¿½ï¿,Gaming,,2012.0,Dec,23.0,UCdKuE7a2QZeHPhDntXVZ91w,8248289475,17100000,False,7251,ЛУЧШИЙ КЛОН ► The Alters #5,https://www.youtube.com/watch?v=xnaIX6RUbeA,ПРИГЛАСИЛО НА УЖИН ► ЛИХО ОДНОГЛАЗОЕ #4,https://www.youtube.com/watch?v=Y_juMl8NB0k,НАСТУПАЕТ НА ПЯТКИ ► ЛИХО ОДНОГЛАЗОЕ #3,https://www.youtube.com/watch?v=XrL7U9NbHoE,ВТОРОЙ КЛОН ► The Alters #4,https://www.youtube.com/watch?v=31lLlO0dwMY,ДРУЖБА НАВСЕГДА! ► The Alters #3,https://www.youtube.com/watch?v=6Ja-tkZv6OI
626,Linus Tech Tips,Science & Technology,Canada,2008.0,Nov,25.0,UCXuqSBlHAE6Xw-yeJA0Tunw,8891987369,16500000,False,7403,VR Glasses from the future,https://www.youtube.com/watch?v=PurAsHStvhM,This $2000 Case came with no Manual....,https://www.youtube.com/watch?v=RSW9_lLfYek,"YOUTUBE UNCENSORED - WAN Show August 1, 2025",https://www.youtube.com/watch?v=donziiUQp7o,I bought LTT for $1,https://www.youtube.com/watch?v=5kxZApLpFCc,I Used Pond Water to Cool my PC. How Bad Could It be?,https://www.youtube.com/watch?v=ll_c_EYp3Is
627,Juliana Baltar,Entertainment,Brazil,2010.0,May,9.0,UCqDauP_ke8Lwt8Hg3Xv-8Iw,4855643218,19300000,False,2932,ACERTE A ORDEM!! #shorts,https://www.youtube.com/watch?v=Q1XnEM9IxbU,O NOVO NAMORADO DA JULIANA BALTAR,https://www.youtube.com/watch?v=twFL2kNt77k,CUIDADO COM O REFLEXO #shorts,https://www.youtube.com/watch?v=7nG51THxdjo,ERA PRA SER SÓ UMA NOITE DE CASAL MAS...,https://www.youtube.com/watch?v=Qfr73SRAtL0,ACERTE O JOGADOR OU CAIA NA PISCINA#shorts,https://www.youtube.com/watch?v=jtRjhdYb8lg
628,5-Minute Crafts FAMILY,People & Blogs,United States,2018.0,Dec,13.0,UC63mNFJR8EAb8wAIJwoCmTA,6586560675,15900000,False,5719,Budget-Friendly Backyard Makeover: DIY Garden Upgrades You Can Make In 5 Minutes,https://www.youtube.com/watch?v=G_K3m_s_Dz0,Easy Dough And Pastry Ideas: Qiuck Recipes for Every Occasion,https://www.youtube.com/watch?v=qGGokhNr5zY,DIY natural cleaning hacks: Eco-friendly home to increase cleaning motivation,https://www.youtube.com/watch?v=B9Yk6TmMU_c,Zero-Cost Home Decor: Upcycled Finds & DIY Transformations,https://www.youtube.com/watch?v=f1ElzEdt-aM,Ultimate DIY Beginner's Guide: Slow-Motion Crafting Deep Dive,https://www.youtube.com/watch?v=V8SbEE8073Q
629,Blippi Espaï¿½ï,People & Blogs,Mexico,2017.0,Jan,13.0,UC2LBqf0BsW6OAA75YRybraw,281227446,494000,False,646,Blippi visite une usine de framboise | Blippi en français | Vidéos éducatives pour enfants,https://www.youtube.com/watch?v=bUnuOeuVANE,Blippi joue a la balle au prisonnier !   #blippi #shorts #blippienfrancais #sport #jeux,https://www.youtube.com/watch?v=ve50RyXLM1U,La carrière de Football de Blippi !  #blippi #shorts #blippienfrancais #sport #jeux,https://www.youtube.com/watch?v=Q91htS16ZQQ,Blippi sur la Tamise ! | Blippi en français | Vidéos éducatives pour enfants,https://www.youtube.com/watch?v=39DrU8TGDC4,Petite pause danse en apprenant ! #blippi #shorts #blippienfrancais #danse,https://www.youtube.com/watch?v=nDDNsC4ALDc
630,Super Senya,Entertainment,,2017.0,Jul,27.0,UCjx0-lAtcB7pTxT6MaGPs9g,5377396869,16200000,False,482,Collection of funny videos for children from Super Senya,https://www.youtube.com/watch?v=qjqYpG933PE,Pink vs Black Challenge by Super Senya and Niki 30 min for kids,https://www.youtube.com/watch?v=dzTW9ox0LHg,Senya and Dad Ride the New Super Pink Car,https://www.youtube.com/watch?v=ZTQgst_JwzQ,Super Senya and Niki Play Veterinarians,https://www.youtube.com/watch?v=1Chtisb3jeY,Super Senya and his POP IT CAR,https://www.youtube.com/watch?v=cvHEG29Sjo4
631,Katakit Baby TV,Music,Saudi Arabia,2010.0,Jul,26.0,UChDk1SYEDyC4s74mKwfBUKQ,9659910650,22100000,False,245,يلا نرقص بالحركات مع هالصيصان والاطفال| كتاكيت بيبي 2025,https://www.youtube.com/watch?v=8B3M-FzVxt8,انا لما بحب اتسلى + دبدوبة التخينة | كتاكيت بيبي 2025,https://www.youtube.com/watch?v=IoEv891r33A,دبدوبة التخينة مع هالصيصان | كتاكيت بيبي 2025,https://www.youtube.com/watch?v=drgMC-9N9jI,مين بحب الكتكوت مين بحب هالصيصان| كتاكيت بيبي 2025,https://www.youtube.com/watch?v=XEKdYzJAyIY,توت توت يا كتكوت  ويا صيصاني صو صو| كتاكيت بيبي 2025,https://www.youtube.com/watch?v=8AIztc4QrXs
632,Infobells Bangla,Education,India,2016.0,Jun,13.0,UCAWuV9ZZ0itI3WR-JHWIUNQ,13032084555,23600000,False,578,আলু কচালু এবং তার বোন - Toy Fight | Bengali Rhymes & Cartoons | Infobells #bengalirhymes,https://www.youtube.com/watch?v=cCk0EUOyIOE,"ওহ টমেটো, লাল টমেটো - Aha Tomato | Bengali Nursery Rhymes & Cartoons | Infobells #bengalirhymes",https://www.youtube.com/watch?v=-5qMKDkhyBw,Khoka Ghumalo Para Juralo - Baby Songs | Bengali Rhymes & Cartoons | Infobells #bengalirhymes,https://www.youtube.com/watch?v=bzBalrK5Mps,Phoring Babur Biye & Hattimatim tim tara mathe pare dim | Bengali Rhymes & Cartoons | Infobells,https://www.youtube.com/watch?v=-m1eFGbTpPk,Ghum parani mashi pishi-ঘুম পাড়ানি মাসি পিসি | Bengali Rhyme & Cartoons | Infobells #bengalirhymes,https://www.youtube.com/watch?v=QyHQnJuP8Dg
633,ýýýýýýýý ýý ýýýýýýýý,Shows,Saudi Arabia,2017.0,May,16.0,UCZLl7vfqlRjVL4YBHGmLVvQ,12549537424,29900000,False,777,Chris se convierte en superhéroe - Historias divertidas con juguetes inflables,https://www.youtube.com/watch?v=76G6XhSy7P4,Aventura en el Hospital de Cartón para niños,https://www.youtube.com/watch?v=IPfvJgMJp50,Cuento infantil sobre virus,https://www.youtube.com/watch?v=HYibEuvE60k,¡Las niñas aprenden la importancia de compartir y la amistad!,https://www.youtube.com/watch?v=ELiTMGc9Cb0,Aventura Mágica en la Tragamonedas y otras historias divertidas para niños,https://www.youtube.com/watch?v=WZg-on8X6V8
634,Henrique e Juliano,Music,Brazil,2009.0,Jun,27.0,UCfLTxnQboSLcoSakgONmukQ,20183223070,17000000,False,383,"E pra chegar até você, eu já decorei… #5Km",https://www.youtube.com/watch?v=-tcMSH-WkXk,Henrique e Juliano - DISCURSO (Manifesto Musical 2),https://www.youtube.com/watch?v=DVSh3OKIYug,"Faz tеmpo que a nossa boca não pensa igual, a minha quer falar “tе amo”, a sua vira e fala “tchau”..",https://www.youtube.com/watch?v=rInDtfCqXyc,Dá uma chance pra esse novo eu... #NovoEu,https://www.youtube.com/watch?v=ENh7CFEeNsY,Henrique e Juliano - EXCESSO E FALTA (Manifesto Musical 2),https://www.youtube.com/watch?v=WhxikFPG088
635,Mr DegrEE,Science & Technology,United States,2016.0,Mar,2.0,UCeYTfGpNCmVhlxjQxBDrGPA,39795557669,39400000,False,2125,Prank On My GirlFriend🔥 Watch Till end 😂 #shorts,https://www.youtube.com/watch?v=h4GzHoNais0,Long Nails in SQUID GAME 💅🏻 #shorts,https://www.youtube.com/watch?v=-kHxH0TGSIo,Squid Game New Task #shorts,https://www.youtube.com/watch?v=LznH9U6axu0,Sister vs Sister #shorts,https://www.youtube.com/watch?v=5eGJkcmhV6M,"The Power of ""Teacher""",https://www.youtube.com/watch?v=bljxos5wlN8
636,Kashvi Adlakha,Entertainment,India,2017.0,Apr,9.0,UC8Cd9Zfg3l2SdUT3Xm_aHmA,16878075527,19000000,False,2783,Kashvi Ne Kiski Kari Madad #shorts #youtubeshorts #kashviadlakha,https://www.youtube.com/watch?v=CpBrsEI1C8I,Kashvi Ne Kya Sahi Kiya 😱 Wait For End #shorts #youtubeshorts #kashviadlakha,https://www.youtube.com/watch?v=COoZch16CS8,Kashvi Ki Family Ko Aaj Kon Bachayega 😳 Wait For End 😱 #shorts #youtubeshorts #kashviadlakha,https://www.youtube.com/watch?v=fZvOd_MeVs4,Kashvi Ko Car Se Kyu Utarna Tha #shorts #kashviadlakha #youtubeshorts,https://www.youtube.com/watch?v=y1gG2-13eak,Kashvi Kya Dekh Kar Itna Darr Gayi Wait For End #shorts #youtubeshorts #kashviadlakha,https://www.youtube.com/watch?v=uDZYrwQw9Do
637,Talking Tom & Friends,Entertainment,United States,2010.0,Oct,14.0,UCm3hAp1m1xlAz0ve_EKAo4g,17207684286,32800000,False,861,A Whole World to Explore 🌍✨ Talking Tom & Friends: World Trailer,https://www.youtube.com/watch?v=v69A_LJZHvg,"NEW GAME, NEW STORIES 📚🌈 Talking Tom & Friends: World Trailer",https://www.youtube.com/watch?v=5UnYrAMctec,Miraculous Hero Race 🐞⚡ Talking Tom Hero Dash x Miraculous Ladybug,https://www.youtube.com/watch?v=AF4KdtQ4NeM,Talking Tom Shorts ⭐️ NEW EPISODES ⭐️ Non-Stop Cartoons for Kids 🔴 24/7 LIVESTREAM,https://www.youtube.com/watch?v=neyrQ44Jvjk,How To Do Sports On The Island ⚽️🏀,https://www.youtube.com/watch?v=Wt0xSeiy5eA
639,Harsh Beniwal,Comedy,India,2015.0,May,6.0,UCVmEbEQUGXHVm-O9pqa3JWg,2173597665,16400000,False,199,Kidnapping never felt this easier 🫡,https://www.youtube.com/watch?v=nR6mRqTR_L4,Toxic bf is back again!,https://www.youtube.com/watch?v=pa7v4c7bWzw,Everywhere i go i see him 🥹,https://www.youtube.com/watch?v=BBGUgY3Jf1A,Kuch ni hota bhai isse sab myth hai ☺️,https://www.youtube.com/watch?v=7glZozbL7uw,Kya galat bola maine ?😪,https://www.youtube.com/watch?v=QfhzUgYUB4Q
640,FFUNTV,Gaming,United Arab Emirates,2018.0,Jul,18.0,UCt8z2S30Wl-GQEluFVM8NUw,11905980125,15500000,False,379,Ice cream challenge! Strawberry vs blueberry cake #Shorts,https://www.youtube.com/watch?v=AF6vlPni0fo,Ice cream challenge! Strawberry cake vs banana mukbang,https://www.youtube.com/watch?v=ZI0maSUrV-I,Ice cream challenge! Red vs yellow #Shorts,https://www.youtube.com/watch?v=r14iyrM1kcM,Ice cream challenge! Watermelon vs red cake #Shorts,https://www.youtube.com/watch?v=ZTvhNiYuXGo,Ice cream challenge! Fresh fruits vs sweet food mukbang,https://www.youtube.com/watch?v=077EsPNcGu8
641,Mobile Legends: Bang Bang,Gaming,United States,2016.0,Jul,14.0,UCqmld-BIYME2i_ooRTo1EOg,2104817940,17100000,False,4167,Metro Zero Series Drama: EP4,https://www.youtube.com/watch?v=jgrFa3bBex8,"Julian ""Meowkin Tracker""",https://www.youtube.com/watch?v=SZRJB-VBJhE,Metro Zero Series Drama: EP3,https://www.youtube.com/watch?v=n3jz9oFumHQ,Wish Fair Free Skins,https://www.youtube.com/watch?v=nbreOsM3PmE,Metro Zero Series Drama: EP2,https://www.youtube.com/watch?v=F573sxzItyw
642,Roman Atwood Vlogs,People & Blogs,United States,2013.0,Aug,12.0,UC-SV8-bUJfXjrRMnp7F8Wzw,5574960626,15200000,False,1940,You need a license to become a parent,https://www.youtube.com/watch?v=uj9XH6eEgHc,The best relationship advice,https://www.youtube.com/watch?v=CSPRGwNLNlU,The first time they met,https://www.youtube.com/watch?v=MIkuiatAwow,I Pranked All The Girls!! This Was The Greatest Day Ever With Insta360!,https://www.youtube.com/watch?v=JDbPNqDl3WQ,The neck tattoo…,https://www.youtube.com/watch?v=QzAHQPlOgiQ
643,Mrwhosetheboss,Science & Technology,United Kingdom,2011.0,Apr,20.0,UCMiJRAwDNSNzuYeN2uWa0pA,7398605311,21300000,False,1824,$1000 RC Cars vs Boats,https://www.youtube.com/watch?v=RsFOk-1meH0,I Surprised My Brother With His DREAM Car,https://www.youtube.com/watch?v=895SLIsm2MA,Fastest RC Boat EVER!?,https://www.youtube.com/watch?v=5HWWv7Uz_Vs,I Tested 140 Years of Cars!,https://www.youtube.com/watch?v=JUaOFaI2UnY,Android vs iPhone - Who has better chat up lines?,https://www.youtube.com/watch?v=860ptOXB_rg
644,Genierock,Music,Thailand,2008.0,Mar,9.0,UCs2t9DlvAuyTBkvk2djGZKw,17137609218,16800000,False,2265,"ควัน - Paper Planes Feat.NAP the NAP, เต๋า Sweet Mullet #genieShorts",https://www.youtube.com/watch?v=ZlfaP23Q2-s,"ควัน (Tearless) - Paper Planes Feat.NAP the NAP, เต๋า Sweet Mullet「Official MV」",https://www.youtube.com/watch?v=acepB6R1zKc,TEASER MV ควัน (Tearless) - Paper Planes Feat.NAP the NAP & เต๋า Sweet Mullet พร้อมกัน 06.08.2025,https://www.youtube.com/watch?v=XKVsgl2oF6I,เบื้องหลังกองถ่าย MV #คนไม่เจ้าชู้ - LABANOON Feat.จ๊ะ นงผณี #genieShorts,https://www.youtube.com/watch?v=QWI1itDXZZg,คนไม่เจ้าชู้ - LABANOON Feat.จ๊ะ นงผณี #genieShorts,https://www.youtube.com/watch?v=iB7yKh22NxE
645,zayn,Music,United States,2016.0,Jan,26.0,UC3PdiRW5dUA4V70ueeR1eHA,5689831444,16000000,False,69,We Are The People,https://www.youtube.com/watch?v=ruP9azo2XSg,ZAYN - What I Am (Live From Mexico City),https://www.youtube.com/watch?v=JIwrjbzfQ6k,Stairway To The Sky Tour,https://www.youtube.com/watch?v=Ub4eHjkqJ6c,Tomorrow,https://www.youtube.com/watch?v=zlEGEen71uA,37,https://www.youtube.com/watch?v=gyp0hxJe8G0
646,Kerajinan 5-Menit,People & Blogs,Indonesia,2018.0,Nov,21.0,UClIYfCAhMAlacxT0e_sl1uA,5591425896,17000000,False,5684,MAKANAN PENUTUP DARI GALAKSI LAIN! 🪐✨ Ide Permen Kapas Pelangi & Cokelat Kosmik!,https://www.youtube.com/watch?v=j4MBcX_jsuk,PANGGANG KUE SEPERTI PROFESIONAL! 👩‍🍳 Trik Dekorasi Mudah untuk Pemula & Lanjut Usia! ✨,https://www.youtube.com/watch?v=pyk4iOXA2LU,🎒 MENGAPA MEMBELI PERLENGKAPAN YANG MEMBOSANKAN? Buat Kerajinan Sekolah Lucu Anda Sendiri! 🖍️💡,https://www.youtube.com/watch?v=vVthOb2kAuo,SUDAHKAH ANDA MENCOBA TIPS MENGGAMBAR VIRAL INI? 🤯🖍️ Seni Memuaskan yang Pasti Anda Sukai!,https://www.youtube.com/watch?v=kYV2q7tsd0Q,✨ BUAT HAL-HAL LUCU UNTUK PERLENGKAPAN SEKOLAH DAN RUMAH 🎒🏠 Kerajinan Mudah & Menyenangkan!,https://www.youtube.com/watch?v=LkIXqK9ynZk
647,FC Barcelona,Sports,Spain,2006.0,Feb,6.0,UC14UlmYlSNiQCBe9Eookf_A,5923322163,23600000,False,13752,🔵🔴 BARÇA NOTÍCIES | L’actualitat en 3 minuts #fcbarcelona #football #news,https://www.youtube.com/watch?v=jaQ3LdSDAqY,Taking our trophy back home! 💙❤️🏆 #fcbarcelona #football #shorts,https://www.youtube.com/watch?v=spZqllxqb6M,🔥 From LA MASIA to FIRST TEAM... BEST OF DRO🔥 | (FC Barcelona Exclusive footage) 🔵🔴,https://www.youtube.com/watch?v=-qzFvbtjYAc,🔟 is Lamine Yamal 💙❤️Play with his new jersey in-game now 🤩 @play_efootball  #fcbarcelona,https://www.youtube.com/watch?v=Fg-hNs2stSw,🔵🔴 BARÇA NOTÍCIES (5 agost 2025) | L’actualitat en 3 minuts  #football #fcbarcelona #news,https://www.youtube.com/watch?v=oaVDOWfxn-E
648,Dave and Ava - Nursery Rhymes and Baby Songs,Education,United States,2014.0,Dec,4.0,UC6zhI71atP7YLoZyIyCIGNw,12099209303,15900000,False,1170,😎 Days of the Week and More Nursery Rhymes | Five Little Firemen | Baby Songs by Dave and Ava 😎,https://www.youtube.com/watch?v=LtSJD3eycxE,😃 Five Apples in the Apple Tree | Nursery Rhymes | Down by the Bay | Baby Songs by Dave and Ava 😃,https://www.youtube.com/watch?v=vqV_Pc94Poo,"😁 Happy Birthday Song, The Muffin Man and More Nursery Rhymes | Baby Songs by Dave and Ava 😁",https://www.youtube.com/watch?v=a2OrXgy4yUE,🙃 This Little Piggy – Colors and More Nursery Rhymes | Pat a Cake | Baby Songs by Dave and Ava 🙃,https://www.youtube.com/watch?v=iLjhE-FmtoA,🤗 Ding Dong Bell and More Nursery Rhymes | The Ice Cream Song | Baby Songs by Dave and Ava 🤗,https://www.youtube.com/watch?v=terQSgYv9Ug
649,LOKESH GAMER,Gaming,India,2017.0,Nov,16.0,UCdQPeeJ0qGK6wWBiEJWcdsQ,1967976720,16600000,False,1880,Legendary MP40 Uchiha Skin Giveaway Garena Free Fire #freefire #freefirelive #live #verticallive,https://www.youtube.com/watch?v=8e7jEbCn2zY,￼￼Finally Got Yellow Flash￼ Minato Bundle In Free Fire #shortsfeed #freefire #naruto,https://www.youtube.com/watch?v=G0XM-zjjHYU,Playing Moba Legends 5v5 Diamond King is Back #mobalegends5v5,https://www.youtube.com/watch?v=1fy--gRpXzg,☠️☠️☠️,https://www.youtube.com/watch?v=MKEXkJbz2do,Got 99% Discount New Mystery Shop Minato Bundle And New Evo Uchiha MP40 Skin 😱 Garena Free Fire,https://www.youtube.com/watch?v=X3z7PWCJq7E
650,ILYA BORZOV,People & Blogs,Russia,2021.0,Apr,1.0,UCkwZ4L2z5M_nLHoPtshyJbw,21226429517,29600000,False,3500,Would you help?!😳,https://www.youtube.com/watch?v=QLG2kMhRojg,Confused 🤣,https://www.youtube.com/watch?v=36g6waqrI5A,Wait for it 😅,https://www.youtube.com/watch?v=1dJYJKJdJL8,Wait for it 😇,https://www.youtube.com/watch?v=oMcLLYL5i9c,Wait for it 😇,https://www.youtube.com/watch?v=5AMh7rrvCHQ
651,Mazhavil Manorama,Entertainment,India,2011.0,Oct,31.0,UCUPD0jQo-EP0B1Nf4uzeIMA,24492870234,20200000,False,143800,ജോലി ഇല്ലാത്തവരുടെ അവസ്ഥ stand up ആയി അവതരിപ്പിച്ചു മഹാദേവൻ..... #oruchiriiruchiribumperchiri,https://www.youtube.com/watch?v=MYANw2cRS_k,"വരനെയും വധുവിനെയും തിരയേണ്ട, തേടി വരും! | Manorama Matrimony |Manorama Classifieds Malayala Manorama",https://www.youtube.com/watch?v=Uq2X6Ol8VcA,The real baby |  Matinee Movie | Mazhavil Manorama | Painkili,https://www.youtube.com/watch?v=RC13ZD0Yw8E,ലാലേട്ടനൊപ്പം ഉള്ള ആദ്യ സിനിമ  | Katha Ithuvare | Mazhavil Manorama,https://www.youtube.com/watch?v=M67ulvsesFk,കുട്ടനാടിന്റെ വേദന തമാശയിലൂടെ ജനങ്ങൾക്ക് മുന്നിൽ അവതരിപ്പിച്ചു മഹാദേവൻ... ❤️  #ocicbc | EPI 675,https://www.youtube.com/watch?v=24xmPwhD5yU
653,The MriDul,Comedy,India,2015.0,Mar,14.0,UC0zXnLIFedO97pFsyMxZcFg,6104761767,18900000,False,240,Love Marriage - 5 | the mridul | Pragati | Nitin,https://www.youtube.com/watch?v=JubbTUuOxGI,Happy Holi 😂 | the mridul | the mridul shorts | happy holi special | holi trending | holi shorts,https://www.youtube.com/watch?v=FfR98uOKil4,Happy Holi | the mridul | Pragati | Nitin,https://www.youtube.com/watch?v=p_bwAH0D8Do,Love Marriage - 4 | the mridul | Pragati | Nitin,https://www.youtube.com/watch?v=yhO2Mgj0Db4,Macchar khaa jaungaa Babu 😹 | the mridul | the mridul shorts | mridul ki babu | trending shorts,https://www.youtube.com/watch?v=wUgaZ0WKEeA
654,Niana Guerrero,Entertainment,Philippines,2013.0,Apr,11.0,UCLysbxhOO_JPOPgcsPCMb8w,1638445091,15800000,False,502,Packing My Brother’s Luggage For His USA Trip!,https://www.youtube.com/watch?v=3kNsqeMjjy0,LAST TO PEE CHALLENGE (Bawal Umihi!),https://www.youtube.com/watch?v=q9nn1FHYQck,RUDE AIRBNB GUEST PRANK ON MY BROTHER!,https://www.youtube.com/watch?v=cVVcUzViiUE,My FIRST COACHELLA (I Went On Stage?!),https://www.youtube.com/watch?v=C8_Ks1R2bNw,Finding SECRET Tiktok Spots In MANILA! (HIDDEN GEMS),https://www.youtube.com/watch?v=99sE1QScai0
655,SRK MUSIC,Music,India,2012.0,Mar,16.0,UCAH1Aw-mXgcB3t8uaqW4yTA,8048354808,19000000,False,5485,Dadhiya Garela | Shivani Singh | दढ़िया गड़ेला | Mahima Singh | New Bhojpuri Song | SRK Music,https://www.youtube.com/watch?v=5xUfeEmDgts,"SHREE 420 - श्री 420 | OFFICIAL TRAILER | Khesari Lal Yadav, Madhu Sharma, Shweta Mahara | SRK Music",https://www.youtube.com/watch?v=Ka2RgWjsz50,"Rakhi Mein Behna Ka Pyar Bhaiya | Aamrapali Dubey, Vikrant | Saas Bahu Yamraj | Raksha Bandhan Song",https://www.youtube.com/watch?v=qiqfQMOmS14,Aare Aare Badra | Khushi Kakkar | आरे आरे बदरा | Toshi Dwivedi | New Bhojpuri Song | SRK Music,https://www.youtube.com/watch?v=gQxS-5NjHJE,"Sherni Ke Shikar | Khushi Kakkar | शेरनी के शिकार | Mahima Singh, Pallavi Singh | SRK Bhojpuri Song",https://www.youtube.com/watch?v=F7lLZ-I7zaQ
656,Sony LIV,Entertainment,India,2014.0,May,2.0,UCOQNJjhXwvAScuELTT_i7cQ,13513934185,23900000,False,25829,Emami East Bengal FC vs Namdhari FC | Highlights | Durand Cup 2025,https://www.youtube.com/watch?v=DEXh4S43Xg4,Paneer और Bhajiya देखके आया Jetha के मूँह में पानी |Taarak Mehta Ka Ooltah Chashmah |Comedy Overdose,https://www.youtube.com/watch?v=Nsp2opucXDY,Popatlal का American Accent सुनकर हसने लगी Daya |Taarak Mehta Ka Ooltah Chashmah|Daya Bhabhi Special,https://www.youtube.com/watch?v=2tOBsHmUJok,क्या Jetha का Guess होगा Correct? | Taarak Mehta Ka Ooltah Chashmah | Jetha Jasoos,https://www.youtube.com/watch?v=Ic5vP66D9aM,ITBP FT Makes A Goal Line Clearance | ITBP FT vs Punjab FC | Durand Cup 2025,https://www.youtube.com/watch?v=5jR9x50-jjg
657,T-Series Hamaar Bhojpuri,Entertainment,India,2011.0,Nov,1.0,UCpN-WGQgGsOrXm7nHXDdTDA,11692806847,22400000,False,11067,"#audio VAR PAANE KI VIDHI | Bhojpuri Kanwar Geet | Ankush Raja, Shivani Singh T-Series",https://www.youtube.com/watch?v=qOOG_5m_x6Q,#audio ADBHANGIYA KE DUNIYA DEEWANA BA | Bhojpuri Kanwar Geet | Ranjeet Singh T-Series,https://www.youtube.com/watch?v=jOUzKsnZ0_E,#audio Shivala Chali Ae Baba | Bhojpuri Kanwar Geet | Neelkamal Singh | T-Series,https://www.youtube.com/watch?v=Jtht51OjTmg,NANADO BAM | BHOJPURI AUDIO JUKEBOX KANWAR GEET 2025 | T-Series,https://www.youtube.com/watch?v=8BOJ4GO948w,LIVE NOW | Film Ke Heroine | #Neelkamal Singh |  फिल्म के हिरोइन | #नीलकमल सिंह | Bhojpuri hit Song,https://www.youtube.com/watch?v=DDoAp3TKj0I
658,Oyuncak Avï¿,Entertainment,Turkey,2014.0,Dec,29.0,UCjS0hMS5sneIgsb3PjBc0Bw,4357460927,15300000,False,560,Do you like tihis funny challenge😂 #family FruitChallenge   #ShortsChallenge  #FamilyFun,https://www.youtube.com/watch?v=oPqeDxivu_4,She didn’t see that splash coming! shorts #waterballoon #funnyvideo #summerfun #waterchallenge,https://www.youtube.com/watch?v=ycP6N4V82bE,"2 Challenges, 1 Choice! 🥵 Which One Would YOU Do? 🤔",https://www.youtube.com/watch?v=5VOp4iFnk5k,She Ran… But He Had a Plan! ☠️😵‍💫😂🦶🏻 öykü 🫶,https://www.youtube.com/watch?v=Zb2JwBxLUxY,Only One Can Win! | Öykü vs The Spill Challenge!,https://www.youtube.com/watch?v=jLE2NjXZCuc
659,CNN,News & Politics,United States,2005.0,Oct,2.0,UCupvZG-5ko_eiXAupbDfxWw,18599350704,18500000,False,174218,Great Barrier Reef sees record coral bleaching,https://www.youtube.com/watch?v=DHNi3zYTsJM,Epstein victim's family calls on Trump admin. to invite survivors to Vance strategy dinner,https://www.youtube.com/watch?v=TJo2TLhA3Lw,This man swims with his pet alligator,https://www.youtube.com/watch?v=yzXGX5oDlc0,US special envoy Witkoff meets Putin in Russia,https://www.youtube.com/watch?v=7qJ0C3pEwpY,"Putin-Witkoff meeting was ‘constructive,’ Kremlin says",https://www.youtube.com/watch?v=JhzLlCZs3ys
660,NDTV India,News & Politics,India,2008.0,Jan,19.0,UC9CYT9gSNLevX5ey2_6CK0Q,10619908250,20300000,False,172418,Uttarakhand Cloudburst: धराली में जान बचाने वाली 'सीटी' की कहानी | Shubhankar Mishra | Kachehri,https://www.youtube.com/watch?v=szfYINHOf1Q,Trump Tariff On India BIG BREAKING: Donald Trump ने भारत पर 25 पर्सेंट एक्स्ट्रा टैरिफ लगाया,https://www.youtube.com/watch?v=krleHqoEdNU,Uttarkashi Cloudburst Live Updates | Dharali Rescue Operation | Uttarakhand flash floods | NDRF,https://www.youtube.com/watch?v=qL-yBGiz11A,Rohit Sharma & Virat Kohli: रोहित और विराट का अब क्या ?,https://www.youtube.com/watch?v=tvIYs12pBHg,"Trump Tariff On India: ट्रंप के टैरिफ पर भारत का जवाब, 50% टैरिफ को भारत ने बताया दुर्भाग्यपूर्ण",https://www.youtube.com/watch?v=mXuQGI8odas
661,It's Mamix,People & Blogs,United States,2017.0,Feb,1.0,UCSF6ewY9LS8GnbphwvnZpUg,2933689464,15500000,False,490,Сделал МОЛОТ из СПАГЕТТИ!,https://www.youtube.com/watch?v=cZTmmBRClMg,Золотые Стейки в Ломбард!,https://www.youtube.com/watch?v=Aya3Z_Ze4p0,Сделал Электро-Ролики из Шлифовалок! (feat Крастер),https://www.youtube.com/watch?v=PaUvyfQhRCE,Остановит ли Книга Пулю?,https://www.youtube.com/watch?v=LLqW1311UZ8,На что способен ИЗМЕЛЬЧИТЕЛЬ?,https://www.youtube.com/watch?v=keQufH8_QBQ
662,Kim Loaiza,Music,,2019.0,Jan,18.0,UCQZfFRohQ7UX-0CdXl-6pwQ,7196959795,47100000,False,314,MI ULTIMO VIDEO / Kimberly Loaiza,https://www.youtube.com/watch?v=PzdbOj84gTo,El ES HERMANO MAYOR DE KIMA Y JUANITO 😳 (broma) Jukilop | Kimberly Loaiza,https://www.youtube.com/watch?v=JJ1S2W6dOE4,YAAAAAA!!!!,https://www.youtube.com/watch?v=5J3HXDb5Los,5 horas para que salga X AMOR 💿,https://www.youtube.com/watch?v=q-izTS7CjgQ,El final 😭,https://www.youtube.com/watch?v=yewDwn6PYXQ
663,Daftar Populer,Education,Indonesia,2017.0,Jan,16.0,UCQW2tTNJ40V2T6MqV1eMZ0w,2789669946,16800000,False,5728,"Dunia Terkejut! DPR AS Desak Trump Akui Palestina, Inggris & Perancis Dukung Terbuka!",https://www.youtube.com/watch?v=xMCLpbI0qrA,"AS-NATO PANIK!! China & Rusia Punya SENJATA PEMUSNAH dari LUAR ANGKASA, AMERIKA Terancam Hancur!",https://www.youtube.com/watch?v=Q1PwWFsu0NE,"PUTIN LUNCURKAN SERANGAN UDARA! Pangkalan US-NATO HANCUR — Trump TERKEJUT, Ukraina LUMAT!",https://www.youtube.com/watch?v=Ti-yW-YPRXg,AS VS RUSIA PERANG DI LAUTAN! Kapal Selam Nuklir vs Rudal Oreshnik!,https://www.youtube.com/watch?v=f1aKrLgahME,PRABOWO ANGKAT SUARA! Fenomena Bendera One Piece Bajak Laut di HUT RI Ke 80 Bikin Pemerintah Panik!,https://www.youtube.com/watch?v=toNVMyJXQls
664,Musas,Howto & Style,Andorra,2006.0,Mar,12.0,UClnKzwo9CPkYix6V9jK4JTQ,2523163711,15300000,False,703,Quedé🤡,https://www.youtube.com/watch?v=pfQEIqt0yPE,INTERCAMBIAMOS NUESTRAS RUTINAS DE SKINCARE (y esto pasó…) | MUSAS,https://www.youtube.com/watch?v=mj2A4gCO8wg,Se descontroló el reto😂,https://www.youtube.com/watch?v=ajRx0f7KHNo,Batalla de equipos 💥🩷💜 FACE CAKE CHALLENGE #DIP14 | MUSAS,https://www.youtube.com/watch?v=ngyRMWpidoU,PROBAMOS LAS MASCARILLAS MÁS EXTRAÑAS Y VIRALES DEL MOMENTO | MUSAS,https://www.youtube.com/watch?v=v0nEF83gEwg
665,Ranz Kyle,People & Blogs,Philippines,2008.0,Apr,27.0,UCdAt_KUKt0g9ZRQ7gwKaN3A,1860562081,15200000,False,594,We Reunited At The BIGGEST Theme Park In The World!,https://www.youtube.com/watch?v=qtDtu93cX-g,REAL LIE DETECTOR Test! (With Siblings) | Ranz and Niana,https://www.youtube.com/watch?v=dJg6CsunZAo,Spoiling NATALIA For A Day (Pero May Prank!) | Ranz and Niana,https://www.youtube.com/watch?v=MupU1lcc95Y,Turning Heads Sibling Dance! #shorts,https://www.youtube.com/watch?v=UHSRVdnVXFQ,Trip To PANGASINAN With FAMILY! (Hidden Gem!) | Ranz and Niana,https://www.youtube.com/watch?v=PoWRqK8x89I
666,PowerfulJRE,People & Blogs,United States,2013.0,Jan,12.0,UCzQUP1qoWDoEbmsQxvdjxgQ,6157559761,20100000,False,3440,Joe Rogan Experience #2360 - Caroline Fraser,https://www.youtube.com/watch?v=X-MwP-HotfE,Joe Rogan Experience #2359 - Mike Maxwell,https://www.youtube.com/watch?v=ajMlhHjt3gk,Joe Rogan Experience #2358 - Chadd Wright,https://www.youtube.com/watch?v=xpM-pGPb8kc,Joe Rogan Experience #2357 - Sarko Gergerian,https://www.youtube.com/watch?v=Eq4y2vh8TD8,Joe Rogan Experience #2356 - Mike Vecchione,https://www.youtube.com/watch?v=HRo96sQIFJs
667,Mariale,Howto & Style,United States,2010.0,Jan,6.0,UCSyoRFkB5xkaa3ScUcBaETw,3055348786,15200000,False,4818,Mi lip combo favorito últimamente!,https://www.youtube.com/watch?v=vhGbyUfaol4,TIKTOKS QUE SOLO LAS NIÑAS ENTENDERAN - 1 HORA | Mariale,https://www.youtube.com/watch?v=tvk9Og1U7jI,🫢 catfish,https://www.youtube.com/watch?v=0opipNdZHas,"Vamos a KCON, la convención Coreana más importante del mundo con @CJENM_Global @oliveyoungglobal",https://www.youtube.com/watch?v=rnQq-44bvW4,DISEÑOS DE UÑAS INCREIBLES QUE SI ME HARIA - 1 HORA | Mariale,https://www.youtube.com/watch?v=CmGTr5xVr1U
668,Makiman131,Gaming,Spain,2013.0,Feb,12.0,UCevY-z55kr37ZAXG15F-KiA,4568796278,16100000,False,3424,LIBRO ZOMBIE 3D 🧟😍,https://www.youtube.com/watch?v=NkqFeYGRlXA,Desafío IMPOSIBLE con globos de agua🎈💦,https://www.youtube.com/watch?v=bxYcbUCJ0IY,ENCONTRE UNA CABEZA EN UN LUGAR ABANDONADO !! *ME PERSIGUEN*,https://www.youtube.com/watch?v=QXaX6jum97I,SALTOS POR NIVELES A LA PISCINA !!,https://www.youtube.com/watch?v=KygbzY_jhZQ,INVITO 5 SUSCRIPTORES PARA HACER RETOS DE PISCINA !! *FINAL MUY EPICO*,https://www.youtube.com/watch?v=TXUyezc8_WM
671,EdisonPts,Gaming,Russia,2013.0,Jun,24.0,UCrpt82vHWIWZSHtNQxncPrg,8505217293,17100000,False,4335,НОВЫЙ СЕЗОН СЕЗОН 350+ МОДОВ или It Takes Two,https://www.youtube.com/watch?v=U2XPsMnF-Eo,МОНСТР СРЕДИ НАС В БЕСКОНЕЧНОМ ЛАБИРИНТЕ В МАЙНКРАФТ!,https://www.youtube.com/watch?v=BLALNGbxNs8,Я ИСПОЛЬЗОВАЛ НОВЫЙ ГРАНДМАСТЕР СПРИНКЛЕР В САДАХ ИГРОКОВ В GROW A GARDEN В МАЙНКРАФТ!,https://www.youtube.com/watch?v=G7HCXuLdPm0,ВЕРНУЛСЯ В ЛЕГЕНДАРНУЮ РУБРИКУ 7 ЛЕТ НАЗАД! [День Ностальгии],https://www.youtube.com/watch?v=r_TLiW3vH4E,НАТАХА ВЫЛЕТЕЛА ИЗ КОМАНДА + КОНЕЦ СКУЛБОЯ,https://www.youtube.com/watch?v=reFrE773APQ
672,BIGBANG,Music,South Korea,2005.0,Oct,10.0,UCzw-C7fNfs018R1FzIKnlaA,9626206121,16600000,False,776,BIGBANG - ‘봄여름가을겨울 (Still Life)’ M/V REACTION,https://www.youtube.com/watch?v=yrkvNsGcr64,BIGBANG - '봄여름가을겨울 (Still Life)' COVER CONTEST D-14,https://www.youtube.com/watch?v=ZgEppOb8VPs,BIGBANG - '봄여름가을겨울 (Still Life)' M/V,https://www.youtube.com/watch?v=eN5mG_yMDiM,[Playlist] 에라 모르겠다 오늘은 빅뱅이다 | The Ultimate BIGBANG Playlist,https://www.youtube.com/watch?v=OsA3iPO2fEg,D-LITE (from BIGBANG) - 'DなSHOW Vol.1 [The Complete Collector’s Set]' (TRAILER_2.27 on sale),https://www.youtube.com/watch?v=TdMpz2-QTiI
674,ABS-CBN News,News & Politics,Philippines,2009.0,Oct,22.0,UCE2606prvXQc_noEqKxVJXA,13099552668,18200000,False,260534,"PH shares inch closer to 6,400 level | ANC",https://www.youtube.com/watch?v=v9d8RN1dycM,PH unemployment rate eases in June to 3.7% | ANC,https://www.youtube.com/watch?v=1IL5_JZMSPg,"San Simon, Pampanga mayor arrested for allegedly accepting bribe | ANC",https://www.youtube.com/watch?v=gSgaXhzG2RA,House prosecution panel questions 'rush' in Senate's decision on VP Duterte impeachment | ANC,https://www.youtube.com/watch?v=wSJwRiWL8jQ,Majority of senators vote to 'archive' VP Duterte impeachment case | ANC,https://www.youtube.com/watch?v=EqOfd3c9Wnk
675,Chapitosiki,Entertainment,Russia,2020.0,Jan,24.0,UCXmseTCR4w5q36pupOJKegw,34254676944,30800000,False,5188,ЧУДЕСА КАКИЕ-ТО!✨,https://www.youtube.com/watch?v=gZsRd7xow-w,НИКТО НЕ ЗАМЕТИЛ🙈,https://www.youtube.com/watch?v=Z94Pt3lXkxw,ЭЛИ ТОЖЕ ХОЧЕТ КАТАТЬСЯ😁,https://www.youtube.com/watch?v=zRRtMAbJqO8,ВОТ ОТКУДА ОНИ БЕРУТСЯ😱,https://www.youtube.com/watch?v=c5_z4fg1-kU,РАЗОБЛАЧИЛИ ХИТРЕЦА🐵😂,https://www.youtube.com/watch?v=wLPvuCacBUY
676,AdeleVEVO,Music,United Kingdom,2009.0,Oct,15.0,UComP_epzeKzvBX156r6pm1Q,14283743203,14800000,False,52,Adele - I Drink Wine (Official Video),https://www.youtube.com/watch?v=jDvYDzFOK9A,Adele - I Drink Wine (Live at The BRIT Awards 2022),https://www.youtube.com/watch?v=LwXQ7WUh-D0,Adele - Oh My God (Official Video),https://www.youtube.com/watch?v=niG3YMU6jFk,Adele - Easy On Me (Live at the NRJ Awards 2021),https://www.youtube.com/watch?v=ffcitRgiNDs,Adele - All Night Parking (with Erroll Garner) Interlude (Official Lyric Video),https://www.youtube.com/watch?v=vjtbafmOjcY
677,MoreAliA,Gaming,United Kingdom,2013.0,May,6.0,UCyeVfsThIHM_mEZq7YXIQSQ,7030345415,20300000,False,2838,*NEW* Creative People On Another LEVEL!,https://www.youtube.com/watch?v=okiafBDI0n0,Impossible Try Not To Say WOW Challenge!,https://www.youtube.com/watch?v=2-1fnQCDLNw,500 of the Best Videos of 2025!,https://www.youtube.com/watch?v=YYEIEAVwVCo,Funniest Kid Text Messages 😂,https://www.youtube.com/watch?v=Vfpl_KljozI,900 IQ Genius Kid Inventions!,https://www.youtube.com/watch?v=aVoRQe9z8t8
678,Chetan Monga Vlogs,People & Blogs,India,2014.0,Aug,17.0,UCZLOlM5df0CXW9bP5MAeE7A,16230917279,22600000,False,1269,Wait for it🥲🤣 #comedy #chetanmonga #shorts,https://www.youtube.com/watch?v=fIFJjb2fZHI,Relatable?😂 #comedy #chetanmonga #shorts #ad #aqualogica,https://www.youtube.com/watch?v=_9CG7EWOFBw,Last tak wait karni toh banti hai💀🤣 #comedy #chetanmonga #shorts,https://www.youtube.com/watch?v=Gpw9SnGT4JI,Saiyaara Paglus🤣💀 #comedy #chetanmonga #shorts,https://www.youtube.com/watch?v=nFt9HU40eRQ,Last one💀 #comedy #chetanmonga #shorts,https://www.youtube.com/watch?v=8-JHVI1PJKM
680,League of Legends,Gaming,United States,2009.0,Feb,9.0,UC2t5bjwHdUX4vM2g8TRDq5g,8971898181,15900000,False,1608,POV: Hwei does your makeup 🥰,https://www.youtube.com/watch?v=Ku4uGBjj5Fc,Soak in the lofi magic of Spirit Blossom Springs | Chillhop Music Lofi Remix EP - League of Legends,https://www.youtube.com/watch?v=vcOfzEXpQ88,"Yunara, the Unbroken Faith | Official Champion Theme - League of Legends",https://www.youtube.com/watch?v=gni4Zh-9Z94,the shrine maiden has spoken 😤,https://www.youtube.com/watch?v=be-NIoJ0Gi0,Here are some Yunara tips to take to the rift from our Game Designer Max Perlman!,https://www.youtube.com/watch?v=2fgsjsllT4E
681,TheRichest,Education,United States,2006.0,May,25.0,UCdxi8d8qRsRyUi2ERYjYb-w,2751445577,14700000,False,2787,How Much Is Lindsay Lohan Making For Freaky Friday 2?,https://www.youtube.com/watch?v=ayBu64n95I8,The Wicked Cast Net Worth Might Make You Green With Envy,https://www.youtube.com/watch?v=2LDVwUvRyNo,Wednesday Season 2 Cast Ranked By Net Worth,https://www.youtube.com/watch?v=ewHV0IBJYWI,Sandra Bullock’s $50 Million Real Estate Empire Is WILD,https://www.youtube.com/watch?v=ltHrtdvYUDU,Hulk Hogan’s Net Worth Was Still Hulking Up At The Time Of His Passing,https://www.youtube.com/watch?v=2NhQot4G6w0
682,XpressTV,Entertainment,Mexico,2014.0,Nov,17.0,UC0YFjwJc3b1otDerdv6CfWA,5383909769,17200000,False,894,25 Cosas que NO Sabías hace 5 minutos!! ⏰😲 [250],https://www.youtube.com/watch?v=ygTiqQYO7UQ,25 Cosas que NO Sabías hace 5 minutos!! ⏰😲 [249],https://www.youtube.com/watch?v=o8c7Ig50BvE,1 Hora de Cosas Que No Sabias!! (XPRESSTV),https://www.youtube.com/watch?v=WVIjnJJ2iTU,25 Cosas que NO Sabías hace 5 minutos!! ⏰😲 [248],https://www.youtube.com/watch?v=ibhr2U0ND4w,25 Cosas que NO Sabías hace 5 minutos!! ⏰😲 [247],https://www.youtube.com/watch?v=W1kZtwD2L1s
683,PlayStation,Gaming,United States,2005.0,Dec,16.0,UC-2Y8dQb0S6DtpxNgAKoJKA,5734900098,16400000,False,25336,Delta Force - Console Overview Trailer | PS5 Games,https://www.youtube.com/watch?v=WbSVdofRwOc,Call of Duty: Black Ops 6 - Season 05 BlackCell Trailer | PS5 & PS4 Games,https://www.youtube.com/watch?v=v55AkGk8NMQ,Metal Eden - Release Date Trailer | PS5 Games,https://www.youtube.com/watch?v=LziEjesZW84,HMUR - Announcement Trailer | PS5 & PS4 Games,https://www.youtube.com/watch?v=_2N9bt4Tljs,Fortnite - Battle Royale: Chapter 6 Season 4: Shock 'N Awesome - Hybrid Launch Trailer | PS5 & PS4,https://www.youtube.com/watch?v=p4djq6WF4E4
684,Kwebbelkop,Gaming,United States,2008.0,Apr,2.0,UCfLuMSIDmeWRYpuCQL0OJ6A,7045425606,15000000,False,5609,I Tried Every YouTuber Product In Minecraft,https://www.youtube.com/watch?v=eoH3prmiR3A,Minecraft Cheater VS Pro Speedrunner,https://www.youtube.com/watch?v=roQHVMx9Lzg,Kwebbelkop AI ACCIDENTALLY Started a FOREST FIRE!?,https://www.youtube.com/watch?v=l3kQ_avMLvg,Mercedes ELECTRIFIES Right into The Future!?,https://www.youtube.com/watch?v=jkNI2aupd2A,Found the HIDDEN PRADA Luggage Factory!,https://www.youtube.com/watch?v=IPSMj5n28Z4
685,Republic Bharat,News & Politics,India,2018.0,Aug,16.0,UC7wXt18f2iA3EDXeqAVuKng,18230929890,29700000,False,269030,"India on America Tariff LIVE: भारत पर टैरिफ लगाते ही गुस्से में लोग, अमेरिका छोड़ने लगे लोग?",https://www.youtube.com/watch?v=ugbd63_YkPw,"America Tariff on India News LIVE: बौखला गए ट्रंप, भारत पर फिर लगाया 25 प्रतिशत टैरिफ, मचा हड़कंप!",https://www.youtube.com/watch?v=LXbe337Tu2g,PM Modi on America Tariff News LIVE: टैरिफ पर मोदी का आया पहला बयान! LIVE | Breaking | Donald Trump,https://www.youtube.com/watch?v=a-yg2WlOYLA,Ye Bharat Ki Baat Hai LIVE: ट्रंप ने भारत फोड़ा टैरिफ बम | PM Modi |India Action on America Tariff,https://www.youtube.com/watch?v=KN6rJFPGP78,Uma Bharti Sadhvi Pragya: पूर्व मुख्यमंत्री और भाजपा नेता उमा भारती ने साध्वी प्रज्ञा से मुलाकात की,https://www.youtube.com/watch?v=DIlYRz0WYec
686,THE BROWN SIBLINGS,Entertainment,India,2016.0,Oct,9.0,UCxGzpNf5XOnSQOYC2nbMiyQ,11953614148,19100000,False,1714,Beauty Pill or Intelligent Pill #funnyshorts #ytshorts #shorts,https://www.youtube.com/watch?v=nQH4Bdb8YII,You Will Be the Next Queen #minivlog #ytshorts #shorts,https://www.youtube.com/watch?v=6e0-U-FDGSI,Your Soulmate Sent You Money #funnyshorts #ytshorts #shorts,https://www.youtube.com/watch?v=3J-9AXHv-o4,You can Accept or Decline your soulmate’s height #funnyshorts #ytshorts #shorts,https://www.youtube.com/watch?v=2RjGd82GqFY,Your Soulmate Will Control Your Hand #minivlog #ytshorts #shorts,https://www.youtube.com/watch?v=aatQn_kIse8
687,Sony Music South,Music,India,2014.0,Aug,6.0,UCn4rEMqKtwBQ6-oEwbd4PcA,18088612891,20400000,False,4889,"Vaaranam Aayiram - Mundhinam 8K/4K Video Song | Harris Jayaraj | Suriya, Simran | Gautham Menon",https://www.youtube.com/watch?v=YCghNcH8E5U,These lyrics 😍,https://www.youtube.com/watch?v=rgaHhAaHtJc,Kasavinaal Ft Hanan Shaah | A Jubair Muhammed Musical | Suhail Sulthaan | 4K,https://www.youtube.com/watch?v=dTPpNs30Jos,Bun Butter Jam (Telugu) - Official Trailer | Raju | Raghav Mirdath | Nivas K Prasanna,https://www.youtube.com/watch?v=8o2DknqPzLY,Firestorm by Thaman S  | They Call Him OG | Pawan Kalyan,https://www.youtube.com/watch?v=HzjkqHWOLFY
688,BigSchool,Gaming,,2020.0,Dec,2.0,UC-Diq5SjWZDol8C0_E_1Y7A,14454106271,32800000,False,7387,"Otamatone Yellow vs. Otamatone Ballerina, who is better?",https://www.youtube.com/watch?v=i7c1iuGcZeI,Help Assassino Cappuccino reach rank 6974 to escape the tornado!,https://www.youtube.com/watch?v=tT179ntG96A,Maze Challenge | Help police Ballerina Patapim catch the two villains Garamararam!,https://www.youtube.com/watch?v=HcpJ0mVLrrQ,Help Tung Tung sing continuously so that Ballerina Patapim can drink milk!,https://www.youtube.com/watch?v=PG0QEyXddwg,Ballerina and Signora in a continuous singing challenge to level up to rank 9999!,https://www.youtube.com/watch?v=sJzjNOYZtvo
689,Ray William Johnson,Entertainment,United States,2008.0,May,26.0,UCGt7X90Au6BV8rf49BiM6Dg,14412037580,18500000,False,2868,He’s faking his cancer,https://www.youtube.com/watch?v=top_St7WYIc,This Hollywood Director Was Kidnapped and Forced To Make Action Movies,https://www.youtube.com/watch?v=flhv6uKQlFk,Megan Thee Stallion Got Shot,https://www.youtube.com/watch?v=N_Knr4H2p2c,This Funeral Home Director Lost 190 Bodies,https://www.youtube.com/watch?v=mnZsPNiDbZo,"She Sent Him 65,000 Texts After One Date",https://www.youtube.com/watch?v=cIEIhL9wM0U
690,KOMPASTV,News & Politics,Indonesia,2013.0,Aug,23.0,UC5BMIWZe9isJXLZZWPWvBlg,15396882396,19000000,False,370950,Dedi Mulyadi Digugat 8 Organisasi Sekolah Swasta ke PTUN Bandung,https://www.youtube.com/watch?v=sCKuu0SWhCc,"Kafe Hening Imbas Kontroversi Bayar Royalti, Apa Kata Musisi? | KOMPAS MALAM",https://www.youtube.com/watch?v=j8CwIok_myg,Menkomdigi Meutya Hafid Sebut Belum Ada Rencana Blokir Gim Roblox | KOMPAS MALAM,https://www.youtube.com/watch?v=oE_bNkjGo60,"Pengemudi Diduga Salah Injak Pedal Rem, Mobil Tercebur ke Kali di Kelapa Gading | BERUT",https://www.youtube.com/watch?v=NB8m6U7ul1U,LIVE - Polisi Ungkap Tipu Muslihat Kontrakan Fiktif  I SASARAN,https://www.youtube.com/watch?v=xXSnwuMzSrk
693,A2 Motivation by Arvind Arora,Entertainment,India,2017.0,Apr,7.0,UC6ERimtc5zFrn7x6Bk3HaHA,13516636859,20700000,False,5357,बच्चों को क्यों हो रही आँखों की बीमारी ! By Arvind Arora !!,https://www.youtube.com/watch?v=eAAnq8b8-Vs,चाय बनाने का सही तरीका ! #shorts #youtubeshorts by Dr. #arvindarora,https://www.youtube.com/watch?v=dAtIaczDnfo,चाय ज़हर कब बन जाती है ? #shorts #youtubeshorts by Dr. #arvindarora,https://www.youtube.com/watch?v=a8ZHE4C5L1c,100 रुपये में बिटकॉइन कैसे खरीदें ? #shorts #youtubeshorts by Dr. #arvindarora,https://www.youtube.com/watch?v=thnScy6JBoo,ऊंट का मूत्र क्यों पीते अरबी लोग ? #shorts #youtubeshorts by Dr. #arvindarora,https://www.youtube.com/watch?v=wkVhKrj6C4I
694,50 Cent,Music,United States,2007.0,Feb,8.0,UC8zJedg1f4sKnyuHWeS6vyw,13317151783,17600000,False,427,50 Years of 50,https://www.youtube.com/watch?v=YD3rUM5NvAQ,"50 Cent Takes Over Da Baby's Birthday Bash in Charlotte, NC",https://www.youtube.com/watch?v=Z2fMVCcU4ks,All Roads Lead to Shreveport | Recap of the Financial Impact of Humor & Harmony Weekend 2024,https://www.youtube.com/watch?v=oJ9ExOYEskI,"50 Cent Presents: Humor & Harmony Weekend (Feat Dave Chappelle, Katt Williams, Andrew Schulz + More)",https://www.youtube.com/watch?v=fEDvSQ4uOyE,Get Fit or Die Tryin | GUnitBrands.com,https://www.youtube.com/watch?v=5CN2Xb_eC64
695,MNCTV OFFICIAL,Entertainment,Indonesia,2012.0,Nov,29.0,UC34xi8JB1AKSotPUKHywbaA,9033598030,17100000,False,82324,"Udah Pedekate Lama, Gebetan Cantiknya Ternyata Bukan Manusia",https://www.youtube.com/watch?v=Gj8p0_YX_BQ,"Udah Pedekate Lama, Gebetan Cantiknya Ternyata Bukan Manusia",https://www.youtube.com/watch?v=grVx1KfAKQ8,"Udah Pedekate Lama, Gebetan Cantiknya Ternyata Bukan Manusia",https://www.youtube.com/watch?v=4AF8YyD6XAI,"INFO SELEBRITI PALING UPDATE, LANGSUNG CEK!   SENIN JUMAT 08 30 WIB DI GTV #obsesigtv",https://www.youtube.com/watch?v=DjypMRzlssg,Seperti Ini Ciri-Ciri Murid Pintar #mnctv #family100 #kuiskeluarga,https://www.youtube.com/watch?v=XxuV5zM45UE
696,ERB,Entertainment,United States,2006.0,Feb,8.0,UCMu5gPmKp5av0QCAajKTMhw,4259442443,15000000,False,90,Napoleon vs Charlemagne. Epic Rap Battles Of History,https://www.youtube.com/watch?v=xgXSLLULGyU,Donald Trump vs Kamala Harris. Epic Rap Battles of History,https://www.youtube.com/watch?v=HVZtKKryjfU,Godzilla vs King Kong. Epic Rap Battles of History,https://www.youtube.com/watch?v=jhkBAKV1yMg,Henry Ford vs Karl Marx. Epic Rap Battles Of History,https://www.youtube.com/watch?v=QjqjoehA7kM,Lara Croft vs Indiana Jones. Epic Rap Battles Of History.,https://www.youtube.com/watch?v=abKAgJUjOFU
697,melanie martinez,Music,United States,2007.0,Nov,3.0,UC2YnEq5Fc5_zEO6bo0oNzCQ,5378309379,16000000,False,135,Melanie Martinez - LEECHES (Official Music Video),https://www.youtube.com/watch?v=SinDUMJmsCU,🧚PORTALS DELUXE BOXSET🧚 been working on this fun board game for a while!!,https://www.youtube.com/watch?v=JoIacVlxNpg,Melanie Martinez - SPIDER WEB (Official Music Video),https://www.youtube.com/watch?v=Qc1vonVAfmk,Melanie Martinez - LIGHT SHOWER (Official Music Video),https://www.youtube.com/watch?v=3mtEQZoDo08,Melanie Martinez - FAERIE SOIRÉE (Official Music Video),https://www.youtube.com/watch?v=jzQ8YrQxvrU
700,ZutiGang,People & Blogs,,2021.0,Mar,5.0,UCNBTflmnht6ZMRNCDNilw9g,19532270360,19500000,False,1612,Learn Girl MATH! 🤯 #shorts,https://www.youtube.com/watch?v=NCocpq3yVss,Her Reaction! 🤯 Trick MOM! 😭 #shorts,https://www.youtube.com/watch?v=i8MtWKLqlrw,She Drops her phone 🤯 #shorts,https://www.youtube.com/watch?v=Kv1NCRQNt5k,Trying Life Hacks 🤯,https://www.youtube.com/watch?v=cNGR6KvwTLo,MOST Funny Videos 2025! 🤯 Cant Stop Laughs 😂 #shorts,https://www.youtube.com/watch?v=GqwpLoZfbH4
701,ýýýýýý,People & Blogs,Russia,2008.0,Aug,11.0,UCN260h5KyiKmQmwwvo3Facw,1308,6,False,26,5 Maret 2024,https://www.youtube.com/watch?v=3NvLNGZEBvw,1 Maret 2024,https://www.youtube.com/watch?v=oY5WtsbIf_o,1 Maret 2024,https://www.youtube.com/watch?v=-0FUIbH9ZuI,29 Februari 2024,https://www.youtube.com/watch?v=tg3zl2KOAEY,29 Februari 2024,https://www.youtube.com/watch?v=10aC6_u-eP0
702,TazerCraft,Gaming,Brazil,2011.0,Jul,13.0,UCjBO43ykxlSs3j7F7EXcBUQ,6246084669,15200000,False,4179,ISSO É TERRÍVEL... Garten of Banban 4,https://www.youtube.com/watch?v=0Wm7WD_5-fk,FOMOS PRESOS NO QSMP! 👮‍♂️ [DIA 128],https://www.youtube.com/watch?v=mgvYD6enGyI,ESTAMOS SENDO PROCURADOS NO QSMP!  [DIA 124],https://www.youtube.com/watch?v=w5V5ZBRmmMM,TEM UM ASSASSINO NO QSMP?! [DIA 122],https://www.youtube.com/watch?v=XVQ6DHSPYUY,vamos ser BANIDOS do QSMP?! 😲 [DIA 121],https://www.youtube.com/watch?v=08_flcfglRo
703,Bayashi TV,Entertainment,Japan,2012.0,Nov,19.0,UCbCJmNKAL85O1VFeD6Wj60g,21594079266,33200000,False,1545,Where is my ice cream? 🐄,https://www.youtube.com/watch?v=pRs7-dwLMiU,Throwing the First Pitch with the Chicago Cubs! @cubs,https://www.youtube.com/watch?v=qT-PFv4udwg,I want Lobster🦞 @NickDiGiovanni,https://www.youtube.com/watch?v=R4XTGSgn5iQ,サバ缶キャベツ！群馬の嬬恋高原キャベツを使ったソウルフード！#pr,https://www.youtube.com/watch?v=RTVhOVsAX8g,Melon cake 🍈,https://www.youtube.com/watch?v=Mphz3OP9no8
704,Fueled By Ramen,Music,United States,2006.0,Jun,9.0,UClVrJwcIy7saPcGc1nct80A,14879188138,15300000,False,1245,Daisy Grenade: Don't Sweat It [OFFICIAL VISUALIZER],https://www.youtube.com/watch?v=60qddNM5l6E,ONE OK ROCK - Dystopia [OFFICIAL LYRIC VIDEO],https://www.youtube.com/watch?v=OXJU88ZfXVc,ONE OK ROCK - Tiny Pieces [OFFICIAL LYRIC VIDEO],https://www.youtube.com/watch?v=W20h79XJGdI,ONE OK ROCK - This Can't Be Us [OFFICIAL LYRIC VIDEO],https://www.youtube.com/watch?v=Q75nEE_FKeA,ONE OK ROCK - +Matter [OFFICIAL LYRIC VIDEO],https://www.youtube.com/watch?v=TdnWblMhBSg
705,CrashCourse,Education,United States,2006.0,May,20.0,UCX6b17PVsYBQ0ip5gyeme-Q,2140114068,16500000,False,1639,From the Trail of Tears to Wounded Knee: Ep 11 of Crash Course Native American History,https://www.youtube.com/watch?v=VyF8SOSP2YM,The Truth About Columbus’s “First Contact”: Ep 10 of Crash Course Native American History,https://www.youtube.com/watch?v=IIJwt3zO4fw,What are the Fish Wars and Why Do They Matter?: Ep 9 of Crash Course Native American History,https://www.youtube.com/watch?v=9Gmncfkeh7E,Introduction to Indigenous Knowledge : Ep 8 of Crash Course Native American History,https://www.youtube.com/watch?v=Mrp0T-4A-2s,The Real Impacts of Archaeology on Native Americans: Ep 7 of Crash Course Native American History,https://www.youtube.com/watch?v=T_MjSrQk1VU
706,MattyBRaps,Music,United States,2010.0,May,31.0,UCmdY1pHB-KbFYxOyhwjVeQw,4428338440,15400000,False,212,Sleepover,https://www.youtube.com/watch?v=5oDE7G47_Vk,Fool  - MattyBRaps,https://www.youtube.com/watch?v=NbNX_XzDQMs,Shadows!,https://www.youtube.com/watch?v=LHKTsdQ4oWA,RUMORS II,https://www.youtube.com/watch?v=orzWDqFgOCM,Hey Miss Addy! (Hey Matty Matty Remix),https://www.youtube.com/watch?v=eLSBK6smkQI
707,Lachlan,Gaming,Australia,2013.0,Mar,19.0,UCh7EqOZt7EvO2osuKbIlpGg,5908851135,15300000,False,4093,Which YouTuber Skin Is More Popular?,https://www.youtube.com/watch?v=b4bLYMLhBCI,I Beat Sidemen Among Us...,https://www.youtube.com/watch?v=_NAlIab3fWI,Can I WIN EVERY Fortnite Map?,https://www.youtube.com/watch?v=Vh1nU5ZmNY0,Something Is Wrong...,https://www.youtube.com/watch?v=Nic3CGqQWVk,LEGO® UEFN Just Got A Massive Update… #ad,https://www.youtube.com/watch?v=xEVu34AEtmc
708,ýýýýýýýý ýýýýýýýý,Howto & Style,Ukraine,2015.0,Oct,12.0,UC_dOoqlEZX-LzR5uVwAK1FQ,4063,20,False,107,"ngày 29 tháng 6, 2022",https://www.youtube.com/watch?v=Jd_nPs5nxfw,Pet trùm ýýýýýýýý,https://www.youtube.com/watch?v=lfwuufHQheM,"ngày 17 tháng 6, 2022",https://www.youtube.com/watch?v=sGbZoVYVTk4,"ngày 26 tháng 5, 2022",https://www.youtube.com/watch?v=-Y0WloiHWbc,Come back,https://www.youtube.com/watch?v=vEORNfI7oVY
709,Meghan Trainor,People & Blogs,United States,2008.0,Jun,4.0,UCkXgEcpoTE4tHsebYBouWpA,9811032683,15300000,False,522,Workin’ On Christmas In July,https://www.youtube.com/watch?v=5jp5KIfodOA,Workin’ On Depression,https://www.youtube.com/watch?v=w97OpAt4I1I,Workin' On Listening,https://www.youtube.com/watch?v=zUCqggR9mbU,Workin’ On Camping??,https://www.youtube.com/watch?v=kg4QNLpB-Zs,"my childhood hero, my husband, my best friend & the best dad to our beautiful boys just turned 33💙",https://www.youtube.com/watch?v=VVn05d_E0Q8
710,Jorge & Mateus Oficial,Music,Brazil,2008.0,Jul,29.0,UCL64gn1KZ1C-u87BGQv3b6w,11001867195,15400000,False,398,O problema desse vídeo é que ele acaba 🫠 #jorgeemateus,https://www.youtube.com/watch?v=8ekB3bXR4rE,Turnê Jorge & Mateus 20 anos (Porto Alegre/RS),https://www.youtube.com/watch?v=7xt303Pb55U,Turnê Jorge & Mateus 20 anos (Goiânia/GO),https://www.youtube.com/watch?v=a8b0oc4IL-U,Turnê Jorge & Mateus 20 anos (Manaus/AM),https://www.youtube.com/watch?v=wyPO5ULT4sk,Jorge & Mateus - Todo Seu (Visualizer Oficial),https://www.youtube.com/watch?v=4JtfbgJ1-j8
711,Major Lazer Official,Music,,2013.0,Jun,14.0,UCMJ5Qf3sOvQpcYiai1Noa3Q,10368926285,15000000,False,511,BRONX BODEGA TINGS,https://www.youtube.com/watch?v=PeEk-iNcGKs,WHERE TO NEXT?!,https://www.youtube.com/watch?v=ID9k76XagaI,big chune droppin soon,https://www.youtube.com/watch?v=9IPcsFfgpjc,AINT NO PARTY LIKE A MAJOR LAZER PARTY,https://www.youtube.com/watch?v=ZaIp_l95DlQ,Lollapalooza 2016 🫡 Who was there?,https://www.youtube.com/watch?v=D2-UEqdPYY0
712,Beast Philanthropy,People & Blogs,Germany,2015.0,Jan,31.0,UCAiLfjNXkNv24uhpzUgPa6A,1166241250,28200000,False,68,Trapping 5 Youtubers in an Albertsons Store,https://www.youtube.com/watch?v=a_VcqPIMWf4,Beast Games: Charity Edition,https://www.youtube.com/watch?v=kwW3d1jgTlM,Rescuing Child Slaves in Africa,https://www.youtube.com/watch?v=O6wTcrhkw4o,Kissing A Lion!,https://www.youtube.com/watch?v=mqPDIfOjN6g,Giving 10 Kids Supercars,https://www.youtube.com/watch?v=wOGD9zfqEkk
713,Filaretiki,,United States,2021.0,Mar,24.0,UC7Lta_EuGv5BXoLTpUutvBA,31137326112,29400000,False,5038,Omg 😱 filaretiki family✨ #shorts #social,https://www.youtube.com/watch?v=WCYPEljA1Ug,Big and small 😍 #shorts,https://www.youtube.com/watch?v=Iz80Wqd_QNk,What happened to him?,https://www.youtube.com/watch?v=fKRPMjD0kCo,Why doesn’t he buy them anything?🥺filaretiki family✨#social,https://www.youtube.com/watch?v=7iy0I4wG4HY,What will dad come up with?😳 filaretiki family✨ #shorts,https://www.youtube.com/watch?v=_rnIfU-qAU4
714,5-Minute Crafts Recycle,People & Blogs,United States,2019.0,Jun,7.0,UCCLVg6BI7NxDIp6GFKfFGFw,10091453782,15600000,False,6653,Simple Repair hacks with Quick Results 🔧,https://www.youtube.com/watch?v=cIrtJFq4GZE,Huge Functional Car projects. Rebuild your Car into Unique,https://www.youtube.com/watch?v=hNUm4CYdlag,Even kids can eat it easily after this hack! 🍉,https://www.youtube.com/watch?v=qzqmQelVsXc,The secrets electricians don’t usually tell 🧰🤫,https://www.youtube.com/watch?v=wQ79yj-ngCs,Save Money with there Smart Repair tips,https://www.youtube.com/watch?v=7AHtV8Zbnjs
716,Maha Fun Tv,Entertainment,United States,2017.0,Sep,5.0,UCJYi5GZRNoW1nJGU_Y1JbGA,1417481828,14600000,False,89,Shaktiman And Monkey Special Trending Funny Comedy Video 😂 Comedy Video 2025 By Maha Fun Tv,https://www.youtube.com/watch?v=OLRzvy5-E-c,Funniest Fun New Comedy Video 2025 😂 amazing funny video 2025 By Maha Fun Tv,https://www.youtube.com/watch?v=o_hqho77REY,"Must Watch Very Special New Funny Video 2024 Totally Amazing Comedy, funny videos",https://www.youtube.com/watch?v=ZgdW2EhpQuk,Must Watch New Special Comedy Video 2023 😎Totally Amazing Comedy Video,https://www.youtube.com/watch?v=uPbEv6bvjlU,Totally Amazing New Funny Video 😂 Top Comedy Video 2023,https://www.youtube.com/watch?v=Z6lWcqc3e_I
717,Canal Nostalgia,Entertainment,Spain,2010.0,Feb,19.0,UCH2VZQBLFTOp6I_qgnBJCuQ,1593399922,15000000,False,451,DARWIN E A TEORIA QUE MUDOU O MUNDO,https://www.youtube.com/watch?v=W_Wm5z0zFM4,O BRASIL ANTES DE 1500:  A HISTÓRIA QUE VOCÊ NUNCA APRENDEU,https://www.youtube.com/watch?v=ZUt_OO_C4Eo,RETROSPECTIVA ANIMADA 2024 ♫ - Canal Nostalgia,https://www.youtube.com/watch?v=NEwA9OQmqXw,A história da foto mais inteligente de todos os tempos #história #MarieCurie #FotoMaisInteligente,https://www.youtube.com/watch?v=JOMzd7O2Q2g,MARIE CURIE - VÍTIMA DE SUA PRÓPRIA DESCOBERTA,https://www.youtube.com/watch?v=tDWeCwF-1dA
718,The Slow Mo Guys,Entertainment,United States,2010.0,Aug,15.0,UCUK0HBIBWgM2c4vsPhkYY4w,2687594690,15100000,False,362,"When 50,000 volts go through a wire at 5,000,000 FPS - The Slow Mo Guys",https://www.youtube.com/watch?v=BTkZ36g4GOs,High-Speed Hair-Plucking Machine in Macro Slow Mo - The Slow Mo Guys,https://www.youtube.com/watch?v=kp_k_hiP9rA,"Backwards Bullet Shockwaves between Glass at 375,000 FPS - The Slow Mo Guys",https://www.youtube.com/watch?v=05-ceCK5e9U,Rocket-Propelled Skateboard using a Melon - The Slow Mo Guys,https://www.youtube.com/watch?v=ZzKH-mrp75g,"This watch vibrates 1,296,000 times per hour #shorts #slowmotion #bulova #watch",https://www.youtube.com/watch?v=BIxcNPLL5ZY
719,StudyIQ IAS,Education,India,2015.0,Jun,22.0,UCrC8mOqJQpoB7NuIMKIS6rQ,7344311045,19800000,False,59565,PM Modi vs Trump Tariff War | New India Shocks the World! | No more Silent Nation! | UPSC GS2,https://www.youtube.com/watch?v=9Mcu_UBvTWk,Indian States Bigger Than Whole Countries?! | By Ankit Agrawal | #shorts,https://www.youtube.com/watch?v=E1Xk7IBHa1g,Indian Express Analysis | 7th August 2025 | The Indian Express Newspaper Analysis #news,https://www.youtube.com/watch?v=RzWlBKMI9hs,The Hindu Analysis | 7th August 2025 | The Hindu News Paper Today With Practice Questions,https://www.youtube.com/watch?v=5_VLkfQ0C4c,"The Real Story of ""Operation MAHADEV"" | From Pak IDs To Chinese Satellite Phones | Varun Jauhari",https://www.youtube.com/watch?v=2HwrP2wN494
720,Chad Wild Clay,Comedy,United States,2006.0,Mar,26.0,UCwaNuezahYT3BOjfXsne2mg,7467908554,15300000,False,842,We're Being Hunted...,https://www.youtube.com/watch?v=g3Ro1w-_0Es,I Found a Lost Puppy in a Body Bag!,https://www.youtube.com/watch?v=JtnEEEW5ygA,Whose Blood is This...?,https://www.youtube.com/watch?v=Oi0siSjLb-I,Arresting My Dead Friend's Murderer,https://www.youtube.com/watch?v=QmT-KS91BXQ,Something is Living in this Cursed Pit,https://www.youtube.com/watch?v=APAJWydIPRM
721,CollegeHumor,Comedy,United States,2006.0,Oct,9.0,UCPDXXXJj9nax0fr0Wfc048g,7210300318,15100000,False,5022,"Game Changer BTS, New Smartypants, and more! (what's on Dropout this week) 🌠",https://www.youtube.com/watch?v=qeZ5NmOwRv4,The First 12 Minutes of Game Changer's Spin That Wheel Challenge Episode,https://www.youtube.com/watch?v=97sV8JN5NWs,"New Game Changer, StarKid Dirty Laundry, and more! (what's on Dropout this week) 👀",https://www.youtube.com/watch?v=DJR1ukd41gA,Welcome To Mountport! (Opening of the Improvised Musical) | Game Changer Animated,https://www.youtube.com/watch?v=bB3R6iP428I,"New Smartypants, New Parlor Room, Game Changer BTS, and more! (this week on Dropout)",https://www.youtube.com/watch?v=H4VD8rr5-xE
722,Netflix Jr.,Education,United States,2012.0,Jan,28.0,UCAJnyTWJPpKXuwgWQDdNWrQ,15306946781,23300000,False,2876,Toasty Trouble for the Bears 🍞🐻 7 Bears | Netflix Jr,https://www.youtube.com/watch?v=hYuoTwnpJKU,Grumpy Grows GIANT 🌧️💙 Care Bears: Unlock the Magic | Netflix Jr,https://www.youtube.com/watch?v=DaQNxXM0ROY,"Wave Hello with Ms Rachel, now playing on Netflix! 👋",https://www.youtube.com/watch?v=PMyCgujZkBk,"Wrong princess, wrong shoe! 👑 7 Bears",https://www.youtube.com/watch?v=1_wLsOkafUw,Chef Blippi Makes a Pizza 🍕 Blippi's Job Show | Netflix Jr,https://www.youtube.com/watch?v=cDkGNKlKuBs
723,Colors Rishtey,Entertainment,India,2013.0,Nov,28.0,UCyfkoMQeJOoEt3ZhY3PI6Uw,17001145028,20800000,False,38089,Krishna's flute brings Yashoda back to senses | jai Shri Krishna | Colors Rishtey,https://www.youtube.com/watch?v=MAvetEul00Y,Phulwa tells her mother the truth | phulwa | Colors Rishtey,https://www.youtube.com/watch?v=OvXAm9H9EnE,Chunni sees Sona steal the money | phulwa | Colors Rishtey,https://www.youtube.com/watch?v=yK9eoRFEjjY,Anirudh wants to build a public toilet | Barrister Babu | बैरिस्टर बाबू | Colors Rishtey,https://www.youtube.com/watch?v=R8_q0ODtOyo,Saurav's mother harms Sampoorna | Barrister Babu | बैरिस्टर बाबू | Colors Rishtey,https://www.youtube.com/watch?v=mavH546MydU
724,ABC News,News & Politics,United States,2006.0,Aug,7.0,UCBi2mrWuNuyYy4gbM6fU18Q,16963684312,18800000,False,103527,Active shooter incident with casualties reported at Fort Stewart in Georgia,https://www.youtube.com/watch?v=LUeV1W2CBOE,GOP Texas​ rep on redistricting efforts says 'we're going to do what we want to do',https://www.youtube.com/watch?v=LMbDRsdLa-U,"Nightline Full Broadcast — Tuesday, August 5, 2025",https://www.youtube.com/watch?v=TRt6N00-1eA,Trump envoy Witkoff meets Putin in Moscow ahead of Ukraine ceasefire deadline,https://www.youtube.com/watch?v=n5Bcat2_kFo,Oregon murder suspect now charged in death of 4th woman: DA,https://www.youtube.com/watch?v=MEhWukwoeyw
725,Camila Loures,Music,Brazil,2014.0,May,27.0,UCvuJTWl_peL49CUfF2EAbyg,5844588780,16000000,False,5210,"O NOVO XIS É UM SACANA, ALTAS EMOÇÕES NESSE EP!!! (EP 13 TEMP 9)",https://www.youtube.com/watch?v=zJmNEZafxeA,alguém tem q parar a gente 😂🍇💚,https://www.youtube.com/watch?v=APbyf5-Zts8,FIZEMOS UMA FESTA COM DESCONHECIDOS PRA GLENDA!!!,https://www.youtube.com/watch?v=vwVpfQiNx9Q,MORANGO DO AMOR MAIS BARATO VS MAIS CARO!!!,https://www.youtube.com/watch?v=zR5sjb4MISg,O ÚLTIMO A PARAR DE COMER COMIDA COLORIDA 2025!!!,https://www.youtube.com/watch?v=iKv73xk4Yko
726,Doc Tops,Entertainment,Ecuador,2014.0,Dec,29.0,UCAolsolgHiURrQBuZ4qe0lg,2373098953,15900000,False,431,Top 10 Videos ESCALOFRIANTES De Fantasmas: ¡TÍO NOOOO!,https://www.youtube.com/watch?v=ONThTN2-F4Q,Top 10 Videos De FANTASMAS Que Te PERSEGUIRÁN En Tus Sueños,https://www.youtube.com/watch?v=UAeAp_zLT3Q,Top 10 Videos De FANTASMAS: ¡Para Que LLORES!,https://www.youtube.com/watch?v=3RtHNkY50KA,Top 10 Videos De FANTASMAS Que Están LOCOS!,https://www.youtube.com/watch?v=HX0SOfWuJ74,Top 10 Videos ATERRADORES De FANTASMAS O_o,https://www.youtube.com/watch?v=V08soJzlaVg
727,Auron,People & Blogs,Spain,2013.0,Dec,12.0,UCFR2oaNj02WnXkOgLH0iqOA,4492562607,15600000,False,1302,SEGUIMOS CON EL MIMIC,https://www.youtube.com/watch?v=m1AMkDvjxhs,VALORANT pero SORPRENDENTEMENTE somos BUENÍSIMOS,https://www.youtube.com/watch?v=RsqhfANMmh0,SECRET OF THE MIMIC #1,https://www.youtube.com/watch?v=uzcdAEZNGxY,"SONRIE, HAN VUELTO LAS CARRERITAS",https://www.youtube.com/watch?v=LaYWGP8muVM,el juego de dejar pasar abuelas para acabar con ellas,https://www.youtube.com/watch?v=mnc1XfuAMVM
728,Jesser,Gaming,United States,2012.0,Jul,9.0,UCQIUhhcmXsu6cN6n3y9-Pww,8228005303,32300000,False,1516,Nike x LEGO Basketball Race #TeamNike #LEGOPartner #ad,https://www.youtube.com/watch?v=MX6bbf1L7Ao,Recreating Impossible Shots ft Dwyane Wade,https://www.youtube.com/watch?v=NebUKYgogjI,DESTROYING Unbreakable Items!,https://www.youtube.com/watch?v=IGEP0Gi2dZc,#sponsored Wondering what's trending in sports? Just ask @Google.,https://www.youtube.com/watch?v=-HLIC5lRe0E,$1 Nerf Blaster Vs $1000 Nerf Blaster,https://www.youtube.com/watch?v=oP_htF0aH_4
730,PrestonPlayz,Gaming,United States,2012.0,Jul,4.0,UCJZam2u1G0syq3kyqrCXrNw,7537355181,16900000,False,1146,"Minecraft, But Crafts Are Random…",https://www.youtube.com/watch?v=KVNfYikQu48,I Cheated with OP BOSSES in Roulette Mob Battle!,https://www.youtube.com/watch?v=SJUOE8oaNZM,World's *MOST* Viewed Minecraft Shorts! (VIRAL CLIPS),https://www.youtube.com/watch?v=I9Tz_xvT6lA,I Found Villager City In Minecraft,https://www.youtube.com/watch?v=1jPu35SzBTQ,I Found the BLOOP In Minecraft…,https://www.youtube.com/watch?v=kcMzT1A34g4
731,Martin Garrix,Music,United States,2011.0,Jan,15.0,UC5H_KXkPbEsGs0tFt8R35mA,6956241642,15100000,False,469,"with you, I felt something real 🦋❤️",https://www.youtube.com/watch?v=BIV6F84xKBk,someone find me this guy.. front row tomorrowland weekend 2!!! IOH IS ALIVE ❤️❤️❤️,https://www.youtube.com/watch?v=4YPAnuXjD6U,Sleepless Nights coming to you very soooon.. ❤️❤️,https://www.youtube.com/watch?v=QEW7HGrL5OA,@11Rodrygo  🇧🇷🇧🇷❤️❤️ Vai Brazil!!!!,https://www.youtube.com/watch?v=yM-KJR5kK0o,sunday was MAGICAL ​⁠@tomorrowland ❤️❤️🦋🦋 full set is out now!!,https://www.youtube.com/watch?v=GxhROWzwoOs
732,O Reino Infantil,Music,Brazil,2014.0,Aug,19.0,UCooY3HgjOMWoDpIHMDM4ghQ,11430239558,16300000,False,1499,MIX HeyKids | Música Infantil | O Reino Infantil,https://www.youtube.com/watch?v=qdEhM0PNr7Q,Balões Gato | Lea e Pop Português | Música Infantil | O Reino Infantil,https://www.youtube.com/watch?v=QtB08K-qPL0,Adivinha qual é a cabeça certa #short #cançoesdozoo,https://www.youtube.com/watch?v=9fjQpqusjhk,Eu Sou Uma Xícara ☕ Bichikids em Português 🐞 MIX 🌈 PARA CRIANÇAS,https://www.youtube.com/watch?v=0EvDBFHGx-w,As Rodas do Carro 🚗 A Fazenda Do Zenon🧑🏼‍🌾Música Infantil | O Reino Infantil,https://www.youtube.com/watch?v=CLjyA8AlOOM
733,Fifth Harmony,Music,United States,2013.0,Feb,21.0,UCMtpmPs9end-dTNwVq16g4Q,8747156455,14800000,False,67,Fifth Harmony - Don't Say You Love Me,https://www.youtube.com/watch?v=ju_inUnrLc4,Fifth Harmony - Happy Valentine's Day!,https://www.youtube.com/watch?v=OE6AKcn5BHw,Fifth Harmony - Behind The Scenes: Thanksgiving,https://www.youtube.com/watch?v=CdvUdvkYJME,Fifth Harmony - Behind the Scenes of Down ft. Gucci Mane,https://www.youtube.com/watch?v=XKFuQ6nRNnY,Fifth Harmony - Deliver,https://www.youtube.com/watch?v=VCVjbrt30tY
734,Mis Pastelitos,Howto & Style,Mexico,2014.0,Jun,24.0,UCkjjH0hsvaeRIuwGlM9oSvg,4579833730,17900000,False,807,Mi hija y esposo EMBARAZADOS por 24 horas🤰,https://www.youtube.com/watch?v=rQepOLFqgow,Esto le regalaron a LIONEL en su BABY SHOWER👶🏻,https://www.youtube.com/watch?v=Xi9LSnm7XJw,PASTEL PARA MI BABY SHOWER🤰,https://www.youtube.com/watch?v=Ra0Lu2-b580,Pastel de mi BABY SHOWER🍼con abeja MÁGICA voladora  🐝,https://www.youtube.com/watch?v=9jVoyYfdUsQ,FRESAS DUBAI BARATAS🍓,https://www.youtube.com/watch?v=WmSKicqPeVU
735,Noman Official,Comedy,India,2019.0,Oct,28.0,UCSEBclzqEZHSB635LBYAskA,130366,1820,False,99,PVC Conduit And Casing Capping Fittings #shorts,https://www.youtube.com/watch?v=NeArpmgUOaY,Complete List of Electrical PVC Pipes and Conduit Fittings | Full Guide for Electricians,https://www.youtube.com/watch?v=vw5lzP2hEG0,Basic Electrical Tools | Electrician Tools Name & Uses | Hand Tools With Image,https://www.youtube.com/watch?v=OYQB_xn_c2Y,Power Distribution Wiring System || Single Phase & Three Phase Explained,https://www.youtube.com/watch?v=1PpCuhs5GS0,Basic Electrical Wiring Tools #ElctricalToolsreview,https://www.youtube.com/watch?v=Isa4CfWNg40
736,LEGENDA FUNK,Music,Brazil,,,,UCgO5cJ4sL1um054gGYusjiA,2419714953,14500000,False,6264,DG - CARTIER,https://www.youtube.com/watch?v=VXesDYNnhh0,MALIK -  Chumbo Grosso,https://www.youtube.com/watch?v=GMcK8hebwsA,"DODIDA,  LUUKY, E MC RODRIGO DO CN -  MELHOR SÓ   (DJ GH E DJ HYAGO)",https://www.youtube.com/watch?v=8gJ4ZBSrBeA,Mãe solteira,https://www.youtube.com/watch?v=Xkvi-x2OQu8,"Mc Davi, JSkine e Mc G15 Dg e Batidão Stronda - Mãe Solteira",https://www.youtube.com/watch?v=0u9QYEDDw4s
737,Like Nastya Stories,Entertainment,United States,2019.0,Sep,9.0,UCcqANnGO-HUapcmL2zyEI0g,7638461049,15500000,False,694,नस्त्या के साथ सीखें और खेलें – बच्चों के लिए मजेदार शैक्षिक कहानियाँ,https://www.youtube.com/watch?v=doz_picQtCs,नस्त्या और डैड की बच्चों के लिए हेल्दी खाने की चुनौती - वीडियो संग्रह,https://www.youtube.com/watch?v=8wbZim3upNs,नस्त्या और पापा पुलिस चेज़ की कहानी में जासूस होने का नाटक करते हैं - वीडियो संग्रह,https://www.youtube.com/watch?v=CItMve4VvM0,नस्त्या और दोस्तों के साथ विशाल कैंडीलैंड गेम बोर्ड चैलेंज,https://www.youtube.com/watch?v=NLQfIrILHhg,नस्त्या और उसके दोस्तों ने टीवी से भागे हुए कीड़ों को पकड़ा,https://www.youtube.com/watch?v=sGdhvCYRSMY
738,les boys tv2,Entertainment,United States,2017.0,Feb,7.0,UCnmKuk82nkanBmZ1_FQ7H9w,1852982,5890,False,7,Tiktok les boys tv2,https://www.youtube.com/watch?v=fH3W3OA5JPo,Tiktok les boys tv2,https://www.youtube.com/watch?v=xbKWrFxo0iQ,Tiktok les boys tv2,https://www.youtube.com/watch?v=tmV03PKL_Gw,Tiktok les boys tv2,https://www.youtube.com/watch?v=EAxSHzk-4cA,Tiktok les boys tv2,https://www.youtube.com/watch?v=_mdxUNi_yF8
739,Lotus Music,,India,2021.0,Jun,1.0,UC-hVOGj2apTeEvc49CrjQlg,283784429,1210000,False,568,Crown Chakra Healing Frequency Meditation & Sleep Music,https://www.youtube.com/watch?v=Ynn8UynnRV0,Spiritual Regeneration 111Hz + 444Hz + 888Hz Healing Frequency Music | Manifestation Awakening Sleep,https://www.youtube.com/watch?v=Mox1F-tZLhI,Third Eye Chakra Healing Frequency Meditation & Sleep Music,https://www.youtube.com/watch?v=Oa5B8CadSHM,432Hz Deepest Healing Frequency Music [NO PIANO] | Emotional & Mental Recovery | Relief & Deep Sleep,https://www.youtube.com/watch?v=4tMUTrzoN8M,Throat Chakra Healing Frequency Meditation & Sleep Music,https://www.youtube.com/watch?v=lxKDqdOvMWA
741,Reaction Time,Entertainment,United States,2015.0,Apr,25.0,UChM5Ff2yVeIZ16EWiB081cg,4537040329,14600000,False,1755,Most Cursed Ads In 2025,https://www.youtube.com/watch?v=fJyWsVmJ7D0,Most Disturbing Ads In Different Countries,https://www.youtube.com/watch?v=SD7CPEqRYPI,Can You Guess The Gen-Alpha Slang?,https://www.youtube.com/watch?v=MNQYAiKLbhQ,World’s Most Hated People In 2025,https://www.youtube.com/watch?v=E2NsznN7ylg,Do You Prefer Hard Or Soft?,https://www.youtube.com/watch?v=hd2Hzz8WcJg
742,BBC News,News & Politics,United Kingdom,2006.0,Apr,8.0,UC16niRr50-MSBwiO3YDb3RA,6293784374,18500000,False,26385,The wildfire has burned an area larger than Paris #Wildfire #France #BBCNews,https://www.youtube.com/watch?v=CgiVlQOrr20,Donald Trump hits India with extra 25% tariff for buying Russian oil | BBC News,https://www.youtube.com/watch?v=mgezWEiXo3Q,Bill and Hillary Clinton subpoenaed to testify in Jeffrey Epstein hearing | BBC News,https://www.youtube.com/watch?v=N_fDQv0vzpo,Will Chris Hemsworth return for Thor 5? #Avengers #MCU #BBCNews,https://www.youtube.com/watch?v=YNGk5mem-Bk,Vladimir Putin meets Trump's US envoy Steve Witkoff at Kremlin | BBC News,https://www.youtube.com/watch?v=lRZyJBbmdJ4
743,Eli Kids - Cartoons & Songs,,United States,2018.0,Jan,16.0,UCVi_GtP-1stDmhPuWCCQ5KA,8237940624,19600000,False,1137,New Baby +More | Sibling Love Song | Eli Kids Nursery Rhymes Compilations,https://www.youtube.com/watch?v=qqmMBB6PZiQ,Diaper Change Song | Eli Kids Songs & Nursery Rhymes,https://www.youtube.com/watch?v=K74Z1_S05Hs,MEGA Pillow Fort +More | Eli Kids Nursery Rhymes Compilations,https://www.youtube.com/watch?v=2G-NnEw5DfQ,Doll House With MEGA Pool & Slides | Eli Kids Songs & Nursery Rhymes,https://www.youtube.com/watch?v=4iSNeSjm2To,🔴 Family Love Songs [Live] Educational Nursery Rhymes | Eli Kids,https://www.youtube.com/watch?v=DpN0RcU9d_k
745,Aadishakti Films,Music,India,2016.0,Oct,28.0,UC1Ekm042kfOFJyKaTIYOVIA,7845147506,17900000,False,6983,Suni na😍🔥😜🔥😍….,https://www.youtube.com/watch?v=7GH6bwhG4eg,सरिया करियाई के लाई 🥰🥰🥰,https://www.youtube.com/watch?v=jsonkgk4IrE,कलकतवा के लईकी😜🔥😍….,https://www.youtube.com/watch?v=UEIYTHpL0dI,❤️ कमर धके ❤️,https://www.youtube.com/watch?v=q6yVb-X-NeU,सरिया करियाई के लाई 🥰🥰🥰,https://www.youtube.com/watch?v=NuGckuZ6OFA
746,Telemundo,Entertainment,United States,2007.0,Jan,3.0,UCajrNVKvG2xVlVcSr3GcsDA,10023460655,16400000,False,21420,"'Retro' Caso Cerrado: ¡Si no es mío, no es de nadie! | Telemundo",https://www.youtube.com/watch?v=zYPbgQPm6j8,Episodio 13: Demasiado corazón | Top Chef VIP 4 | Telemundo,https://www.youtube.com/watch?v=ebrqlh2vb88,Me Robaste el Corazón | Capítulo 100: La chispa que faltaba | Telemundo,https://www.youtube.com/watch?v=tEeht1XzzNo,Bahar: Esencia de Mujer | Capítulo 16: Encuentro peligroso | Telemundo,https://www.youtube.com/watch?v=pTwkWq34v_M,Velvet El Nuevo Imperio | Capítulo 55: El último adiós | Telemundo,https://www.youtube.com/watch?v=FxIu1SdmDCI
747,GMM25Thailand,Entertainment,Thailand,2011.0,Jun,8.0,UCTP5z0kFg6-nPcZ79gTC67Q,9584196676,16000000,False,93255,รับไม่ได้! สามีแอบเล่นชู้ | #Shorts CLIP #พรหมไม่ได้ลิขิต | GMM25,https://www.youtube.com/watch?v=-oy5yZUcu1I,พรหมไม่ได้ลิขิต | Ep.10 (FULL EP) | 6 ส.ค. 68 | GMM25,https://www.youtube.com/watch?v=gYLNyysltnY,จีบสาวเเบบสายเปย์ หลอกมาดูเรือนหอ | Highlight Ep.10 #พรหมไม่ได้ลิขิต | 6 ส.ค. 68 | GMM25,https://www.youtube.com/watch?v=sUjx21saIa4,รับไม่ได้! สามีแอบเล่นชู้ | Highlight Ep.10 #พรหมไม่ได้ลิขิต | 6 ส.ค. 68 | GMM25,https://www.youtube.com/watch?v=tg95nEud780,พูดเป็นเล่น! ขอสาวแต่งงาน | Highlight Ep.10 #พรหมไม่ได้ลิขิต | 6 ส.ค. 68 | GMM25,https://www.youtube.com/watch?v=aPIFvxfm5_I
748,TV9 Bharatvarsh,People & Blogs,India,2018.0,Nov,19.0,UCOutOIcn_oho8pyVN3Ng-Pg,18332466542,25100000,False,513307,India's Response to US Tariffs: अमेरिकी टैरिफ पर भारत का करारा जवाब LIVE-TV9 | PM Modi | America,https://www.youtube.com/watch?v=M8Xz7hi0YVM,Donald Trump's Announcement on Tariff: भारत के खिलाफ ट्रंप का टैरिफ पर बहुत बड़ा ऐलान!-TV9 | India,https://www.youtube.com/watch?v=uWbhkoqKdss,Russia Ukraine War Live: पुतिन को धमकाने की गलती ट्रंप को बहुत महंगी पड़ी !-TV9| Putin |Zelenskyy,https://www.youtube.com/watch?v=OmQ31USceGw,"Donald Trump's Announcement on Tariff:ट्रंप ने भारत को दिया धोखा, 50% टैरिफ लगाया-TV9 |#trumptariffs",https://www.youtube.com/watch?v=n_RQZUt3Sjw,Israel Iran War Live: ईरान पर हमला शुरू! अमेरिका की सऊदी के साथ बैठक- TV9 I Khamenei I Trump I UAE,https://www.youtube.com/watch?v=5f9TNAt1boc
749,Maroon5VEVO,Music,United States,2009.0,May,12.0,UCN1hnUccO4FD5WfM7ithXaw,22450158228,14200000,False,146,Maroon 5 - Sunday Morning (Live from the Today Show),https://www.youtube.com/watch?v=e2OZhqRjroc,Maroon 5 - This Love (Live from the Today Show),https://www.youtube.com/watch?v=KciOfOpFwOI,Maroon 5 - California (Live from the Today Show),https://www.youtube.com/watch?v=5ddS2okZSGc,Maroon 5 - All Night (Live from the Today Show),https://www.youtube.com/watch?v=1efjKlwzFjE,Maroon 5 - “All Night” Official Music Video,https://www.youtube.com/watch?v=2HCThr-qbPw
750,Saad Lamjarred | ï¿½ï¿½ï¿½ï¿½ï¿½ï¿,Music,Morocco,2012.0,Dec,22.0,UC9hJ5XcjHXYjwDOqrlQUuow,5023434473,15600000,False,189,Saad Lamjarred - Riskin | 2025 |  سعد لمجرد - ريسكينا,https://www.youtube.com/watch?v=a7Vgun2HJso,Saad Lamjarred - Alama Yabdou | 2025 |  سعد لمجرد - على مايبدو,https://www.youtube.com/watch?v=-bT8MfCbZVo,✨ #saadlamjarred   #homadol #trending #saadlamjarred1 #love_my_fans_forever #playdmf,https://www.youtube.com/watch?v=qIriqjlIQio,✨ #saadlamjarred   #homadol #trending #saadlamjarred1 #love_my_fans_forever #playdmf,https://www.youtube.com/watch?v=9le4iRlfYzQ,✨ #saadlamjarred   #homadol #trending #saadlamjarred1 #love_my_fans_forever #playdmf,https://www.youtube.com/watch?v=uDal4nFeNGE
751,Hear This Music,Music,,2016.0,Feb,13.0,UCz2SUbUr2k0T3nEmutgsPjg,10569145917,15100000,False,49,#razones @AnuelAA,https://www.youtube.com/watch?v=NRSxNrLpkG8,#PartyAmanecio,https://www.youtube.com/watch?v=mwH56iIhhLo,"Party Amanecio - Ryan Castro, Bad Gyal, De la Ghetto ft Maldy, Dj Luian, Mambo Kingz (Video Oficial)",https://www.youtube.com/watch?v=WUmVqO5GM2g,#RAZONES,https://www.youtube.com/watch?v=KKOjVB6kgXg,@yandel rompio en #NoPuedoControlarme,https://www.youtube.com/watch?v=AhpFOi0RTLw
752,Lilly Singh,Comedy,Canada,2010.0,Oct,29.0,UCfm4y4rHF5HGrSr-qbvOwOg,3562876007,14200000,False,1241,Explaining My New Tattoos & European Adventures (AUGUST VLOG),https://www.youtube.com/watch?v=mRXmTyQpJ8k,I Can't Believe I Own A Basketball Team,https://www.youtube.com/watch?v=woM14Anbbbk,How I Flex Internationally💰,https://www.youtube.com/watch?v=rYIT2h4WPws,Trinetra Opens Up About Her Parents’ Love and Support,https://www.youtube.com/watch?v=VSQDovAvT5U,A Daddy Who Knows Your Love Language,https://www.youtube.com/watch?v=AiS0wcHpM58
755,Drawblogs,Entertainment,Peru,2014.0,May,20.0,UCkuPobJMx7DPUdwlVo1TFfA,1636755953,14200000,False,439,20 Secretos al Fin Revelados de 99 Noches en el Bosque de Roblox,https://www.youtube.com/watch?v=GA53mKAA8x4,La Aterradora HISTORIA REAL DETRÁS de 99 NOCHES EN EL BOSQUE de ROBLOX,https://www.youtube.com/watch?v=TX7LGbMy25U,Datos curiosos que te van a volar la cabeza 💥🧠 #curiosidades #datoscuriosos #sabiasque,https://www.youtube.com/watch?v=i-6ReywAMdE,Curiosidades que No Sabías 🤔🌎 #curiosidades #datoscuriosos #sabiasque,https://www.youtube.com/watch?v=xb2ln4iofuE,Cosas que No Sabías 🤔🌎 #curiosidades #datoscuriosos #sabiasque,https://www.youtube.com/watch?v=SRiij4pNQnE
756,NOBRU,Gaming,,2006.0,Feb,3.0,UCsejOZZcdx5p738KS0yjMWg,367706810,2860000,False,280,8 SOLTEIROS DESCOBREM SEUS CRUSHES,https://www.youtube.com/watch?v=UNH5aMgXoXU,GNOMO ESCOLHE 10 MULHERES DE ACADEMIA!,https://www.youtube.com/watch?v=UMwo8ISeICY,ESTOURE O BALÃO OU ENCONTRE O SEU AMOR 💜 EP.14,https://www.youtube.com/watch?v=dNRhbP7RG1A,PEGO OU PASSO?! 💜 EP.7,https://www.youtube.com/watch?v=6nfwLgQ2a7w,20 MULHERES vs 2 HOMENS: ZAGO e YGOR BUENO,https://www.youtube.com/watch?v=BT9eYO2yFO4
758,Cyprien,Comedy,France,2007.0,Feb,25.0,UCyWqModMQlbIo8274Wh_ZsQ,3284624105,14500000,False,285,Je lance un foodtruck,https://www.youtube.com/watch?v=C4bg1GlKoCs,Il manque quel meme ?,https://www.youtube.com/watch?v=Fjveumpo7cY,J’essaie de créer une trend 🤦‍♂️,https://www.youtube.com/watch?v=clwNMB5xPFY,Tuto : comment créer une manif ✊,https://www.youtube.com/watch?v=iAu2jEbVrwA,Qui veut mes burgers ?,https://www.youtube.com/watch?v=kko-34AV4W0
759,Rclbeauty101,Comedy,United States,2010.0,Dec,14.0,UCB0d0JLn1WcGYcwwZ87d2LA,3912368697,14200000,False,453,No more shrimp pregnancies 🙅‍♀️,https://www.youtube.com/watch?v=7JLC_hocMp8,This was for the video for my new song souvenirs,https://www.youtube.com/watch?v=8Zjtlvfc5lE,Watch me break my ankle I guess,https://www.youtube.com/watch?v=_ZO386T_DOo,It breaks my heart,https://www.youtube.com/watch?v=w6U5gWc0gZo,hot tub endeavors,https://www.youtube.com/watch?v=lYCiizdxWb4
760,Coke Studio,Music,United States,2008.0,Jun,4.0,UC-SA_gnvNnQh2W9gCeF6V7Q,576641799,754000,False,484,BINI x Orchestra of the Filipino Youth - OXYGEN (Official Music Video),https://www.youtube.com/watch?v=58KcYLwT-gU,BINI - Blooming,https://www.youtube.com/watch?v=tzpT5x_VJ-U,Kyle Echarri x Illest Morena – Believe,https://www.youtube.com/watch?v=WA3cxWyKtVQ,Kyle Echarri x Illest Morena - Believe,https://www.youtube.com/watch?v=uU7vTbG1bMA,#CokeStudioBINI,https://www.youtube.com/watch?v=yfK7Cvymaow
761,Indore Physical Academy,People & Blogs,India,2014.0,Apr,19.0,UC196qeFpI8slOwK8ZWjKndw,5198335752,16800000,False,3191,Solid Body #army #viral #shorts #shortvideos,https://www.youtube.com/watch?v=rJ6w1fvvVqY,आख़िर आज सिगरेट वाला चोर मिल गया | Viral video ज़रूर देखे!,https://www.youtube.com/watch?v=CKVgdyvsimw,लड़की रात को 11 बजे 😡 वीडियो कॉलिंग करते हुए पकड़ा गई! ये Viral Video ज़रूर देखियेगा!,https://www.youtube.com/watch?v=rXNFCzilcnA,Solid Body #sorts #solid #body,https://www.youtube.com/watch?v=8ocTQ9Snn30,मस्ती वाला वीडियो #army #army #viral,https://www.youtube.com/watch?v=lwjf0v5iKWs
762,Rosanna Pansino,Howto & Style,United States,2010.0,Apr,8.0,UCjwmbv6NE4mOh8Z8VhPUx1Q,4989273000,14700000,False,1778,I Recreated EVERY Dessert From Minecraft In Real Life - NERDY NUMMIES,https://www.youtube.com/watch?v=U3b4nRml-ms,Most INSANELY SOUR Viral Gushers 😵 #shorts #sour #food #reaction,https://www.youtube.com/watch?v=D8ZldT5xFKc,MOST EXPENSIVE Popcorn in the WORLD 💰 #billionaires #popcorn #shorts #gold #food #luxury,https://www.youtube.com/watch?v=w7d_pIFCYkU,Trying 4D GUMMY Candy 🍑🍓 #candy #shorts #youtubeshorts #reaction #food,https://www.youtube.com/watch?v=xCDKkrfPJTA,Trying SILKY GEM CRYSTAL CANDY 💎🍬 #shorts #crystal #candy #trending #viral #food #youtubeshorts,https://www.youtube.com/watch?v=ivMSStotg1Q
763,Harry Styles,People & Blogs,United States,,,,UCZFWPqqPkFlNwIxcpsLOwew,7375721666,15000000,False,17,"Love On Tour, Forever",https://www.youtube.com/watch?v=1go53lCwNxQ,Harry Styles - Daylight (Official Video),https://www.youtube.com/watch?v=-UJCMfuFtSQ,Harry Styles - Satellite (Live from One Night Only in New York),https://www.youtube.com/watch?v=WQrh16Q3FUM,Harry Styles - Lights Up (Official Audio),https://www.youtube.com/watch?v=c9ZnV3Mtw2w,Satellite. Out Now.,https://www.youtube.com/watch?v=ySnX0LevdT4
764,Vlad and Niki PRT,,United States,2018.0,Nov,3.0,UCiuZ9qRr3mrykNmWcAPmJ0w,8667883785,18800000,False,785,Crianças aprendem a cozinhar massa,https://www.youtube.com/watch?v=FyzNvax7cmw,Desafio do Gelado e Melancia para crianças,https://www.youtube.com/watch?v=Opysdg3aBx8,História infantil sobre vírus,https://www.youtube.com/watch?v=8GsF2evh3do,Histórias de Chris e Esqueceram-se de Mim para crianças,https://www.youtube.com/watch?v=Pq6C9a9KA7s,Crianças transformam-se em super-heróis com brinquedos insufláveis,https://www.youtube.com/watch?v=AStsSN9xsTI
765,RS 1313 SHORTS,Entertainment,India,2020.0,Oct,24.0,UCPQtgEj6Z0xve62aeSgo5qA,11160679654,17300000,False,7877,Swimming Pool Se Shuru - Mall - Gurudwara Sahib | RS 1313 VLOGS | Ramneek Singh 1313,https://www.youtube.com/watch?v=CoGbjmtr0S8,Paisa Lene Ki Ninja Technique | RS 1313 SHORTS | Ramneek Singh 1313,https://www.youtube.com/watch?v=dkX9r2P57l4,How Is Our Vibe ? | RS 1313 SHORTS | Ramneek Singh 1313,https://www.youtube.com/watch?v=Ohxx8edacnM,Paapi Gudia - Season 3 | Part -1 | A Horror Story | Ramneek Singh 1313 | RS 1313 VLOGS,https://www.youtube.com/watch?v=qeMqIGl86dU,Meri Pyaari Maa  | RS 1313 SHORTS | Ramneek Singh 1313,https://www.youtube.com/watch?v=yg8_OP8z9MA
766,Zig & Sharko,Film & Animation,,2015.0,May,6.0,UCcKJJuOe2tOqgrKw0Gks-sw,10486753689,16300000,False,1517,Zig & Sharko | Mission: Sharko (Compilation) BEST CARTOON COLLECTION | New Episodes in HD,https://www.youtube.com/watch?v=SPdT92f6HAE,Zig & Sharko | Sharko the Show-Off (Compilation) BEST CARTOON COLLECTION | New Episodes in HD,https://www.youtube.com/watch?v=r1S5EXnYNLE,It's theft #Shorts #Zigandsharko Zig & Sharko | Cartoon for kids,https://www.youtube.com/watch?v=i2utzmiWbVA,Zig & Sharko | Zig Mega Armor (Season 3) BEST CARTOON COLLECTION | New Episodes in HD,https://www.youtube.com/watch?v=tspnFT-B19U,Not the person you want #Shorts #Zigandsharko Zig & Sharko | Cartoon for kids,https://www.youtube.com/watch?v=L-E9pu1geog
767,SelenaGomezVEVO,Music,United States,2009.0,Nov,24.0,UCjK8ORC71kwyj1DWFwril_A,13131371821,14200000,False,221,"Selena Gomez, benny blanco - I Said I Love You First... (Short Film) | Vevo Extended Play",https://www.youtube.com/watch?v=kec0qGzDtfs,"Selena Gomez, benny blanco - How Does It Feel To Be Forgotten | Vevo Extended Play",https://www.youtube.com/watch?v=Yjl3njtAnVQ,"Selena Gomez, benny blanco - Scared of Loving You | Vevo Extended Play",https://www.youtube.com/watch?v=SuaCvo3X5pQ,"Selena Gomez, benny blanco - Sunset Blvd | Vevo Extended Play",https://www.youtube.com/watch?v=s1SoluK0Imk,"Selena Gomez, benny blanco, GloRilla - Cowboy (GloRilla Remix/Lyric Video)",https://www.youtube.com/watch?v=z5eUREwh89Q
768,ZEE5,Entertainment,India,2018.0,Feb,13.0,UCXOgAl4w-FQero1ERbGHpXQ,23251897563,18600000,False,193971,Tamizha Tamizha S3 | Ep - 109 | Best Scene | Aug 03 2025 | Zee Tamil,https://www.youtube.com/watch?v=4oixEUTE5MU,Phulki | Ep - 779 | Preview | Aug 06 2025 | Zee Bangla,https://www.youtube.com/watch?v=S0KCM4goyF0,Jagriti | Ep - 324 | Best Scene | Aug 03 2025 | Zee TV,https://www.youtube.com/watch?v=7w_SZ8DhHW4,Akale | Ep - 240 | Webisode | Jul 30 2025 | Zee Keralam,https://www.youtube.com/watch?v=hrHPSWfsu74,Kon Gopone Mon Bheseche | Ep - 509 | Preview | Aug 06 2025 | Zee Bangla,https://www.youtube.com/watch?v=CI6pc-Isw3E
769,Super Polina,People & Blogs,United States,2014.0,Jul,8.0,UCGXUFnA7-MzlMwJjl0r2qyA,2109201149,9290000,False,527,Colors song with colored faces,https://www.youtube.com/watch?v=frZbFbPuSWs,Head of dough,https://www.youtube.com/watch?v=pFgJLm_3W5w,Baby doll Luvabella and Ice Cream for kids,https://www.youtube.com/watch?v=cDUgWCHFuKU,Labubu and ice cream,https://www.youtube.com/watch?v=CHzYvmv2hCw,Labubu ice cream,https://www.youtube.com/watch?v=URx6O6XKFnc
770,Rebecca Zamolo,Comedy,United States,2011.0,Aug,4.0,UCfw8x3VR-ElcaWW2Tg_jgSA,9066559383,19500000,False,1102,Gymnasts Survive Squid Game Season 3,https://www.youtube.com/watch?v=L9DIZliWn9g,My Husband Is Missing and Baby is Coming!,https://www.youtube.com/watch?v=i6B1qmRgQQo,I Built a SECRET ROOM for our NEW BABY BOY,https://www.youtube.com/watch?v=l3E0lugezAw,Giant Game Of Clue at Masquerade Ball,https://www.youtube.com/watch?v=LOMv9746U3o,I Hid From the Most Evil Babysitter,https://www.youtube.com/watch?v=1eRRiVppGD8
771,Wish 107.5,Music,Philippines,2014.0,Jul,13.0,UCdfq8-581QVUtVsa8ChVnDQ,7448146134,15500000,False,2445,"Tilly Birds perform ""Never A Waste of Time"" LIVE on Wish 107.5 Bus",https://www.youtube.com/watch?v=6NaxsokTtno,"Janine Berdin, Illest Morena, and Fana perform ""tayo lang (may alam)"" LIVE on Wish 107.5 Bus",https://www.youtube.com/watch?v=MX7HNm8jgpo,"Repablikan Syndicate performs ""Isa Lang Ang Ating Bayan"" LIVE on Wish 107.5 Bus",https://www.youtube.com/watch?v=2MqA0qGTd5Q,"Sampung mga daliri, kamay mo'y nasa'n na? 😢",https://www.youtube.com/watch?v=o3qbPc_R1fg,"Banda Ni Kleggy performs ""Hindi Ako Iiyak"" LIVE on Wish 107.5 Bus",https://www.youtube.com/watch?v=7EfTBvmF95s
772,Invento na Hora,Film & Animation,Brazil,2014.0,Oct,18.0,UCR3vcUrhFUdzagng58ueI2w,4211057148,14200000,False,1404,ENTRAMOS EM UMA IGREJA TODA FEITA DE SAL A 200 METROS ABAIXO DO SOLO 😱,https://www.youtube.com/watch?v=RoyztUQk_q8,"PEGAMOS UM BUGGY E FIZEMOS A VOLTA COMPLETA NA ILHA 🏝️ DO NADA, COMEÇOU A CHOVER MUITO!",https://www.youtube.com/watch?v=NGW4P_gX1Uw,"ALUGAMOS UM BARCO, NADEI EM ALTO MAR E UM TUBARÃO APARECEU DO MEU LADO 🦈",https://www.youtube.com/watch?v=D96_tWuT8Mw,COMPREI O MELHOR PERFUME ÁRABE DA LOJA E FOI MUITO BARATO! 🤷‍♂️,https://www.youtube.com/watch?v=zcxJx64y630,CHEGAMOS NA ILHA QUE NÃO TEM REGRAS DE TRÂNSITO! NENHUM MOTOQUEIRO USA CAPACETE 😂,https://www.youtube.com/watch?v=2Rj2MYjl8cs
773,SIS vs BRO,Entertainment,Ukraine,2016.0,Aug,3.0,UChLN0bJgq6d15OK2HVB4YTg,7303693768,14600000,False,439,"Garden Views, Forgotten Pianos & Kids' Living Room  A Home Tour!",https://www.youtube.com/watch?v=lzWDr2BjaAA,Room Tour DRAMA! Is This The BEST Room EVER !,https://www.youtube.com/watch?v=GWr8eNbaGj4,House Tour,https://www.youtube.com/watch?v=B5pP8J9CLuw,Going on a GIRLS TRIP!,https://www.youtube.com/watch?v=kYiYjXBin9M,I traveled to Russia ALONE to meet my bf,https://www.youtube.com/watch?v=7MjEC8PCe4g
774,NikkieTutorials,Howto & Style,Netherlands,2008.0,Jun,23.0,UCzTKskwIc_-a0cGvCXA848Q,2193147036,14800000,False,919,trying WHITE color changing foundation.. 😟,https://www.youtube.com/watch?v=A--JNXU3CMg,a NIGHTMARE called Maybelline Dream Matte Mousse 😖,https://www.youtube.com/watch?v=YJ7R70-1uI8,trying a full HOLO face! 💿🤩✨,https://www.youtube.com/watch?v=PORMt8PxBMI,LABUBUS Pick My Makeup Look PART 2! 👹🌈✨,https://www.youtube.com/watch?v=N_DjNGj-sSM,BUBBLE Makeup?! 🫧😱,https://www.youtube.com/watch?v=DAlNRkOmkcQ
775,TommyInnit,Gaming,United Kingdom,2015.0,Dec,24.0,UC5p_l5ZeB_wGjO_yDXwiqvw,2588680185,15100000,False,519,the loneliest time of my life,https://www.youtube.com/watch?v=lQecCCf_JuM,Taking the Autism Test,https://www.youtube.com/watch?v=5jQBb1hGv5k,"1,095 Days Without Technoblade",https://www.youtube.com/watch?v=NQWIZ_Um6aE,Exploring tiktok was a mistake,https://www.youtube.com/watch?v=1gtCZUSD1_k,Tour 3,https://www.youtube.com/watch?v=rxEALsu0Wuo
776,E-MasterSensei,Gaming,Mexico,2016.0,Jan,13.0,UC3osN7-7XJq3NEoKZIUUx0w,5190174818,19000000,False,1525,CONVERTÍ la CASA de FRANKLIN en un ACUARIO en GTA 5! 🏡🦈 (Mods),https://www.youtube.com/watch?v=-zDhU7cFx3Q,Encontré la CASA de FRANKLIN de GTA 5 en la VIDA REAL! 🏡🏙️,https://www.youtube.com/watch?v=A8-gFqXW3lI,ABRIENDO 100 LUCKY BLOCKS SECRETOS! 🦈❔ (Steal a Brainrot),https://www.youtube.com/watch?v=saQroVetx5w,POLICÍAS vs VILLANOS de TERROR en GTA 5! 👮👻 (Mods),https://www.youtube.com/watch?v=wQ2ovoQ6rdE,CONSEGUÍ mi PRIMER BRAINROT SECRETO! 🦈💵 (Steal a Brainrot),https://www.youtube.com/watch?v=1gK3UIv6gqQ
777,infobells - Kannada,Education,India,2014.0,Mar,13.0,UCzKWILdrVl8ZEcDzaH4kl_A,8662087804,17300000,False,658,ಸಹೋದರ ಸಹೋದರಿ ಹಾಡು - Rakhi Special | Kannada Rhymes & Cartoons | Infobells #kannadarhymes #rakhi,https://www.youtube.com/watch?v=tB4hkN7JC70,"Putta Papa Salege Hogona - Amma, nanage fever ide | Kannada Rhymes | Infobells #kannadarhymes",https://www.youtube.com/watch?v=TtEnO7LcB4I,ಐದು ದೊಡ್ಡ ಆನೆಗಳು - Five Big Elephants | Kannada Rhymes & Cartoons | Infobells #kannadarhymes,https://www.youtube.com/watch?v=PMTtpuPHxRQ,"ಟ್ರಿಂಗ್ ಟ್ರಿಂಗ್ ಟ್ರಿಂಗ್, ಚಿಟ್ಟಿಯ ಸೈಕಲ್ ಬರುತ್ತಿದೆ- Kids Cycle | Kannada Rhymes & Cartoons | Infobells",https://www.youtube.com/watch?v=H1QKDPglm4Q,Male Baruttide cham cham cham-Kids Rain Song | Children Kannada Rhymes | Infobells #kannadarhymes,https://www.youtube.com/watch?v=Shz6I1mo9B0
778,Crazy Frog,Music,,2005.0,Oct,2.0,UC4XR0EZ0oHwSV2XhhShzX5A,10777447655,17600000,False,59,Drop the beat #dj #remix #crazyfrog,https://www.youtube.com/watch?v=7o6JJF0pYEs,Do you know this dance ? #chicken #banana #crazyfrog,https://www.youtube.com/watch?v=WfRHQLxNwW4,Simply love it !  #barabadabastu #eurovision #crazyfrog,https://www.youtube.com/watch?v=MmTwm8gQPO4,Crazy Frog - Hands Up (Explode) (Director's Cut),https://www.youtube.com/watch?v=Jf3h-13VksU,Put your hands up #newvideo #handsup #explode #crazyfrog #dance,https://www.youtube.com/watch?v=HD5uEyGvR_0
779,The Dodo,Pets & Animals,,2006.0,Jun,14.0,UCINb0wqPz-A0dV9nARjJlOQ,14931729710,17400000,False,12089,Dog Accidentally Starts House Fire While Owners Aren't Home | The Dodo,https://www.youtube.com/watch?v=Dwn3TJlqKJ8,5-Ounce Puppy Grows Up Into A Gorgeous Pit Bull | The Dodo,https://www.youtube.com/watch?v=oGdR3hDV528,Cockatoo Runs To Dad When He Comes Home From Work Every Day | The Dodo,https://www.youtube.com/watch?v=qxdSaiNspiQ,Lamb Comes To Work With Mom And Headbutts Her Coworkers  | The Dodo,https://www.youtube.com/watch?v=PIPQ_AYDaus,So Many Ducks Move Into Woman's House And Take Over | The Dodo,https://www.youtube.com/watch?v=LVe1EDXUp8k
780,SEVENGERS,Comedy,India,2018.0,Jun,4.0,UCAgAsH5n26IHMDyzwhF3wIw,15266504632,17800000,False,1477,जानवरों Ke डॉक्टर😂 II #sevengers #shorts #trending,https://www.youtube.com/watch?v=qmj2O1XQRCs,20₹ का Ullu🦉😂 II #sevengers #shorts #trending,https://www.youtube.com/watch?v=X6zpPhcCRuw,Galti Ho Gayi पहलवान जी से😂 II #sevengers #shorts #trending,https://www.youtube.com/watch?v=2H_gQ_ZZ-tA,Apple की Ghadi⌚️😂 II #sevengers #shorts #trending,https://www.youtube.com/watch?v=VSGgyuuL0wY,Abdul पंचर Lagade😂 II #sevengers #shorts #trending,https://www.youtube.com/watch?v=UFighF20uC8
781,Zee Bangla,Entertainment,India,2008.0,Feb,26.0,UCeMsqI6jU9WE2ctsrbxbywQ,15755914851,19800000,False,183365,Ishq Subhan Allah - Full Ep - 73 - 0 - Zee Bangla,https://www.youtube.com/watch?v=6SRdfOoIdvY,Anondi | আদি-আনন্দীর বিয়ে নিয়ে আবারও খুশির আমেজ লাহিড়ী পরিবারে ?,https://www.youtube.com/watch?v=rpG9jsW_iFM,Kusum | দেবলীনার সব সত্যি কি আসবে ইন্দ্রাণীর সামনে ?,https://www.youtube.com/watch?v=MBwR98qEqpw,#Anondi #Shorts #Zee Bangla #Entertainment #Drama,https://www.youtube.com/watch?v=p2NmYSntJmE,Mithijhora - কার উপর অভিমানে বাড়ি ছাড়লো রাই ?,https://www.youtube.com/watch?v=pCQCKIacVC4
782,DangMattSmith,Entertainment,United States,2011.0,Aug,18.0,UCe56RtxwepRSyZ-b--SedOw,3566574199,15100000,False,2509,PARENTS Tell Their KIDS They're ADOPTED!,https://www.youtube.com/watch?v=pS3NGbMDaFE,I Shouldn't Have Tried This..,https://www.youtube.com/watch?v=gZoJRbyMybc,Dumbest People On The Internet,https://www.youtube.com/watch?v=yDxGeHrjF5E,30 Scary Videos That Defy All Reason,https://www.youtube.com/watch?v=kVgAGYshTVs,i bet $500 you will look away!,https://www.youtube.com/watch?v=rDjf9qoDSD4
783,Neha Kakkar,Music,India,2012.0,Oct,22.0,UCicMnWThgzNjUmqpd-nUTXQ,2429378029,14800000,False,179,Bada #Badmaash 🫢,https://www.youtube.com/watch?v=c-6rvP_qtxo,Bhai trying our Viral step! @TonyKakkar 😍,https://www.youtube.com/watch?v=Spt_OJlGiw4,Aag Laga Di?! 😉,https://www.youtube.com/watch?v=ThNIrUj2Wik,Aag Laga Di! ❤️‍🔥,https://www.youtube.com/watch?v=04rqOXgL7XM,"BADMAASH - Neha Kakkar, Tony Kakkar",https://www.youtube.com/watch?v=EzI7hYk-IzM
784,#Refugio Mental,Entertainment,,2013.0,Aug,10.0,UCgQRN9EO5ksPZjs7EasIftQ,3855014824,14100000,False,1173,Animales Se Reúnen con Sus Dueños Después de Años,https://www.youtube.com/watch?v=UYemaMCxyGw,Cuando los Animales Se Enfurecieron y Fueron Captados por las Cámaras,https://www.youtube.com/watch?v=RJt5yUMTYvE,Atrapados en el Colapso: Deslaves y Avalanchas en Acción,https://www.youtube.com/watch?v=z25acOxNSeI,45 Personas Heroicas que Salvaron la Vida de Animales,https://www.youtube.com/watch?v=cWPwR0zhBlI,Las Trampas de la Naturaleza que No Viste Venir,https://www.youtube.com/watch?v=AzdIbMP80KU
786,Trap City,Music,Australia,2015.0,Nov,4.0,UC65afEgL62PGFWXY7n6CUbA,5484432873,13900000,False,3286,San Holo - CLOSE YOUR EYES,https://www.youtube.com/watch?v=GrpmoTFkFnE,Gladez - Steady,https://www.youtube.com/watch?v=Zc8gJjXTo58,M.I.M.E & E.P.O - T$UNAMI ON MY B****,https://www.youtube.com/watch?v=i6ZYKCYeJ4w,MVSIEK x hystvme - Revenge [Wave],https://www.youtube.com/watch?v=dbQw410kBZo,SPORTMODE & Pao - Loud,https://www.youtube.com/watch?v=ojrRES8cvzI
787,Supercar Blondie,Autos & Vehicles,United Arab Emirates,2007.0,Sep,12.0,UCKSVUHI9rbbkXhvAXK-2uxA,11748180333,21800000,False,1858,Backyard Go-Karting! 🔥 #gokarting #garden #family,https://www.youtube.com/watch?v=dP8iZZBxFnk,Zombie Proof Apocalypse 6x6 Juggernaut! 😱 #zombies #cars #apocalypse,https://www.youtube.com/watch?v=cmXPrbeB5KE,Hand-Cranking A Plane! 💪 #plane #aircraft #airplane,https://www.youtube.com/watch?v=PqD852Jw8xk,Dry Icing Car! 🥶 #ice #dryicecleaning #cars,https://www.youtube.com/watch?v=brScVUka4O0,Dubai RC Cafe! 🕹️ #rc #cars #dubai,https://www.youtube.com/watch?v=OqiVxjwX0zo
788,Yudist Ardhana,Entertainment,Indonesia,2016.0,Jan,6.0,UCvc00uetYIML9D-7BBrEXLA,10615780880,24400000,False,5254,KITKAT TAPI MINUMAN??!!,https://www.youtube.com/watch?v=vW5jm9HUwxg,LARI 5KM BARENG PANDJI PRAGIWAKSONO DI BALI!!,https://www.youtube.com/watch?v=YHA4p5-UmC4,LARI 5KM BARENG PANDJI PRAGIWAKSONO DI BALI!!,https://www.youtube.com/watch?v=uDHdtjLnEgA,HARUS TETAP COOL DAN SIGMA!!,https://www.youtube.com/watch?v=7TDsRScJwrE,TANTANG WEDA LUCKY DUEL SEMUA GAME VR DISINI!!,https://www.youtube.com/watch?v=0rTtrTXku7I
789,Lana Del Rey,Music,United States,2011.0,May,5.0,UCqk3CdGN_j8IR9z4uBbVPSg,10101052291,17700000,False,46,Lana Del Rey - Bluebird (Audio),https://www.youtube.com/watch?v=SzXe0H0pr1s,"Lana Del Rey - Henry, come on (Audio)",https://www.youtube.com/watch?v=nDYY3nJ7a0s,"Quavo, Lana Del Rey - Tough (Visualizer)",https://www.youtube.com/watch?v=R2hgq8j6ETY,Lana Del Rey x Billie Eilish - Ocean Eyes/Video Games - Live at Coachella 2024,https://www.youtube.com/watch?v=_I0zYHil4D8,Lana Del Rey x Skims (BTS),https://www.youtube.com/watch?v=fCIzH76HggA
790,MalumaVEVO,Music,United States,2011.0,Jun,15.0,UCFkoPRmuxqr37jvGmmpzhzQ,22031503315,13900000,False,241,Maluma - BRONCEADOR (Official Video),https://www.youtube.com/watch?v=yH1fk7WLiMc,"Maluma, Wolfine - Bella (Remix - Medallo en el Mapa LIVE)",https://www.youtube.com/watch?v=uktoITUgD9Q,Maluma - Medallo en el Mapa Medley,https://www.youtube.com/watch?v=vMw_OvBcu8I,Maluma - Corazón (Medallo en el Mapa LIVE),https://www.youtube.com/watch?v=yz66Uc-JRDM,Maluma - Qué Chimba (Medallo en el Mapa LIVE),https://www.youtube.com/watch?v=sd_B2qrx104
791,F2Freestylers - Ultimate Soccer Skills Channel,Sports,United Kingdom,2011.0,Apr,9.0,UCKvn9VBLAiLiYL4FFJHri6g,3388593595,14000000,False,783,The Sound of Football. ⚽️🎼,https://www.youtube.com/watch?v=htby_yAH2Rs,I WENT TO ENGLAND VS SERBIA! VIP TICKETS TO JUDE BELLINGHAM MASTERCLASS 🤩🏴󠁧󠁢󠁥󠁮󠁧󠁿,https://www.youtube.com/watch?v=5G63SmyYciU,MAN CITY TRAVEL SECRETS REVEALED! 😳🛫 #etihad #mancity #football #shorts #travel #mcfc #soccer,https://www.youtube.com/watch?v=_BPShdJHx3Y,"I TRAINED WITH MANCHESTER CITY! Ft. Jack Grealish, Rico Lewis, Matheus Nunes 🤩",https://www.youtube.com/watch?v=QPcEiIfF_KU,JOSE MOURINHO RATES BEST SUNDAY LEAGUE GOALS 😱🤯,https://www.youtube.com/watch?v=-a_O_zR-xek
792,Bie The Ska,Entertainment,Thailand,2006.0,Oct,3.0,UCjVb9mJZTeuPLN4hOjmvQnw,5314571838,14900000,False,2078,ใช้ชีวิตอยู่บ้านคนเบลเยี่ยม 1 วัน | เที่ยวมั้ยครับ EP.61,https://www.youtube.com/watch?v=YGTt6qM9O7M,กาแฟโบราณหวานน้อยได้แล้วจ้าา 🧋😵 #ป้าปากแดง #กาแฟโบราณ #บี้เดอะสกา #bietheska,https://www.youtube.com/watch?v=zY3yt4nIKmk,ไฟไหม้ทั้งเวที! เหลือแต่ซาก (Tomorrowland 2025) | เที่ยวมั้ยครับ EP.62,https://www.youtube.com/watch?v=Zgyy8Pd484A,เยอรมันให้ขับเร็วเท่าไหร่ก็ได้จริงดิ!? (Autobahn) | เที่ยวมั้ยครับ EP.60,https://www.youtube.com/watch?v=YzP-vqaA5as,How many aura points do you give us? 💪😎💪 #aura #bietheska #บี้เดอะสกา,https://www.youtube.com/watch?v=ajYMeHaGjDk
793,AM3NlC,Gaming,Brazil,2012.0,Dec,15.0,UCrGnb5RdHA9M6WGmBGYo4ZQ,5190315968,14200000,False,6316,FAST FOOD DOS EUA TEM MAIS COISAS NOVAS!,https://www.youtube.com/watch?v=TqhWJhrI_qg,ESSA CASA CUSTA 3 MILHOES DE DOLARES!,https://www.youtube.com/watch?v=daksbph_XRc,MEU APARTAMENTO NOVO NO BRASIL,https://www.youtube.com/watch?v=z-SsgxpRyNc,BATERAM NO MEU CARRO DE NOVO!,https://www.youtube.com/watch?v=0Umg62BrAhQ,NOVIDADES NOS FAST FOOD DOS EUA,https://www.youtube.com/watch?v=qHSLAV5KrQU
794,Narins Beauty,Howto & Style,Sweden,2014.0,Sep,24.0,UCWXYdNyGX01rnTB-tQci8JQ,2673797468,16500000,False,470,تحدي الطبخ و التكلم بالعربية الفصحة مع اخواتي!.. 😱,https://www.youtube.com/watch?v=bM9CeP8_r-U,جولة في بيتي انا و زوجي 🏡😱,https://www.youtube.com/watch?v=3ngKYYf5Nzc,صرت أم ليوم كامل | تجربة حقيقية 🍼😱,https://www.youtube.com/watch?v=Bqr6eQUnauY,جربت فساتين اعراس من موقع صيني 😱,https://www.youtube.com/watch?v=24EVv78p_Yw,حفلة عرسي 💍,https://www.youtube.com/watch?v=7aLqIpxvny0
795,TV Ana Emilia,People & Blogs,Mexico,2014.0,Dec,30.0,UCdPyv-GXDxlOeonqYKtKMSQ,5301960634,15100000,False,1009,No me lo esperaba 🥲🫶🏻 #anaemilia,https://www.youtube.com/watch?v=LSbvWSNTOok,Compré MÁS ÚTILES ESCOLARES (Guerra de Papelerías 2) | Ana Emilia,https://www.youtube.com/watch?v=bRoFV1vulAI,24 HORAS SIENDO CAPIBARAS | Ana Emilia,https://www.youtube.com/watch?v=K4zPFtGf9m8,BARBIE ES COMO YO Y MIS AMIGAS #mattel #publicidad  | Ana Emilia,https://www.youtube.com/watch?v=mjxyLeXR9h8,NANA es POSEIDA por un Bebé de la DEEP WEB | Ana Emilia,https://www.youtube.com/watch?v=S9yVZfK2AuU
798,Gallina Pintadita,Music,Mexico,2011.0,Aug,2.0,UCKdEsgHiM0SulsFXm7QMJAg,11163327624,15100000,False,65,Calva de mi Abuelo - Gallina Pintadita 5 - Canciones infantiles de la Gallina,https://www.youtube.com/watch?v=0RIR_pFUOg4,Dance con la Gallina Pintadita - Sambalele,https://www.youtube.com/watch?v=oPE9z-cohyo,Dance con la Gallina Pintadita - Mamama Papapa,https://www.youtube.com/watch?v=zegRbXh-9zw,¡Y doy un Grito! - Gallina Pintadita 5 - Canciones infantiles de la Gallina,https://www.youtube.com/watch?v=eLa68C-a_JM,Fui a España - Gallina Pintadita 5 - Canciones infantiles de la Gallina,https://www.youtube.com/watch?v=HCYsZzRZ_hs
799,ViralHog,People & Blogs,United States,2014.0,Aug,22.0,UC3339WgBDKIcxTfywuSmG8w,38513163933,30100000,False,55577,Small Plane Makes Emergency Landing Near Oak Island Pier || ViralHog,https://www.youtube.com/watch?v=UYQi3Lkl8Jo,Ducks Being Traffic Cones || ViralHog,https://www.youtube.com/watch?v=QXvPRoBw_J0,American Bully Just Wants to Kiss the Baby || ViralHog,https://www.youtube.com/watch?v=U8lBJLffrcM,Okay Bear Lake Chill Out  || ViralHog,https://www.youtube.com/watch?v=entVHjDzSKk,Baby Snake Sits on a Flower || ViralHog,https://www.youtube.com/watch?v=AZLhRIFFhRw
800,ETV Jabardasth,People & Blogs,India,2015.0,Jul,14.0,UCnoqvTW4YZExfDeq7_Wmd-w,15797032893,15300000,False,14708,#shorts - Auto Ramprasad Ultimate Comedy Performance #MukkuAvinash #extrajabardasth #comedyshow,https://www.youtube.com/watch?v=adSt697HbQ0,#shorts - Chammak Chandra Ultimate Comedy Performance #Sattipandu #Extrajabardasth #comedyshow,https://www.youtube.com/watch?v=cacKzDP4yDg,#shorts - Auto Ramprasad & Mukku Avinash  Comedy Performance #extrajabardasth #comedyshow #etvshorts,https://www.youtube.com/watch?v=FtEGvGPCi4Y,#shorts - Chammak Chandra & Team Comedy Performance #Sattipandu #Extrajabardasth #comedyshow,https://www.youtube.com/watch?v=D01XdgckvXo,#shorts - Getup Srinu Ultimate Comedy Performance #AutoRamprasad #Jabardasth #etvshorts,https://www.youtube.com/watch?v=Ft_FnrOZNww
801,Zee Telugu,Entertainment,India,2007.0,Jan,31.0,UC3PYGKK29qJ0zu-eEthHK4g,15931473314,17100000,False,214705,Chamanthi | Ep - 178 | Webisode | Jul 22 2025 | Zee Telugu,https://www.youtube.com/watch?v=aidhPniDwZ0,Gundamma Katha | Ep - 2159 | Webisode | Jul 22 2025 | Zee Telugu,https://www.youtube.com/watch?v=FD5IiXa8FTk,"Auto Vijayshanthi - Full Ep - 1 - Chiranjivi, Vijayashanthi, Arjun - Zee Telugu",https://www.youtube.com/watch?v=yWHqFVlhoqA,#Chamanthi #Shorts #Zee Telugu #Entertainment #Drama,https://www.youtube.com/watch?v=eBrxxy8ZYtI,#Ummadi Kutumbam #Shorts #Zee Telugu #Entertainment #Drama,https://www.youtube.com/watch?v=ULuv0oiwCIE
802,Crescendo com Luluca,Entertainment,Brazil,2015.0,Aug,30.0,UCnrGkE2AmBAv6Vxj6kjf1jg,6767915848,17100000,False,1934,TENTEI FAZER O MORANGO DO AMOR E DEU MUITO RUIM,https://www.youtube.com/watch?v=WkiO9Ta6Dx0,Fui trollada pelos meus pais 😅 #luluca #shorts,https://www.youtube.com/watch?v=Ebu_u9t_HT8,FUI DESAFIADA A IR NESSE TOBOÁGUA INSANO !! Um dia Inteiro Comigo na Viagem de Férias,https://www.youtube.com/watch?v=csf-HGG1pB0,Quando seu pai ronca alto 🤣 #luluca #shorts,https://www.youtube.com/watch?v=pQC-emgfb3E,DO FRIO AO CALOR EXTREMO - MINHA VIAGEM DE FÉRIAS !!,https://www.youtube.com/watch?v=WqDPDxXBHgE
803,Jazzghost,Gaming,Brazil,2012.0,Aug,30.0,UCIXguhHCl8eDTkXpEuiGPUA,9384962475,21300000,False,6143,EU ME JUNTEI COM O PIOR SER HUMANO DO MUNDO E FIZEMOS ALGO TERRÍVEL! - Kindergarten 3,https://www.youtube.com/watch?v=TvjLilh1Y9Q,FIZ UM BURACO GIGANTE NA MINHA CELA E FUGI DA PRISÃO DE HELICÓPTERO!,https://www.youtube.com/watch?v=XB2erYOAjno,"THE BROKEN SCRIPT DO MINECRAFT, MAS EU COMEÇO NO DIA 1.000.000!",https://www.youtube.com/watch?v=VQOjuxTs9XQ,"O JOGO QUE ERA PRA ME ASSUSTAR, MAS ME FEZ CHORAR! - Score the Fear (7 FINAIS)",https://www.youtube.com/watch?v=xhphFEg-3Nk,VEM SENTAR COM A GENTE NA MESA! NÃO VAI ACONTECER NADA NÃO...,https://www.youtube.com/watch?v=wTRPHxji_ok
804,karameeshchannel,Entertainment,Jordan,2012.0,Jan,18.0,UCZ7V5FSAdPkRjPf64pPx9-Q,12382449877,16600000,False,2571,سن توب يا لزيز | قناة كراميش,https://www.youtube.com/watch?v=M17rqoV4nWg,طلع الزين + بقولوا سوسو بشعة | واجمل اغاني الاطفال | Karameesh Tv,https://www.youtube.com/watch?v=Y5Jl8i3sfvE,القاضي مسك سوسو يا ويلي | Karameesh Tv,https://www.youtube.com/watch?v=RiTrudBvd7o,جبر الخواطر - بدون ايقاع | قناة كراميش Karameesh Channel,https://www.youtube.com/watch?v=sPKfvDe7DvM,كليب هاتشو - بالون | Karameesh Tv,https://www.youtube.com/watch?v=yfyen6KWhs0
805,Darkar Company Studios,Film & Animation,United States,2009.0,Feb,15.0,UCmyIMuo8zRYgLshDff0vLuw,2341536242,14200000,False,200,"""BOMBÓN"" - Ahora disponible en Spotify y todas las plataformas digitales!",https://www.youtube.com/watch?v=2KhwDyWlzME,"Vete a la Versh - T6, E7: Versh Wars: Batalla Infernal - Parte 2",https://www.youtube.com/watch?v=WbnhpXU61zQ,Vete a la Versh - Temporada 5 (COMPLETA),https://www.youtube.com/watch?v=PPoV50n8Eug,"Vete a la Versh - T6, E6: Balance Universal (REMAKE)",https://www.youtube.com/watch?v=Wm6o-7D8ceA,Pandasaurio - Ep. 10: Sacrificio de Huevo,https://www.youtube.com/watch?v=aTg_SmId6vA
806,Dental Digest,People & Blogs,,2020.0,Aug,12.0,UC7u9o8BHiJyH2_cef_nC7tQ,12904186630,21100000,False,595,ASMR Minecraft Toothbrush 🪥🦷,https://www.youtube.com/watch?v=DmWcpBAQLys,Mini Grow A Garden vs Cavities !?,https://www.youtube.com/watch?v=FcRL0o-j-Qg,Best Way to Clean Braces !?,https://www.youtube.com/watch?v=WGiXveCTWOI,Cardboard Brushing Routine !?,https://www.youtube.com/watch?v=zicV38PRAws,I Ate EVERY PLANT  in Roblox Grow A Garden + (ASMR Cavity Mukbang),https://www.youtube.com/watch?v=OXguSq9EX_Q
807,T-Series Regional,Entertainment,India,2011.0,Feb,14.0,UCy2fvV-mH_4AcIgqnLg9uDw,6239828778,16500000,False,15155,Dil Pe Chalai Churiya Assamese Version | TUMI HIYA BHAENGI | Singer - Madhusmita,https://www.youtube.com/watch?v=t5og0MjlnS4,#audio Mere Humdam | Hindi Romantic Song 2025 | Devbrat Pandit | T-Series,https://www.youtube.com/watch?v=bGN1USysRak,Baarish | Latest Hindi Song 2025 | Vickrant Mathur| T-Series,https://www.youtube.com/watch?v=rIRYkIR2IQo,MERE SHIVBA | Latest Hindi Song 2025 | Rahul Joshi | T-Series,https://www.youtube.com/watch?v=-27k5RcJbZk,"Tu meri Behna | Latest Hindi Song 2025 | Aman Bhama | Anmol singh , Varun Buddhadev  | T-Series",https://www.youtube.com/watch?v=n79s1vMHtAY
808,ADEL et SAMI,Entertainment,United States,2018.0,Mar,12.0,UCUCl-BFhIm_IUwSeuz4ZSrQ,83147312,208000,False,116,J’ai passé une belle journée,https://www.youtube.com/watch?v=Zr8q7Bwt9FA,Le monstre vert est revenu  😱,https://www.youtube.com/watch?v=JtrvYmlJE1g,Quelqu’un est rentré chez moi dans la nuit,https://www.youtube.com/watch?v=OBWjPS74lcc,"Enfin, les grandes vacances",https://www.youtube.com/watch?v=c8veMYoZ6Rk,Quelqu’un nous a enfermé dans le jardin,https://www.youtube.com/watch?v=jsywjMX-GKE
809,Jamuna TV,News & Politics,Bangladesh,2021.0,Feb,10.0,UCN6sm8iHiPd0cnoUardDAnw,25096892695,28600000,False,189773,আর ইউ ফেমাস । Are You Famous | 06 August 2025 | Jamuna TV,https://www.youtube.com/watch?v=QySYVVZl0Bk,এই বিজয় র‍্যালি দেশের ১৮ কোটি মানুষের মুক্তির মিছিল: তারেক রহমান | BNP Rally | Jamuna TV,https://www.youtube.com/watch?v=C-cw8CrJcaE,রাতের প্রধান সংবাদ শিরোনাম | Latest News Headlines | 10 PM | 06 August 2025 | Jamuna TV,https://www.youtube.com/watch?v=cxFRGDznvp0,প্রতারণার বিপজ্জনক ফাঁদ শাহেদের দূরন্ত বাজার | Investigation 360 Degree | Jamuna TV,https://www.youtube.com/watch?v=zyELTke_1Ok,‘সাংবাদিক নীতিমালা সংশোধন না হলে নির্বাচনের সংবাদ প্রচার নয়’ | RFED | Jamuna TV,https://www.youtube.com/watch?v=0oJq8OJQfTg
810,Atlantic Records,Music,United States,2006.0,Dec,15.0,UCe4LM_eKc9ywRmVuBm5pjQg,12920114928,15500000,False,2000,Teddybears - Punkrocker from 'Superman',https://www.youtube.com/watch?v=4lYIhKhgIuY,Lin-Manuel Miranda & Eisa Davis - Warriors Cypher (from Warriors) [Official Lyric Video],https://www.youtube.com/watch?v=F0D4KUB4FdU,Lin-Manuel Miranda & Eisa Davis - Woodlawn Cemetery (from Warriors) [Official Lyric Video],https://www.youtube.com/watch?v=6IAN13eb0J8,Lin-Manuel Miranda & Eisa Davis - Derailed (from Warriors) [Official Lyric Video],https://www.youtube.com/watch?v=dgYhHJ_o7TQ,Lin-Manuel Miranda & Eisa Davis - We Got You (from Warriors) [Official Lyric Video],https://www.youtube.com/watch?v=qgGWua2pc9E
812,Veritasium,Education,United States,2010.0,Jul,21.0,UCHnyfMqiRRG1u-2MsSQLbXA,3467264472,18400000,False,449,The blue LED was almost impossible to make,https://www.youtube.com/watch?v=UKfnXd3x-rw,The Strange Math That Predicts (Almost) Anything,https://www.youtube.com/watch?v=KZeIEiBrT_w,Why do all animals jump to about the same height?,https://www.youtube.com/watch?v=za_HO2E3JEU,Why did light bulb lifetimes get shorter?,https://www.youtube.com/watch?v=49NikeBCzWo,What happens if you cut the green rope?,https://www.youtube.com/watch?v=HCkGUOKAqH0
813,Alexa Rivera,Howto & Style,,2010.0,Aug,21.0,UCPpATKqmMV-CNRNWYaDUwiA,4821454180,17700000,False,389,The Most Stressful Day Of My Life..,https://www.youtube.com/watch?v=Hfz4T87sLYU,I Survived The Worst Rated Trains!,https://www.youtube.com/watch?v=SMGCpQrZwD0,Anyone have a boat?,https://www.youtube.com/watch?v=o7y6fBD4zqg,I Tested $5m Homes in Every State!,https://www.youtube.com/watch?v=3Cv4Vhb8msI,Exploring The Creepiest Google Map Locations!,https://www.youtube.com/watch?v=ecn3KjkqNoM
814,Airrack,Entertainment,United States,2015.0,Jan,3.0,UCyps-v4WNjWDnYRKmZ4BUGw,4141416294,16700000,False,262,I Secretly Hid in Famous Livestreams Again ... Again,https://www.youtube.com/watch?v=T-rCZGEWLgA,How Long Could You Secretly Live in a Waterpark?,https://www.youtube.com/watch?v=M4dtgFs6djk,I Secretly Hid In Youtuber's Videos (again),https://www.youtube.com/watch?v=On7He5aG9jg,Drive Thru A.I. Robot Prank,https://www.youtube.com/watch?v=t-oLGxzHyWQ,I Secretly Hid in Celebrity TikToks,https://www.youtube.com/watch?v=sY06MKwC1P4
815,Hacksmith Industries,Science & Technology,Canada,2006.0,Apr,20.0,UCjgpFI5dU-D1-kh9H1muoxQ,2947173526,15300000,False,1312,The LAST Multi-tool you'll ever need...,https://www.youtube.com/watch?v=IzLM1lYvkAk,🧠 CT Scanning a 3D Scanner...Scanception?! #revopointtrackit #revopoint,https://www.youtube.com/watch?v=5pnDjjfWYZU,Printing the dark side layer by layer 😈 #3dprinting #engineering #matterhackers,https://www.youtube.com/watch?v=p9dSZ6v3_Fw,How hard can it be? 🤷‍♂️ #engineering #welding #tigwelding,https://www.youtube.com/watch?v=dClvJemwJKc,This machine can basically print on anything #eufyMake #UVprinter #fallout,https://www.youtube.com/watch?v=v1HE9e_5eUI
816,JD Pantoja,People & Blogs,,2017.0,Jun,5.0,UCzoUWqjCbcfWFdOMvoep8FA,7989808998,52300000,False,475,KIMA & JUANITO REACCIONANDO a mi CANCION con DANI FLOW,https://www.youtube.com/watch?v=dpu2gFcqAVk,VIAJANDO SOLO de COLOR AMARILLO en TREN,https://www.youtube.com/watch?v=W91CXLxz-iY,Globo gigante 😱,https://www.youtube.com/watch?v=5ZcoNinuHpE,JD VS Chocolates de Mr Beast,https://www.youtube.com/watch?v=BXT_Oog4Wxg,JUANITO se CONVIRTIÓ en una GARRA HUMANA,https://www.youtube.com/watch?v=ScobXZbkQCs
818,123 GO! Spanish,People & Blogs,Mexico,2019.0,Mar,13.0,UCYtt2TP3sqR9_qXnc1G4eRA,5286806957,14300000,False,1130,¡Reto de Vestuario DIY! Transforma Ropa Vieja en Looks Modernos por 123 GO!,https://www.youtube.com/watch?v=EIWdQnnJF3Q,¡Trucos secretos para escabullirse en la escuela! Ideas geniales y trucos de bricolaje por 123 GO!,https://www.youtube.com/watch?v=qw0iRu07WUU,¡Qué pasaría si los alimentos fueran personas reales! Una mirada divertida a la vida por 123 GO!,https://www.youtube.com/watch?v=3yVWFprVCKg,¡NUEVAS ideas asombrosas de cartón de 123 GO! ¡Manualidades geniales que debes probar!,https://www.youtube.com/watch?v=uIIjc9q1kSQ,¡Locos problemas de personas bajas VS altas! Situaciones incómodas y momentos graciosos por 123 GO!,https://www.youtube.com/watch?v=OIbh-xs2bhQ
819,Geo News,News & Politics,Pakistan,2007.0,Jan,10.0,UC_vt34wimdCzdkrzVejwX9g,10920009345,19600000,False,304019,Imran Khan's 3rd year in Jail: PTI 5 August Protest: Success or Failure? - Report Card | @geonews​,https://www.youtube.com/watch?v=WEfIAHXoeWQ,"🔴LIVE: US President Trump imposes 50% tariff on India, Indian media | Geo News",https://www.youtube.com/watch?v=Ktw7Hau5lYo,Tale of the Unsinkable Hugh Williams: Coincidence or Myth? | Geo News,https://www.youtube.com/watch?v=HhWM7xZoGSI,PTI's administrative Failure - PTI benefit from the protest? - Reema Omer Analysis,https://www.youtube.com/watch?v=zIYLkE9n9tI,🔴Live: PTI Protest: ECP Disqualifies PTI Leaders - Govt Fear Exposed - Hamid Mir's Exclusive Vlog,https://www.youtube.com/watch?v=8eVowU65YbQ
820,Kids TV India Hindi Nursery Rhymes,Shows,India,2014.0,Nov,17.0,UCZbTuDplLcBb4bTHa_-5_UA,10500063948,18700000,False,2441,"Happy Raksha Bandhan Geet, हैप्पी रक्षा बंधन, Brush Karo Song + Golu Molu Hindi Rhymes for Kids",https://www.youtube.com/watch?v=mi8kfz9zeak,"Jhanda Lekar Chale School, झंडा लेकर चले स्कूल, Desh ka Gana #shorts #babysongs #cartoon #preschool",https://www.youtube.com/watch?v=pVZ0WQlbDwM,"Happy Raksha Bandhan Geet, रक्षा बंधन गीत, Nursery Rhymes for Kids #shorts #babyrhymes #poems",https://www.youtube.com/watch?v=UXlrFX4IdPw,"Peek A Boo Song, पीक ए बू गीत, Loo Loo Kids Hindi Rhymes for Kids #shorts #kidsrhymes #poems",https://www.youtube.com/watch?v=Dedm5xp5IiU,"Sweet Dreams And Good Night Song, करो सपनों की सहर + Loo Loo Kids Rhymes in Hindi and Funny Videos",https://www.youtube.com/watch?v=2cR6GE6KdLM
821,Think Music India,Music,India,2009.0,Aug,15.0,UCLbdVvreihwZRL6kwuEUYsA,18984580832,21000000,False,6520,Sidu Sidu ❤️🎶 #Romeo #VijayAntony #MirnaliniRavi #BarathDhanasekar,https://www.youtube.com/watch?v=WIDIup_FbnA,Dei Maganey - Lyric Video | Paranthu Po | Ram | Shiva | Grace Antony | Santhosh Dhayanithi,https://www.youtube.com/watch?v=ISR1QC_ugRo,Kalikaalam - Video | Dheeran | Rajesh Madhavan| Devadath Shaji |Mujeeb Majeed |Cheers Entertainments,https://www.youtube.com/watch?v=LJg8RIdKWEA,Vinmeen 💘 #nivaskprasanna #abhayjodhpurkar #sakthijith,https://www.youtube.com/watch?v=Qx8BycGZFWw,Paal Dabba's Next? (Promo) | Think Indie,https://www.youtube.com/watch?v=lTTkvMWszbk
823,Goldmines Premiere,Entertainment,India,2013.0,Oct,12.0,UCyoXW-Dse7fURq30EWl_CUA,30439374536,106000000,False,11179,Kajal Aggarwal Maa Ke Saath Dhanush Se Sorry Bolne Aati Hai#Dhanush #KajalAggarwal #RowdyHero #Maari,https://www.youtube.com/watch?v=5DtBN2tkquw,ब्रह्मानंदम गाँव आने के लिए राम पोथीनेनी को फ़ोन करता है,https://www.youtube.com/watch?v=4EuXuS7Nsjk,अल्लू अर्जुन नहीं मिलने दे रहा है वेनेला किशोर को उसकी होने वाली बीवी से,https://www.youtube.com/watch?v=K0DqBJ8p_ug,आधी पिनिसेट्टी इन तीनों से पोस्टमॉर्टम रिपोर्ट के बारे में पूछताछ करता है,https://www.youtube.com/watch?v=NhrxP0HCRVY,ब्रह्मानंदम रवि तेजा और वेनेला किशोर की मौत को कॉल लगा रहा है | साउथ बेस्ट कॉमेडी सीन,https://www.youtube.com/watch?v=SRySOtYHVKw
824,MAIKI021,Entertainment,Brazil,2008.0,Jan,22.0,UCXhDFaOPG2zhiYm9eXuMKkA,1995933307,13800000,False,3173,BUSQUEI A LOIRA DO UBER DE UNO,https://www.youtube.com/watch?v=JRTafgf5ptQ,ESCOLHENDO UMA MOTO NOVA NA LOJA,https://www.youtube.com/watch?v=U0Cq3bKwkCc,FIZ UBER de UNO E CONHECI UMA PASSAGEIRA HUMILDE,https://www.youtube.com/watch?v=EIKgPQJrRdA,ULTIMO ROLE COM A BMW S1000RR 🚀,https://www.youtube.com/watch?v=-XsMlSDVRgY,O RETORNO DA XJ6 DEU RUIM LOGO DE CARA !,https://www.youtube.com/watch?v=IIaDktoXSvo
825,The Vishal bhatt,Comedy,India,2021.0,Aug,15.0,UCTf3jU9tyfsq1ElmkTY_ztQ,12536827603,18800000,False,1723,Rakshabandhan per to Aisa nahi karna chaiye 🙄 | kese kese log rehte hai yaha per #comedy #shorts,https://www.youtube.com/watch?v=Y9IqbOUieYw,Karj se pareshaam yuva 😂 | kangali me aata gila 😂 #comedy  #funny  #shorts,https://www.youtube.com/watch?v=FY7gxkYOtDw,Mobile Ki bimari 😂 | papa Ki Pari pakdi gayi 😂 #comedy  #funny  #shorts,https://www.youtube.com/watch?v=6ZKBhyk5MC0,Baap to baap rahega 😂 | o am sorry babu 🙄 #comedy  #funny  #shorts,https://www.youtube.com/watch?v=mpJD5hD2Ir4,Finally shaadi ho gayi 😂 | Aadmi hu aadmi se pyaar karta hu 😂 #comedy  #funny  #shorts,https://www.youtube.com/watch?v=vnt6icU8Sgc
826,NishaMadhulika,Howto & Style,India,2009.0,Aug,2.0,UCgoxyzvouZM-tCgsYzrYtyg,3441488779,15000000,False,2375,अगर ये सब्जी कहीं भी दिखे-तुरन्त खरीद लें  स्वादिष्ट भी-इम्यूनबूस्टर भी-Monsoon Vegies You Must Eat,https://www.youtube.com/watch?v=sK_vGkHvLrE,पारंपरिक भाकरवाडी नमकीन-टैंगी व कुरकुरी-आसान रेसिपी टिप्स के साथ | Authentic Bhakarwadi-Step-by-Step,https://www.youtube.com/watch?v=lrrkCmjvcVQ,पारंपरिक कापन्या-गुड़ पारे के खास स्वाद का मज़ा ही कुछ और है -Maharashtrian Sweet Kapanya Pare Recipe,https://www.youtube.com/watch?v=y-FxeFyRfOE,इस फेस्टिव सीजन में बनायें पारंपरिक पूरन पोली-नर्म व मीठी -Authentic Pooran Poli Recipe Step by Step,https://www.youtube.com/watch?v=K9b-CDPu5g8,बेसन आटे के खास लड्डू मावा के स्वाद वाले त्योहार से पहले बनायें महीनों रहेंगे ताजा -Atta Besan Ladoo,https://www.youtube.com/watch?v=OJK-NVfhr_E
827,MyMissAnand,People & Blogs,India,2014.0,Jul,22.0,UCpCWa9f5_J3PqY-_Lg-_QfQ,5498489454,13900000,False,489,AI ROBOT TEACHER vs Students | AAJ  Ki School Life | MyMissAnand,https://www.youtube.com/watch?v=gIJ2d7LIY_E,JUDWA ya HUMSAKAL | Choti vs Badi Behan | Didi ki JUdwa | MyMissAnand,https://www.youtube.com/watch?v=hh1evXSt4YA,Sister vs Sister | Every Sibling Fight Ever | Yes Challenge | MyMissAnand,https://www.youtube.com/watch?v=UxpIJ2JrVUM,BARISH KE DIN - People During Monsoon | Back To School | MyMissAnand,https://www.youtube.com/watch?v=wcJU2TQaQFE,Bhai Behan ka Pyaar - Anath Bache | Siblings Fight | MyMisAnand,https://www.youtube.com/watch?v=Ob8puwO35Go
828,FAPTV,Comedy,Vietnam,2014.0,Feb,26.0,UC0jDoh3tVXCaqJ6oTve8ebA,5681975497,14300000,False,1776,1 chiếc balo deli cho bé đi học nè cả nha #Faptv,https://www.youtube.com/watch?v=2EJJV_eCi2g,Nghe cái nick yahoo choáng záng :)) #faptv,https://www.youtube.com/watch?v=B3sEjI9QC9s,Thảnh thính kiểu các hót boi 9x :)) #comnguoi338 #faptv,https://www.youtube.com/watch?v=7Q92rW_ztkE,Bàn ủi Aqua vừa gọn vừa tiện dụng cho mọi nhà nè #Faptv,https://www.youtube.com/watch?v=hKWd1aNzbcc,9x hồi đó thả thính bằng thư tình :)) #comnguoi338 #faptv,https://www.youtube.com/watch?v=deUE-WX2YlA
830,infobells,Education,India,2011.0,Oct,20.0,UCU_AsfgtKjwR4qaSwgsWn-w,5704890510,14400000,False,680,Clean Me Up Clean Me Up Aloo Kachaloo | Clean Up Song for Kids | Nursery & Baby Rhymes | Infobells,https://www.youtube.com/watch?v=fKMM2c27ePI,Its Time for Bath - Kids Bath Song | Nursery Rhymes & Baby Songs | Infobells #babyrhymes #bathtime,https://www.youtube.com/watch?v=r_2T6un2hww,It's Humpty Dumpty's Birthday - Birthday Song Surprise | Nursery Rhymes & Baby Rhymes | Infobells,https://www.youtube.com/watch?v=sLG3nW6lmvI,Five Little Ducks Went Out One Day | Learn Numbers & Counting | Nursery Rhymes & Songs | Infobells,https://www.youtube.com/watch?v=BPPhhY-4sew,Ants go marching one by one song | Nursery & Baby Rhymes | Infobells #babyrhymes #nurseryrhymes,https://www.youtube.com/watch?v=LJdk_BvvCls
831,Desi Gamers,Gaming,,2020.0,Apr,14.0,UCuApqv2tNQ73S7gcfrfCSDw,2804067253,17200000,False,1486,10000 DIAMOND CUSTOM WINNER,https://www.youtube.com/watch?v=6hUJGaZ8cWo,NARUTO 2.0 ( ITACHI BUNDLE) EVENT in FREE FIRE,https://www.youtube.com/watch?v=s_r3lTMXpb0,BOOYAH STREAM LAST ME TUT GYA 😳 #iQOOZ10R #iQOO,https://www.youtube.com/watch?v=GWjnryh5ues,BACK TO BACK BOOYAH CHALLENGE IN FREE FIRE LIVE 😳 #iQOOZ10R #iQOO || DESI GAMERS,https://www.youtube.com/watch?v=sFfMzi_Km_A,PLAYING FREEFIRE FOR 24 HOUR WITH 24 YOUTUBERS 🔥,https://www.youtube.com/watch?v=TX5xSJ1nrHc
832,Acenix,Gaming,Spain,2014.0,Jan,2.0,UCH3h4jRKn3lJo0uORqqESPg,3214478765,16400000,False,559,Evolucionando MI VELOCIDAD Hasta Convertirme en SONIC 🔵😱 ACENIX vs MIKECRACK vs TIMBAVK en ROBLOX,https://www.youtube.com/watch?v=hVxMoFC4TOc,Conseguí el BRAINROT DEFINITIVO en STEAL A BRAINROT 🤑😱,https://www.youtube.com/watch?v=j6tnLRhL8fI,Me CONVERTÍ en EL CIERVO MALVADO en ROBLOX 😈🤣 99 NOCHES EN EL BOSQUE ROBLOX,https://www.youtube.com/watch?v=CLL5Vzzokj0,Fingí ser un BRAINROT en Steal a Brainrot 😂 (roba un brainrot),https://www.youtube.com/watch?v=K2pV21mkaOA,Cada Minuto Aumenta la Suerte en Steal a Brainrot ✨😱 (Roba un Brainrot),https://www.youtube.com/watch?v=uxHAGYGgsRE
833,Zeinab Harake,,Philippines,2017.0,Oct,19.0,UC-j7tR3DhEt85EM9HbvxXqA,1153008477,15000000,False,363,ONE SHOT ONE MAKEUP WITH MARIS RACAL | ZEINAB HARAKE,https://www.youtube.com/watch?v=RKmgA7r4Qmg,"EL NIDO, PALAWAN VLOG | ZEINAB HARAKE",https://www.youtube.com/watch?v=xDgQ5mf_xcc,LETS PLAY CARDS (RAYNAB) | ZEINAB HARAKE,https://www.youtube.com/watch?v=KPP8Wt97h9g,RAY & ZEINAB WEDDING VLOG | ZEINAB HARAKE,https://www.youtube.com/watch?v=nz0geoanfFM,NATURE VLOG WITH FAMILY PARKS | ZEINAB HARAKE,https://www.youtube.com/watch?v=k3JT8p1_EVg
834,DALLMYD,Sports,United States,2011.0,Feb,1.0,UCI4fHQkguBNW3SwTqmehzjw,2173423538,13900000,False,449,Almost Gone Forever… Until I Found It Underwater in the Lake!,https://www.youtube.com/watch?v=FSWLqyUv4pQ,"I Found 2 iPhones, Diamond Bracelet and a Gold Ring Underwater! (Metal Detecting Underwater)",https://www.youtube.com/watch?v=kt3XMNqun1A,I Found Bombs and Weapons Underwater in the River! (Scuba Diving),https://www.youtube.com/watch?v=5W5kjT1ynB4,Why Swim When You Can FLY Underwater? (Sublue MixPro),https://www.youtube.com/watch?v=NDNmdg859NU,Found TOXIC Lead Underwater While Scuba Diving!,https://www.youtube.com/watch?v=a6TN2CKPLOw
835,Lindsey Stirling,Music,United States,2007.0,May,20.0,UCyC_4jvPzLiSkJkLIkA7B8g,4284760750,14300000,False,530,This is a big deal for me. Thank you so much Mexico City for bringing me back with so much love.,https://www.youtube.com/watch?v=UwpcndwaH2c,Am I annoying you yet? Presave my deluxe album 😜,https://www.youtube.com/watch?v=mCISpqsVAI8,Can’t help but dance when I’m listening to my Deluxe album. Coming 8-15,https://www.youtube.com/watch?v=H5G6ukuuum0,My Deluxe album comes out 8-15. I love your renditions of my upcoming single Monday Not Sick Anymore,https://www.youtube.com/watch?v=mftmA2aKBjQ,One week til Mexico City!! I cannot wait!,https://www.youtube.com/watch?v=PGSFVjU8rfs
836,JOJO TV - Hindi Stories,Education,India,2016.0,Dec,25.0,UCAXe-dTMWRcqDdt5pYLwHCA,5545776392,14400000,False,1343,सोने का गोबर देने वाली गाय - Golden Cow Dung Story in Hindi,https://www.youtube.com/watch?v=MJ1M_0zpoxs,तीन जादुई सोने के कबूतर - Three Magical Golden Pigeons Story in Hindi,https://www.youtube.com/watch?v=DQ_IHAVeGxw,कागज़ की नाव की कहानी  - Paper Boat Story in Hindi | 3D Animated Hindi Moral Stories | Jojo Tv 2025,https://www.youtube.com/watch?v=5WmtMOZ7cYk,सुनहरी चिड़िया का वरदान - Golden Bird Blessing Story in Hindi | 3D Animated Hindi Moral Stories 2025,https://www.youtube.com/watch?v=vbacpnLu2kI,विशाल मुर्गी और जानवरों का हमला,https://www.youtube.com/watch?v=VZRpdWJDJCc
837,BBC,Pets & Animals,United Kingdom,2005.0,Nov,12.0,UCCj956IF62FbT7Gouszaj9w,11377839038,15000000,False,24407,Scottish VS Canadian accent challenge - BBC,https://www.youtube.com/watch?v=eaaKf8dsB2A,Terrifying but genius ancient bear hunting technique 🐻 | Human - BBC,https://www.youtube.com/watch?v=M3m5l33pygA,Benedict Townsend and Rob Brydon chat all things Destination X - BBC,https://www.youtube.com/watch?v=2G-ud9v0d3w,Sneaking on to the Spider-Man set like…,https://www.youtube.com/watch?v=JcON9SagtDg,Trying to keep up with the Kardashians - BBC,https://www.youtube.com/watch?v=suEXq18hVio
838,Saturday Night Live,Entertainment,United States,2013.0,Jul,23.0,UCqFzWxSCi39LnW1JKFR3efg,18152334184,16100000,False,9455,mad respect for his range,https://www.youtube.com/watch?v=Y8KyJrmxuAg,watch out for the bats,https://www.youtube.com/watch?v=qrDh1F225rA,who would do such a thing,https://www.youtube.com/watch?v=z_JhURQOOGY,you’re still going to be you on vacation,https://www.youtube.com/watch?v=eS7ZY05g71o,he’s up!,https://www.youtube.com/watch?v=eq6iaz5QV1U
839,BUDI01 GAMING,Gaming,Indonesia,2019.0,Jul,19.0,UC8qp0ZmavLOGeSdLxSUZO8w,1340783521,14400000,False,464,Bapak Bapak Satu Ini Doyan Double AWM,https://www.youtube.com/watch?v=gLENx3nbipA,Dari Game Ini Untuk Menyadarkan Orang Yang Masih Maen Juday,https://www.youtube.com/watch?v=o-j6mjDMV80,anboksing dari maklum betel royal,https://www.youtube.com/watch?v=uJEgIBVb__s,Sedikit aja ya jangan banyak banyak hehe,https://www.youtube.com/watch?v=PJd6LJ4cvpE,P90 BESI MEDAN,https://www.youtube.com/watch?v=MxDxEnznwmE
840,Typical Gamer,Gaming,Canada,2008.0,Aug,24.0,UC2wKfjlioOCLP4xQMOWNcgg,5464745572,15800000,False,5984,🔴LIVE! - NEW FORTNITE *SEASON 4* COUNTDOWN!!,https://www.youtube.com/watch?v=G0XnrM7AYy0,🔴LIVE! - NEW FORTNITE *SEASON 4* is COMING SOON!,https://www.youtube.com/watch?v=JvH0fUtxHjQ,We love a Typical Gamer crash out,https://www.youtube.com/watch?v=uD-MSuMkjgM,🔴LIVE! - NEW FORTNITE *KRAKEN SEASON 4* LIVE EVENT!,https://www.youtube.com/watch?v=SGALFrfRNEc,🔴LIVE! - PS5 CONSOLE CASH CUP on FORTNITE!,https://www.youtube.com/watch?v=Mv0IMgH40mA
841,Anaysa,Howto & Style,India,2012.0,Mar,10.0,UCuN4A3GCUq5-0wJDSiJoxRQ,3753009197,13700000,False,685,Mummy Ka Sapna - Hamara Naya Ghar | Yeh Meri Family | Anaysa,https://www.youtube.com/watch?v=wXUC8N2MLk4,Weekday vs Weekend - Struggles of Every Indian | Expectations vs Reality | Anaysa,https://www.youtube.com/watch?v=PGbuSjDhXVA,Mummy Ki Dusri Shaadi - Maa vs Beti | Indian Family Wedding | Anaysa,https://www.youtube.com/watch?v=eNRFlhv5tEQ,Saas Bahu Aur Sazish | Nanad vs Bhabhi | Indian Family Drama | Anaysa,https://www.youtube.com/watch?v=G_nN-rp_qAY,Anupama Ka Sapna - Ek Gareeb Ladki | Rich vs Normal Family | Anaysa,https://www.youtube.com/watch?v=-zRDqriHe-4
842,JULIA GISELLA,Entertainment,United Kingdom,2015.0,Mar,24.0,UCCPsBYxLUykj5xbgOGTRzKQ,7860544956,17700000,False,815,OMG i drew MIRA from KPOP demon Hunters in Realism and i can’t stop staring at her😭😳 PART 2,https://www.youtube.com/watch?v=enOa70GKmME,OMG i drew MIRA from KPOP demon Hunters in Realism and i can’t stop staring at her😭😳| JULIAGISELLA,https://www.youtube.com/watch?v=J2O7s7_dGZM,me vs. 16 year old niece😳 guess who of us has the LABUBU and who has the LaFuFu😭💀 @im_lininz08,https://www.youtube.com/watch?v=bYKJKs7pyn0,You HAVE TO TRY this hanging paperdoll DIY it’s so ADORABLE😭🫶🏻| JULIAGISELLA #art #diy #tutorial,https://www.youtube.com/watch?v=Boh75kvitSs,OMG I made my own LABUBU😳😻 - EASY TUTORIAL🤎 | JULIA GISELLA #labubu,https://www.youtube.com/watch?v=oIzhFVbFP54
843,Awakening Music,Music,United Kingdom,2006.0,Dec,25.0,UCBq5hp6DvwWam2XOXw6lYJA,6502827977,15100000,False,1053,Harris J's “Always Listening” is out now!,https://www.youtube.com/watch?v=MN2J10fNOoU,Harris J - Always Listening | Official Visualiser,https://www.youtube.com/watch?v=NQwHAeQvI_8,The wait is over… REVIVAL IS HERE! 🔥Harris J’s Revival EP is OUT NOW,https://www.youtube.com/watch?v=vOemVrGK6nA,IT’S OUT NOW! 💍You’re not ready for this one…,https://www.youtube.com/watch?v=aPjKFV30h6c,Harris J - Hayati (My Life) | Official Music Video,https://www.youtube.com/watch?v=1hBdjSO8ZeY
844,Lady Diana,Entertainment,Ukraine,2016.0,Mar,21.0,UCCB4-saKfwGbUFO2-rRdUqQ,9157904018,14100000,False,1452,New School is calling,https://www.youtube.com/watch?v=MYz9h6QOsF4,Ladybunny.com РАЗЫЗРЫШ ПОДАРКОВ ТУТ,https://www.youtube.com/watch?v=lUjtIbJaDLU,Bunny land from Diana,https://www.youtube.com/watch?v=2GVmk_kiCac,My birthday 🥳 Night,https://www.youtube.com/watch?v=he-C-m2mwsw,Diana birthday party 🥳 #happybirthday,https://www.youtube.com/watch?v=SN1OV2c0YSM
845,Sanjoy Das Official,Entertainment,India,2015.0,Apr,29.0,UCJxJpvWL1gxfLfM352EFatw,3760717416,18700000,False,493,Happy Friendship Day ❤️ #shorts,https://www.youtube.com/watch?v=pRaHV_DqD2g,Dost ❌ Bhai ✅ Happy Friendship Day,https://www.youtube.com/watch?v=5owjmH4a8GE,Angry Moments 😠😡🤬Train travel (Part-3) #shorts #sanjoydasofficial #sanjoydas #train,https://www.youtube.com/watch?v=9BO0M1p0wko,Wait For End 🔥😎 Sanjoy Das Official #ram #shorts,https://www.youtube.com/watch?v=JO4vgWZvKB4,NIGHT 3 AM 😨 Horror (Musical Chair) Gameplay,https://www.youtube.com/watch?v=Z9_IoGzkoko
846,Woody & Kleiny,Comedy,United Kingdom,2013.0,Mar,30.0,UCoGForHQAmk0_9rI9CABeYw,15619276371,15900000,False,1502,"Tipping taxi driver $1000 if he wins rock, paper, scissors 👊🔥✂️",https://www.youtube.com/watch?v=84RWO9NKsBw,Vacuumed her makeup… now I’m sleeping on the sofa 🤣💄,https://www.youtube.com/watch?v=cXwLwr1KTEk,48 Hour Extreme Floor is Lava Challenge!,https://www.youtube.com/watch?v=Xc1XeuFJ10A,This 7 seconds challenge was savage! 🥵😭,https://www.youtube.com/watch?v=5Qkw05Ze13E,Don’t push the wrong mystery button 🤣🤣🤣,https://www.youtube.com/watch?v=s8veSKHnT9E
847,Vijay Kumar Viner Vlogs,Entertainment,India,2019.0,Mar,22.0,UCfIpFdLEnTfkXjcwsiO4dAA,15139567040,24600000,False,2878,Kabhi galt bhi acche ke liye hota hai 🥹,https://www.youtube.com/watch?v=ps7nWJzS_mU,Gareeb aur ameer ki soch me antar 🥹,https://www.youtube.com/watch?v=kgSX3CHr0V4,Bacche ne football khelane ke liye lagaya dimag 😂,https://www.youtube.com/watch?v=FvrRpLG7ZlQ,Bhaloo ki chalaki padi bhari 😂,https://www.youtube.com/watch?v=u2BISBYoaLI,Bacchi se dekha nahi gaya maa ka dard 🥹,https://www.youtube.com/watch?v=f3UcXTgFnas
848,Conor Maynard,Music,United States,2006.0,May,19.0,UCpmD3iT-8TQzRuygIiS9bAw,2969373233,13700000,False,333,Conor Maynard - Runaway Man,https://www.youtube.com/watch?v=oCueScnficQ,"Chappell Roan - Good Luck, Babe!",https://www.youtube.com/watch?v=rybz2x5xEZU,Sabrina Carpenter - Taste,https://www.youtube.com/watch?v=rDqugbgme0c,Billie Eilish - Birds Of A Feather,https://www.youtube.com/watch?v=SYgQzrZmNtc,I heard you’re back together…,https://www.youtube.com/watch?v=ReUqF-yMp0I
849,Wengie,Howto & Style,United States,2010.0,Sep,9.0,UCD9PZYV5heAevh9vrsYmt1g,1898138187,13300000,False,478,Lost all my cats in the divorce but…,https://www.youtube.com/watch?v=aigmzotUXZM,New baby ❤️,https://www.youtube.com/watch?v=jeNeE6-oiFc,Don’t catch feelings,https://www.youtube.com/watch?v=1UBwUGRi57E,Thank you for always supporting me #wengiecorns 🥰,https://www.youtube.com/watch?v=dsIDAa9v-Fc,"Hi fam, search and follow【Aveloria Rosie】on SHEIN, use 【WengieIN】to get a discount! #SHEINtrends #ad",https://www.youtube.com/watch?v=GxTaCrtwqR8
850,Vlad y Niki Show,,United States,2018.0,Nov,8.0,UCTsPDENL6UTfdIExrWO2NlQ,7801737270,21200000,False,739,Chris revienta juguetes inflables y se convierte en superhéroe,https://www.youtube.com/watch?v=h5LH6UjnEEs,Niños aprenden a ayudar al tío con la máquina de dulces,https://www.youtube.com/watch?v=qqVUYws-Ng0,O Chris ajuda os amigos e outras histórias úteis para crianças!,https://www.youtube.com/watch?v=AY_4fCpW6ao,Las niñas aprenden a compartir la comida - Historias útiles para niños,https://www.youtube.com/watch?v=1Qs7y4VZ5TA,Chris derrota a los virus - Historia útil para niños,https://www.youtube.com/watch?v=YHNxtDyR598
851,Codiscos,Music,Colombia,2007.0,Feb,8.0,UCMt4GuchIJh48XJFB3iyXQQ,15408865177,16400000,False,7435,"A Ti Te Ha Dicho, Juan Manuel Lebrón - Video",https://www.youtube.com/watch?v=kmAVW77Khho,"Amar Duele, Julio Jaramillo - Video Letra",https://www.youtube.com/watch?v=M1GI3Dzz-gY,"Quizás Mañana, Grupo Galé - Video Letra",https://www.youtube.com/watch?v=895was3kXEA,Vallenatos Románticos Del Ayer Y Hoy,https://www.youtube.com/watch?v=o_w1xHesKCQ,"Ándate Pues Año Viejo, Darío Gómez - Video Letra",https://www.youtube.com/watch?v=7bERI7WA20k
853,Vibhu 96,,India,2022.0,Jun,5.0,UCqyAtxQiEMAgqMKat7muPww,911,9,False,3,चम्मच से भरी बाल्टी #viral #yutubeshorts #ytshort #shorts #sad,https://www.youtube.com/watch?v=r76n-J0baPU,gaming aur i pohon #short #shorts #viral #gaming  #yutubeshorts,https://www.youtube.com/watch?v=0CzO7wLl77o,कुत्ते ने लड़की के साथ बहुत बुरा क्या #shorts #ytshort #viral #yutubeshorts,https://www.youtube.com/watch?v=kUH3uzJxzds,,,,
854,Blockbuster Movies,Entertainment,India,2017.0,Jul,4.0,UCkst2eP5065JOEqWKnD7kVQ,43956400,414000,False,417,Aasai Alaigal | Full Movie | SSR | MR Radha | Nagesh | Vijayakumari | Sowkar janaki #tamilmovie #ssr,https://www.youtube.com/watch?v=zv96saFp3v8,"Amara Deepam | Sivaji Ganesan,Savithri,Padmini,Thangavelu | Superhit Tamil Movie | Re Master 4K",https://www.youtube.com/watch?v=VU6YpToRbBA,அடுத்தவன்  பொண்டாட்டி காச்சுனா கொழம்பு  நல்லா   தானடா   இருக்கும் | Goundamani comedy | 4K video,https://www.youtube.com/watch?v=H_nLz0tDReM,"Thiril | Vikram, Laila, Manivannan,Mandra | Superhit Tamil Movie | Re Master Video | 4K Video",https://www.youtube.com/watch?v=9O5ifZThl1s,"Andru Sindhiya Ratham | Jaisankar,Padmapriya,Manorama,Sunandhini | Superhit Tamil Action Movie | 4K",https://www.youtube.com/watch?v=RpVKV-z2svk
855,ATHLEAN-Xï¿½,Howto & Style,United States,2006.0,Dec,16.0,UCe0TLA0EsQbE-MjuHXevj2A,2654301675,14100000,False,1616,"How to Fix Your ""FLAT"" Triceps (GUARANTEED)",https://www.youtube.com/watch?v=TzWgv2BeITs,The 3 Greatest Rear Delt Exercises (NOT FLYS!),https://www.youtube.com/watch?v=QfDqL93fr3A,The #1 Incline Curls Tip You’re Forgetting!,https://www.youtube.com/watch?v=slC0OBYb7EI,Sacha Baron Cohen Body Transformation (EXPOSED!),https://www.youtube.com/watch?v=MTDAe-DCgtY,Do This Right Before Bed EVERY Night,https://www.youtube.com/watch?v=0JeQlfQ5iCg
856,My Mate Nate,Comedy,Thailand,2014.0,Dec,8.0,UC7rtE7hSTaC8xDf5v_7O1qQ,4585796832,15000000,False,1611,เล่นซ่อนแอบพรางตัว กับชนเผ่าแอฟริกา!! เขาจะหาเจอไหม?!!,https://www.youtube.com/watch?v=DNqPAbgjFQg,ผจญภัยกลางป่าแอฟริกา 24ชั่วโมง กับชนเผ่ากินคน!! [Ver.2025],https://www.youtube.com/watch?v=vD2MOlti7ek,"[LIVE] กีฬาเขวี้ยงบอล [Dodgeball] Ft. SPD, MooWan, MyMateNate!!",https://www.youtube.com/watch?v=HGWhCeIPKUI,[EP.2] เกือบตาย!! พิชิตยอดภูเขาไฟที่สูงที่สุดในโลก!!,https://www.youtube.com/watch?v=gv4YCVbQ45o,"[EP.1] พิชิตยอดภูเขาไฟที่สูงที่สุดในโลก!! สูง 6,000 เมตร!!",https://www.youtube.com/watch?v=I0HOE-5MKMw
857,H2ODelirious,Gaming,United States,2007.0,May,24.0,UCClNRixXlagwAd--5MwJKCw,4596814569,13600000,False,4510,THIS SPIDER GAME SCARED THE HELL OUT OF ME…,https://www.youtube.com/watch?v=bv0w1xz2p84,She Laughed at My Tiny Fish… Am I Doomed chat? 😩🎣,https://www.youtube.com/watch?v=OVb4zjlpH3A,This Fishing Game is Both FUN & STRESSFUL…,https://www.youtube.com/watch?v=gJCgYK_UV9Q,We Got Ambushed On Our Own Spaceship! (WILDGATE GAMEPLAY),https://www.youtube.com/watch?v=6MK9UPF2fA8,THIS GAME MADE US LOSE OUR MINDS,https://www.youtube.com/watch?v=h8POsQGsqNI
858,GMA Integrated News,News & Politics,Philippines,2007.0,Oct,29.0,UCqYw-CTd1dU2yGI71sEyqNw,13433355852,17100000,False,399011,"Suspek na nambugbog umano sa babae hanggang mamatay, arestado | 24 Oras",https://www.youtube.com/watch?v=Qc7UBab4JAg,"Saksi: (Part 2) Suspek sa illegal na pagbebenta ng armas, arestado; Bagong-silang na sanggol na...",https://www.youtube.com/watch?v=0_VTMAkbq7A,"Saksi: (Part 3) Kuwento ng buhay ni Shuvee Etrata, mapapanood sa ""Magpakailanman""",https://www.youtube.com/watch?v=YbOKYanOlUU,"Saksi: (Part 1) Pag-archive sa impeachment complaint laban kay VPSD; 1,500 pamilya sa Tondo,...",https://www.youtube.com/watch?v=zsyLtj8yKCU,"Simbahan, ipinasara matapos duraan umano ng isang vlogger ang lalagyan ng holy water;... | Saksi",https://www.youtube.com/watch?v=3vyTMAm9NBY
859,Peet Montzingo,People & Blogs,United States,2014.0,Jun,1.0,UC1WbRuMMzbzUfBG65x1FmXQ,17477919794,22300000,False,543,Helping My Big Sis Get Smarter🙃,https://www.youtube.com/watch?v=uj3iL_F7FlA,POV The Uncle Has ADHD,https://www.youtube.com/watch?v=-NSgVlR50y4,We Broke Our Promise🥺,https://www.youtube.com/watch?v=SWPO5_oIksE,FINALLY Part Of The Family🤗,https://www.youtube.com/watch?v=sQw5Ut7s2vI,Hotel Cecil LIVE + PLAY,https://www.youtube.com/watch?v=aZaKmqw0p88
860,The Q,People & Blogs,United States,2006.0,Jan,17.0,UCZdGJgHbmqQcVZaJCkqDRwg,4446431720,13200000,False,340,Get Your Pool Ready for the Season Effortlessly,https://www.youtube.com/watch?v=BOyGtzDTvQM,Essential Tool for Every Bike,https://www.youtube.com/watch?v=2tospZpWYUA,How to Save Money in 2025 with Coupert,https://www.youtube.com/watch?v=3T-Mk4ilhp0,Post-Party Disaster vs. A $2000 Pool Robot,https://www.youtube.com/watch?v=pYLInzgS6KY,Scuba X1 vs The Mystery of the Missing Ring!,https://www.youtube.com/watch?v=lR043ihuEYw
861,Trakin Tech,Science & Technology,India,2011.0,Nov,2.0,UCEPL07qzVsOcHd3sMUws65g,3035049245,15200000,False,4300,My First EV is Smarter Than a Phone!? 🤯 ⚡️ Full Tech Tour!,https://www.youtube.com/watch?v=14q0qeK6hNs,"Aadhar Big Update, OPPO K13 Turbo 2X,XXX?😲, OnePlus 15R Specs?, Apple AI Browser, vivo Y400-#TTN1698",https://www.youtube.com/watch?v=-SpQNke_CgE,"HP OmniBook 5 Next-gen AI PC Unboxing & First Look⚡️Best Laptop For Students@₹69,999* Ft.SnapdragonX",https://www.youtube.com/watch?v=XMJd6Q7KJqI,Top 8+ Crazy Apps You Must Try ⚡️ Best Android Apps | August 2025,https://www.youtube.com/watch?v=jv5Y1KJopc0,"UPI Major Changes, Infinix GT 30 Launch, iQOO 8000mAh😲,realme N Series, 3Bn+ iPhones, JioPC-#TTN1697",https://www.youtube.com/watch?v=ByIVi74AAeY
862,theRadBrad,Gaming,United States,2006.0,Nov,27.0,UCpqXJOEqGS-TCnazcHCo0rA,6500445799,13800000,False,8853,The HARDEST Game I've Played In Years... WUCHANG FALLEN FEATHERS (Walkthrough Gameplay Part 6),https://www.youtube.com/watch?v=fwXp_XlQvpE,These BOSSES Absolutely WRECKED Me... WUCHANG FALLEN FEATHERS (Walkthrough Gameplay Part 5),https://www.youtube.com/watch?v=PfHIolfFX14,NINJA GAIDEN RAGEBOUND - A Hack & Slash Game From The BLASPHEMOUS Team (Walkthrough Gameplay Part 1),https://www.youtube.com/watch?v=XZWu2hs3ES8,This BOSS Had Me Fighting For My Life... WUCHANG FALLEN FEATHERS (Walkthrough Gameplay Part 4),https://www.youtube.com/watch?v=jNoaNkmxnkE,SUIT FOR HIRE - An Intense JOHN WICK Inspired Action Shooter (Walkthrough Gameplay Part 1),https://www.youtube.com/watch?v=50YWFh3Y8yo
863,Matt Steffanina,Entertainment,United States,2007.0,Nov,28.0,UCczFdwWpVEpoqb-eMm4c4dQ,4456874260,15100000,False,886,The videographer took it to the next level 😱,https://www.youtube.com/watch?v=cUUh-vo7sRo,11 year old asks to dance with me and this happened 🤯,https://www.youtube.com/watch?v=s2reySDbx28,11 year old asks to dance with me and this happened 🤯,https://www.youtube.com/watch?v=vvt45Ud0bZ8,11 year old asks to dance with me and this happened 🤯,https://www.youtube.com/watch?v=lPtUf_yU3RU,11 year old asks to dance with me and this happens 🤯,https://www.youtube.com/watch?v=pqajQC88y-o
864,Stray Kids,People & Blogs,,2007.0,Mar,17.0,UC9rMiEjNaCSsebs31MRDCRA,8311258192,20900000,False,1627,[Stray Kids : SKZ-TALKER GO! Season 5] Ep.21 ORLANDO,https://www.youtube.com/watch?v=qDHBObxCC9E,양🐾 냥🐾 #StrayKids #스트레이키즈 #리노 #LeeKnow #아이엔 #I_N #YouMakeStrayKidsStay,https://www.youtube.com/watch?v=NsGtRVmLYTI,[2 Kids Room 2025] Ep.05 Bang Chan X HAN,https://www.youtube.com/watch?v=dH75H1E-QuY,🐿️(＞_＜💕) 🐶(💭귀엽땨) #StrayKids #스트레이키즈 #한 #HAN #승민 #Seungmin #YouMakeStrayKidsStay,https://www.youtube.com/watch?v=L3hxnAZQFrk,hip hip ∞ #StrayKids #스트레이키즈 #KARMA #CEREMONY #StrayKidsComeback #YouMakeStrayKidsStay,https://www.youtube.com/watch?v=IKkZJA7Prak
865,Kurt Hugo Schneider,Entertainment,United States,2007.0,Oct,16.0,UCplkk3J5wrEl0TNrthHjq4Q,4054815953,13500000,False,739,"""Let Her Go"" but from her POV... (ft. Madilyn Bailey)",https://www.youtube.com/watch?v=YIBWRvcXxUY,When you need 1 more note...,https://www.youtube.com/watch?v=Nh_WFgbbZ_I,A pun no one asked for 😎         #afeelinggood #afeela #sonyhondamobility #wonderbound #ev #ad,https://www.youtube.com/watch?v=lK78GtvUK40,2024 MASHUP!! (Sam Tsui & KHS),https://www.youtube.com/watch?v=q71A0nFUx5M,Auld Lang Syne... but played on the Weirdest Instrument,https://www.youtube.com/watch?v=wjvsKhHM3Dk
866,Vogue,Entertainment,United States,2008.0,Jun,29.0,UCRXiA3h1no_PFkb1JCP0yMA,5952915891,15800000,False,5332,Hailey Bieber’s Quick Everyday Morning Routine | Beauty Secrets | Vogue,https://www.youtube.com/watch?v=9wdisivSWYU,Sofia Richie Grainge’s Elegant Beauty Routine | Beauty Secrets | Vogue,https://www.youtube.com/watch?v=JAoVS-Izvh8,"Brandy & Monica Break Down 19 Looks, From ""The Boy Is Mine"" to ""Cinderella"" | Life in Looks",https://www.youtube.com/watch?v=CYAtPMM2xuc,Inside Doechii’s Louis Vuitton Bag | In The Bag | Vogue,https://www.youtube.com/watch?v=_XaBXozEwPY,Sophie Turner Makes Butter & Parm Pasta | Now Serving | Vogue,https://www.youtube.com/watch?v=x7h0WKE_prk
869,VexTrex,Entertainment,Ukraine,2014.0,Sep,8.0,UCE_URvMQZgvPqd8rzlFF58A,59330778,12900000,False,724,Lion Family | Don't Be Sad! Mommy Before And After Having Baby | Cartoon for Kids,https://www.youtube.com/watch?v=DydteOyZdss,Lion Family | Built a SECRET McDonald's in the Room |Cartoon for Kids,https://www.youtube.com/watch?v=UGD69TCT3Vo,Lion Family | Princesses vs Zombies  Learning to Share the Room and other Fun Stories |Cartoon,https://www.youtube.com/watch?v=-xx1Z3HWL5s,Lion Family | Police Is Saved by Daddy - Learn Safety Tips for Kids |Cartoon for Kids,https://www.youtube.com/watch?v=a_v0UWIIwto,"Lion Family | Good Doctor vs Bad Doctor, Who Will be Loved More Educational Videos |Cartoon for Kids",https://www.youtube.com/watch?v=RsqCwHxaiFI
870,penguinz0,Gaming,United States,2007.0,May,7.0,UCq6VFHwMzcMXbuKyG7SQYIg,11904590757,17100000,False,6487,Resident evil marathon is back,https://www.youtube.com/watch?v=Qdh8pCzpeKM,Resident evil marathon is back,https://www.youtube.com/watch?v=tdngZzYVtXE,This Comedy Movie is Actually Good,https://www.youtube.com/watch?v=04YFEbUxyZ8,First Game to Startle Me in Years,https://www.youtube.com/watch?v=ytpNozxv6tE,Resident evil marathon is back,https://www.youtube.com/watch?v=AUuksMepUWI
871,Just For Laughs Gags,Comedy,United States,2007.0,Jan,14.0,UCpsSadsgX_Qk9i6i_bJoUwQ,8281516222,14100000,False,8025,Honda Civic Prank | Just For Laughs Gags,https://www.youtube.com/watch?v=0A1IdPWjSE4,Plastic Surgery Prank 🪡 | Just For Laughs Gags,https://www.youtube.com/watch?v=HNW0iaPY-Sw,Criminal Escapes Prison 👮 | Just For Laughs Gags,https://www.youtube.com/watch?v=rPhq0DtDZFE,Team Jeremiah Be Like: 🧿👄🧿  | Just For Laughs Gags,https://www.youtube.com/watch?v=BwM7Zb4UU1U,She Caught Her Boyfriend Cheating | Just For Laughs Gags,https://www.youtube.com/watch?v=CTNJkSG1iSg
872,Kabita's Kitchen,Howto & Style,India,2014.0,Oct,7.0,UCChqsCRFePrP2X897iQkyAA,3613330450,14400000,False,2138,रक्षाबंधन स्पेशल मखाना कोकोनट रोल | No Cooking Mithai | ⁨@ChefRakeshSethi⁩ | Rakhi Special Recipe,https://www.youtube.com/watch?v=s6dfXBXqOic,A true honour to be cooking alongside the legendary @ChefRakeshSethi | #shorts | kabitaskitchen,https://www.youtube.com/watch?v=TnrB3Q5SlEk,Vrat ke liye gujrati farali pattice | #shorts | kabitaskitchen,https://www.youtube.com/watch?v=XPRhhkljz18,Esliye dost jaruri hote hai 🤪🤪 | happy friendship day | #shorts | kabitaskitchen,https://www.youtube.com/watch?v=73D3oWrht3Y,हेल्दी मसाला रोटी | Healthy Ragi Masala Roti | Gluten Free Recipe | Weight Loss Recipe by Kabita,https://www.youtube.com/watch?v=-3wAPRKfoFs
873,BanderitaX,Gaming,Saudi Arabia,2013.0,Aug,20.0,UCxEGVXh6fi-XYo58NZrbIHQ,6198149089,20000000,False,1991,فاميلي فيود فالكونز ضد بيكس,https://www.youtube.com/watch?v=Hm94qE4Mm3M,بندريتا حارس امبقالة,https://www.youtube.com/watch?v=U_3L2W-fsDA,بث الـ 20 مليون مشترك !,https://www.youtube.com/watch?v=ppBp7AeVlAc,بث الـ 20 مليون مشترك !,https://www.youtube.com/watch?v=K76QqoAXVdo,لعبة الحبار لكن انا المدير !,https://www.youtube.com/watch?v=sDHomdSGBSg
874,AzzyLand,Gaming,Canada,2015.0,May,8.0,UCzeB_0FNcPIyUSjL_TL5lEw,6631004830,13000000,False,1871,"Travelled 10,000 miles to get CAKED IN THE FACE by Steve Aoki",https://www.youtube.com/watch?v=vys9CQnfcew,The most CONTROVERSIAL BARBIE DOLLS ever made,https://www.youtube.com/watch?v=3LL8O-OCnb8,Apparently diving off this tower makes you a man ???,https://www.youtube.com/watch?v=MWtGxU3qG14,Have you heard of this? (Its not quicksand!😉) #shorts,https://www.youtube.com/watch?v=HbtdLpcYuB0,Entitled people on TikTok that got OWNED!,https://www.youtube.com/watch?v=IdNQc6QfkvU
877,Brawl Stars,Gaming,Finland,2017.0,Apr,28.0,UCooVYzDxdwTtGYAkcPmOgOw,3623861266,22700000,False,314,I woke up in a new brawlgatti,https://www.youtube.com/watch?v=lvVmH4uamF8,Do NOT eat Doug's wiener! (Brawl Stars Animation),https://www.youtube.com/watch?v=sMiHAOUe6ow,GRRRRRR!!! 🐲🤘🎸,https://www.youtube.com/watch?v=rLeEKRI9JAQ,what should Kenji cut next? ⚔️,https://www.youtube.com/watch?v=Ef9tCniKBRk,I wanna run awaaay,https://www.youtube.com/watch?v=sXemLCbbZCY
878,Ei Nerd,Entertainment,,2007.0,Nov,19.0,UCt_4wzTQqmcUvemNkeO0plA,4206432620,14100000,False,8625,INVADI KONOHA COM O ITACHI! JOGANDO FREE FIRE! [GAMEPLAY INSANA],https://www.youtube.com/watch?v=lE4D16W522c,INVADI KONOHA COM O ITACHI! JOGANDO FREE FIRE! [GAMEPLAY INSANA],https://www.youtube.com/watch?v=Lkfrt_jcS-I,"SUPERMAN SALVA, MAS O QUARTETO FANTÁSTICO MATA!",https://www.youtube.com/watch?v=CPq4T4POXUc,MILES MORALES BANIDO DO UCM? LIVE ACTION VAI CHEGAR JUNTO COM VINGADORES! ENTENDA!,https://www.youtube.com/watch?v=adLquIzg178,AGORA A TRETA COMEÇOU DE VERDADE! UM NOVO TIPO DE INIMIGO APARECEU! - GACHIAKUTA EP. 04,https://www.youtube.com/watch?v=XtM6LbxMsd8
879,Sonotek Bhakti,Entertainment,India,2010.0,Dec,27.0,UC3oQ1986eLZ4MhyPBiu54PA,4522845501,15400000,False,9652,Raksha Bandhan Song 2025 | Raksha Bandhan | रक्षा बंधन | Rakhi Song 2025 #रक्षाबंधन गीत | Rakhi Song,https://www.youtube.com/watch?v=_LkFSNFc_Fw,"LIve Om Namah Shivay Mantra , Shiv Dhun Live, Shiv Mantra Live , #OmNamahShivay,ॐ नमः शिवाया ॐ नमः",https://www.youtube.com/watch?v=gdLO3_7c8aU,Raksha Bandhan Song 2025 | Raksha Bandhan | रक्षा बंधन | Rakhi Song 2025 #रक्षाबंधन गीत | Rakhi Song,https://www.youtube.com/watch?v=gaBORBHNMFQ,Live बुधवार भक्ति भजन~आज बुधवार के दिन यह गणेश वंदना सुनने से गणेश जी प्रसन्न होते हैं,https://www.youtube.com/watch?v=O1fy2efukBc,"2025 जन्माष्टमी स्पेशल | नॉनस्टॉप कृष्ण भजन | जन्माष्टमी भजन 2025 | NonstopJanmashtami Bhajan,Bhakti",https://www.youtube.com/watch?v=9nvDjJ-Oat4
880,Vilmei,,Indonesia,2013.0,Sep,25.0,UC90xz-i20jmoZhI8RMLzzjA,7975400988,22800000,False,3541,RAMA GAK MAU SEKOLAH LAGI !,https://www.youtube.com/watch?v=1g-OOckquGM,VILMEI DAN RAMA BARBIE TREND !!,https://www.youtube.com/watch?v=VZSQCSJY-_o,RAMA IKUT TREND BARBIE !!,https://www.youtube.com/watch?v=RcVrM0_Ps6c,DARURAT RAMA NGAMBEK GAK MAU SEKOLAH !!,https://www.youtube.com/watch?v=0hsov2kFDXY,hari yang mantap,https://www.youtube.com/watch?v=HufXPxR0ghU
881,MC Divertida,Entertainment,Brazil,2018.0,Jan,17.0,UCllJguE1AIxYBmZJ8NUWiHg,8463858786,18200000,False,637,Divertidas Atividades de VERÃO para crianças | Compilado,https://www.youtube.com/watch?v=mkhLwadqA2g,MC Divertida procura nova casa de papelão para morar #shorts,https://www.youtube.com/watch?v=K0x_fycNbVY,Quem pegou meu Bobbie Goods?  MC Divertida e uma história engraçada de mistério para crianças,https://www.youtube.com/watch?v=O6cXuJcNeyM,MC Divertida procura nova casa de papelão para morar #shorts,https://www.youtube.com/watch?v=62labGnBWOI,Maria Clara em Histórias de Mistérios e Boo Boo para crianças | Video for Kids,https://www.youtube.com/watch?v=TTd-S9VDkDM
882,The Infographics Show,Education,United States,2011.0,Feb,26.0,UCfdNM3NAhaBOXCafH7krzrA,6497000013,15200000,False,5672,Why Africa is SO Poor (It's Not Europe's Fault),https://www.youtube.com/watch?v=h-wHZIMtNRE,The South China Sea Just Got Dangerous...,https://www.youtube.com/watch?v=EKPiGeiZuLk,Every Country That Went Nuclear,https://www.youtube.com/watch?v=ey_dCHB4Who,US Civil War in 2025 (It's Closer Than You Think),https://www.youtube.com/watch?v=rdGsP7oNFDo,"THIS is How Serial Killer's Think, According to FBI Profiler",https://www.youtube.com/watch?v=zZ3ts6_zCuY
883,jbalvinVEVO,Music,Colombia,2010.0,Sep,30.0,UCrHL_BF5lHyK43BxLU8-vBQ,22939372443,13000000,False,268,"J Balvin, Gilberto Santa Rosa - Misterio (Official Music Video)",https://www.youtube.com/watch?v=jrC6Bioukc4,J Balvin - Dónde Está Jose? (Official Visualizer),https://www.youtube.com/watch?v=QTRe3_3qacY,"J Balvin, Lenny Tavárez, Justin Quiles - Zun Zun (Official Video)",https://www.youtube.com/watch?v=MB90ipLdT90,"J Balvin, Omega - KLK (Official Video)",https://www.youtube.com/watch?v=017OaP-lZnU,J Balvin - Rio (Official Video),https://www.youtube.com/watch?v=vuddlpgY5J4
885,Technology Gyan,Science & Technology,India,2015.0,Nov,17.0,UC1tVU8H153ZFO9eRsxdJlhA,1569493509,15400000,False,1309,Fantastic Best Phone for You - under 20000 Budget,https://www.youtube.com/watch?v=eKVWEDMK1i0,"₹1 Plan 2GB Data, Poco X8 Pro, OPPO Reno15 200MP, Infinix GT 30 , iPhone 17 Pro Max",https://www.youtube.com/watch?v=Z9535de7BiM,"Oneplus Pad Lite unboxing & test - Best TAB for students @12,999*?",https://www.youtube.com/watch?v=9K3rmev47qU,"Lava Blaze Dragon 5G Unboxing & Test - Powerful Budget Phone @8,999*",https://www.youtube.com/watch?v=we9rhoWicGQ,"Redmi note 15 Pro+ Specs ,  Nothing Phone T coming , Vivo V60 First Look , Ullu App Ban, POCO India",https://www.youtube.com/watch?v=G6f_fWi3wKE
886,CookingShooking Hindi,People & Blogs,India,2017.0,Apr,4.0,UCTbNOCtAGaqOEnLMeo3JTeg,1953537640,13500000,False,393,दिवाली की थाली - #JioMartBestivalThaali - हलवाई जैसी रसमलाई & मुरुक्कू रेसिपी | CookingShooking,https://www.youtube.com/watch?v=BNOoVKrr0p8,लसुनी पालक पनीर बनाने का तरीका - Lasooni Palak Paneer Dhaba Style - CookingShooking Hindi,https://www.youtube.com/watch?v=b_o0aJd5FWc,हॉट चॉकलेट रेसिपी - THICK Cafe Style & 2 Min Instant Hot Chocolate Recipe - CookingShooking,https://www.youtube.com/watch?v=rdU5qbwpGgY,चीज बॉल रेसिपी - cafe style crispy cheese balls - CookingShooking Recipe,https://www.youtube.com/watch?v=VFjhVtFxZ7o,स्वीट कॉर्न चाट - 3 Flavors American Butter Masala Cheese Sweet Corn Recipe - CookingShooking,https://www.youtube.com/watch?v=-JOXyrbA8PY
887,Ryan Trahan,Entertainment,United States,2022.0,Jun,27.0,UCnmGIkw-KdI0W5siakKPKog,5151659344,21300000,False,464,We Visited 50 States in 50 Days!,https://www.youtube.com/watch?v=HJmXETKURqc,I Visited 50 States in 50 Days - Day 49,https://www.youtube.com/watch?v=pwLtahjIrbA,I Visited 50 States in 50 Days - Day 48,https://www.youtube.com/watch?v=YIJNJEF4cVw,I Visited 50 States in 50 Days - Day 47,https://www.youtube.com/watch?v=o0thPHHWeYg,I Visited 50 States in 50 Days - Day 46,https://www.youtube.com/watch?v=scKGhpSv_xw
888,Alex Gonzaga Official,People & Blogs,Philippines,2017.0,Jul,18.0,UC6N-9Wh0DYhDI8sQS7jwjVA,1835450188,14800000,False,460,8.8 na kaya add to cart mo na yan sizzz!! Basic but sexy from SIZZIES PH!,https://www.youtube.com/watch?v=X6DF7b8pBwc,"August 4, 2025",https://www.youtube.com/watch?v=ifV60OZqXQE,Ang cute magsalita ni Polly!! May pa “look look” pa 😭😂,https://www.youtube.com/watch?v=BdnYPT9IBOk,The best jumpsuit!! Get your SIZZIES dahil Payday sale ulit!,https://www.youtube.com/watch?v=WpvxcHY_nbk,Pa-birthday Namin Kay Nanay By Alex Gonzaga,https://www.youtube.com/watch?v=VAUZQe7cl6c
889,WiederDude,,United States,2016.0,Jun,12.0,UCpDNnvxEf3iWuJbtmUk6DnA,3486814614,14900000,False,372,Minecraft: How to Build a Modern House Tutorial (Easy to Follow) #75 - Interior in Description!,https://www.youtube.com/watch?v=9QINaDC-kkM,Minecraft: How to Build a Modern House Tutorial (Easy to Follow) #74 - Interior in Description!,https://www.youtube.com/watch?v=Yxuov_xo0FQ,Minecraft: How to Build a Small Modern House Tutorial (Easy) #73 - Interior in Description!,https://www.youtube.com/watch?v=4dunI6vEVVI,Minecraft: How to Build a Mega Modern House Tutorial (Easy to Follow) #72 - Interior in Description!,https://www.youtube.com/watch?v=3j6gt_GDsW4,Minecraft: How to Build a Small Modern House Tutorial (Easy) #71 - Interior in Description!,https://www.youtube.com/watch?v=g1PompD73-s
890,Ian Boggs,Entertainment,,2010.0,Mar,25.0,UC9yadlAEiyOUNa3y4dnuYFg,13287744744,18800000,False,1795,Accurate or nah? 🥲🥲 #anime,https://www.youtube.com/watch?v=xUVPO-HFMoE,When someone doesn’t like #anime 🤨🤨 Accurate or nah? 😂👀,https://www.youtube.com/watch?v=HGevvvZW6Z4,When someone says they don’t like #harrypotter 😭😭,https://www.youtube.com/watch?v=FJUQwuPZHSk,When someone you like also likes anime… 👀 #anime,https://www.youtube.com/watch?v=zLy1Ac9ycVE,Bro in the wrong universe fr 😂 #anime #naruto,https://www.youtube.com/watch?v=RHvkqL53HmA
891,Lokdhun Punjabi,Music,India,2010.0,Dec,27.0,UCHcDpS0TXITVs0ZrBSIsEsA,5849253969,14300000,False,1225,#Dooriyan | #pavdharia | #lokdhunpunjabi,https://www.youtube.com/watch?v=nk_7ld-0SbE,Dooriyan - Pav Dharia ( OFFICIAL VIDEO ) | Latest Punjabi Songs 2025,https://www.youtube.com/watch?v=FFlbCy_ZmXo,CHOR DIL (Full Movie) Jagjeet Sandhu  | New Punjabi Movie 2025 | Latest Punjabi Movies 2025,https://www.youtube.com/watch?v=87mviMQPwds,#RoseRosyTeGulab 🌹 ❤️ Full Film Watch Now #gurnambhullar #maahisharma #pranjaldahiya,https://www.youtube.com/watch?v=Mm2SO6qBn0I,#RoseRosyTeGulab Full Film Out Now on Youtube @gurnambhullar,https://www.youtube.com/watch?v=3NTYCnzA10c
893,Painzeiro,People & Blogs,Brazil,2015.0,Nov,6.0,UCCnl0HqjHFj6akQZBW81whQ,4542217432,21700000,False,1563,GANHAMOS SUPER PODERES 5 | Missão Superman,https://www.youtube.com/watch?v=3640CEAAunI,TEM UMA PORTA SECRETA NA MINHA CASA,https://www.youtube.com/watch?v=QFZx-VO063k,CONSTRUÍ UM ABRIGO DE SOBREVIVÊNCIA NA FLORESTA,https://www.youtube.com/watch?v=KGp5PlYEtXs,"CAMA ELASTICA DE R$1, R$100, E R$1.000 REAIS",https://www.youtube.com/watch?v=wQwNmpfC-UM,IGNORANDO MINHA FAMILIA POR 24 HORAS,https://www.youtube.com/watch?v=Pa05YhrErZk
894,Peppa Pig em Portuguï¿½ï¿½ï¿½ï¿½ï¿½ï¿½ï¿½ï¿½ï¿,Film & Animation,Brazil,2014.0,May,6.0,UCAOtE1V7Ots4DjM8JLlrYgg,31071556599,41200000,False,8522,RAINSTORM on the Beach ☔️ Peppa and George Get Soaked! 🏝️ Peppa Pig Full Episodes | 20 Mins,https://www.youtube.com/watch?v=sPXweO6TmgU,🔴 Peppa Pig SEASON 2 LIVE! 🎬  FULL EPISODES 🍿 Adventures with Peppa 🌟 Kids Cartoons 🔴,https://www.youtube.com/watch?v=ykVydyLloUQ,Peppa Pig BABY Episodes LIVE 🍼 The Cutest Babies in Peppa Pig! 🥹 Watch EVIE Now! 💛 Kids Cartoons,https://www.youtube.com/watch?v=Q_tzBMcz8P4,The Naughty Ducks! #shorts #peppapig,https://www.youtube.com/watch?v=KrMHgPLRy4M,Secret JELLY Dragon Rescue 🐉 SPY Mission 👀 Peppa Pig Full Episodes | 20 Minutes,https://www.youtube.com/watch?v=bvhebex5YKQ
896,Hungria Hip Hop,Music,Brazil,2013.0,Apr,13.0,UCAI8SmRbXgSpP8Zo3xZbxzQ,6217664691,14300000,False,397,Encontrei a minha paz quando entendi o meu propósito #shorts,https://www.youtube.com/watch?v=otWqALdWUgk,Por que falam tão pouco sobre isso? #shorts,https://www.youtube.com/watch?v=2CN19KQSmmw,"Você saberia cantar essa aqui inteira comigo, no palco? #shorts",https://www.youtube.com/watch?v=Z56dpv0Qa0E,O que você faria se fosse com você? #shorts,https://www.youtube.com/watch?v=oehGMYZZ7Sg,Uma conversa que me marcou #shorts,https://www.youtube.com/watch?v=gesJH4hPG08
897,RaptorGamer,People & Blogs,Ecuador,2016.0,Jul,16.0,UCS4OZlj8753fezBtH62TRDg,3328244268,15700000,False,2077,Cuál es el animal que tengo abajo??? #minecraft,https://www.youtube.com/watch?v=SZUF7-d9cgg,Soy Adoptado por Una FAMILIA de la LUNA se DESPIERTA en Minecraft!,https://www.youtube.com/watch?v=7HKrG_bXqko,EL KIOSCO MALDITO 👻 ALGUIEN MURIÓ AQUÍ... Kiosk,https://www.youtube.com/watch?v=Vevz28igsxo,Raptor se hizo popular en una Prisión para CHICAS! 😍 Prisión del AMOR de Solo Chicas en Minecraft!,https://www.youtube.com/watch?v=5CvwIYSgs5Y,ROBA un BRAINROT en REPO 😱 REPO pero hay BRAINROTS ASESINO Raptorgamer,https://www.youtube.com/watch?v=wIm1iXaoJD0
898,RedeTV,Entertainment,Brazil,2011.0,Oct,18.0,UCd7VVhgnd2eCv9JEghvR_1w,5783371079,13600000,False,49769,Ana Hickmann quer casar este ano e Edu Guedes brinca: “Pelo andar da carruagem”,https://www.youtube.com/watch?v=jg1sGJckxyU,Graciele Lacerda é direta ao falar de ciúmes do Zezé di Camargo: “A gente é bem resolvido nisso”,https://www.youtube.com/watch?v=mRGdmIZcYhw,Esposa de Zezé di Camargo brinca com pergunta sobre intimidade do casal: “A culpa é dele”,https://www.youtube.com/watch?v=da599JcjtJg,Sergio Guizé diverte com resposta sobre paternidade: “Fico com o pé atrás”,https://www.youtube.com/watch?v=ep6PePU9nro,Xuxa comemora planos de gravidez de Sasha: “Minha vontade de ser avó é muito grande”,https://www.youtube.com/watch?v=MvcNtx7PAHk
899,twenty one pilots,Music,United States,2009.0,Sep,5.0,UCBQZwaNPFfJ1gZ1fLZpAEGw,6736747398,13900000,False,255,our new album #Breach will be here september 12th,https://www.youtube.com/watch?v=tztyIA6o2g0,THE CLANCY TOUR: BREACH 2025 tickets on sale. LA and Toronto sold out so we're adding shows.,https://www.youtube.com/watch?v=MffFNn-xp-U,after our show in Manchester we drove right to set in London to shoot The Contract,https://www.youtube.com/watch?v=aotRsWGX_vc,getting back on the road. sign up for first access to tickets at twentyonepilots.com/tour,https://www.youtube.com/watch?v=Za_4NZcDRfA,"new song. new video. here is The Contract, the first song on Breach |-/",https://www.youtube.com/watch?v=-GryIFQ3Vxo
900,DJ Khaled,Music,Samoa,2006.0,May,27.0,UC0Kgvj5t_c9EMWpEDWJuR1Q,7488121924,13800000,False,75,TAKE IT TO THE WORLD 🌎 @FIFAClubWorldCup see you in 2025!  #FIFACWC #TakeItToTheWorld,https://www.youtube.com/watch?v=4w1YWIh89_U,"DJ Khaled - SUPPOSED TO BE LOVED ft. Lil Baby, Future, Lil Uzi Vert (LET’S GO GOLFING)",https://www.youtube.com/watch?v=O7uB9l5Z5Bc,"DJ Khaled - SUPPOSED TO BE LOVED ft. Lil Baby, Future, Lil Uzi Vert (FAN LUV)",https://www.youtube.com/watch?v=VEAse01nWu4,"DJ Khaled - SUPPOSED TO BE LOVED ft. Lil Baby, Future, Lil Uzi Vert (Studio Visualizer)",https://www.youtube.com/watch?v=RAf-JnrHRh8,"DJ Khaled - SUPPOSED TO BE LOVED ft. Lil Baby, Future, Lil Uzi Vert (FAMILY VIDEO)",https://www.youtube.com/watch?v=8rWCJ4vgiMc
901,Davie504,Entertainment,Italy,2011.0,May,18.0,UCgFvT6pUq9HLOvKBYERzXSQ,3043113168,13300000,False,923,How Quickly Can You Spend $100 Billion?,https://www.youtube.com/watch?v=ncyrjqjlxJA,this is the most dangerous instrument ever 😱😰💀,https://www.youtube.com/watch?v=9oFenUH7dik,Can I Play This IMPOSSIBLE Guitar Riff on BASS?,https://www.youtube.com/watch?v=HR0CdYoKtDc,This can’t be real 🤯😱😰,https://www.youtube.com/watch?v=D-liYN_0MYY,This must end 😨,https://www.youtube.com/watch?v=NVHGz6efHlw
902,Everson Zoio,Comedy,Brazil,2009.0,Mar,26.0,UChPa3fnlI3RKuzEbeEPKRFw,1042219637,13100000,False,627,🎧DJ ZOIO SET COMPLETO ♬,https://www.youtube.com/watch?v=4H4urOy4QfU,VOCÊ IRIA NUM SHOW MEU ? 🎧      qual cidade você quer ? 👽,https://www.youtube.com/watch?v=ADpMRjdXdyE,🔞AO VIVO NO OMEGLE ATE O YOUTUBE ME BANIR🚫,https://www.youtube.com/watch?v=MGYzdq49v2k,🔞AO VIVO NO OMEGLE ATE O YOUTUBE ME BANIR🚫,https://www.youtube.com/watch?v=lwJrNhS03c4,GRAMPEANDO A LÍNGUA #desafio 🔞,https://www.youtube.com/watch?v=NJq-I62FYA4
903,Calon Sarjana,Entertainment,Indonesia,2016.0,Jan,20.0,UCkCa2NoZlJlfJlMKgZhtKOQ,64887362,12600000,False,338,Inilah Sumber Penghancur Kekayaan Nomor #1 yang Jarang Dibicarakan Orang-Orang..,https://www.youtube.com/watch?v=v1COObaAfxU,Inilah Sisi TERGELAP yang Pernah Dilakukan IS*S! *WAJIB TAU* ❗❗,https://www.youtube.com/watch?v=Y1ENjjBbWOQ,Kumpulan Orang Terbodoh Berikutnya yang Menang Urusan Meninggal Terkonyol di Dunia! (part 5),https://www.youtube.com/watch?v=TuYFh0HEDXc,Mengapa Bisa Restoran Chef Reynold di Australia Berujung Bangkrut? Hutang Menumpuk? Ini Faktanya..,https://www.youtube.com/watch?v=jmYnY8Ah2Pg,Beberapa Kasus Asli Dimana Ada Orang Asing yang Tinggal di Dalam Rumah Pemiliknya!,https://www.youtube.com/watch?v=Fxgx1aaEhWc
904,Lofi Girl,Music,France,2015.0,Mar,18.0,UCSJ4gkVC6NrvII8umztf0Ow,2372727248,15100000,False,263,"I may not have officially graduated yet, but that's not going to stop me from procrastinating 😴",https://www.youtube.com/watch?v=iDO_x4i_DEA,lofi beats to do absolutely nothing to,https://www.youtube.com/watch?v=M8J9zHyyUYc,girl i just graduado 🎓,https://www.youtube.com/watch?v=k_xzPBp14rw,Take a walk through Rio with Lofi Girl’s friend Tiago 🌴,https://www.youtube.com/watch?v=7MXWs_QT6Vg,a mom of a cat that is 💁‍♀️,https://www.youtube.com/watch?v=1Eoy2JH3scg
905,Jomy Production,Entertainment,India,2021.0,Mar,18.0,UC_cdxikvfl_ntmtW6loibKA,6758261661,29400000,False,436,Radhe Radhe 🙏🏻🕉️😭 #shorts #krishna #rakshabandhan #emotional #school #viral,https://www.youtube.com/watch?v=ouYjHFtrJeg,Sautelii Beti 💔😭 Rakshabandhan 😈 #shorts #sad #emotional,https://www.youtube.com/watch?v=3K2Zx-RbJ8c,Respect Students 😈😭💔 Dostii..!! #shorts #funny #maa #squidgame,https://www.youtube.com/watch?v=op_SEHo_WM4,Rakshabandhan 🐕❤️ Dog Love Story 😭 #shorts #love,https://www.youtube.com/watch?v=-eNve4jbPbw,Wait For End 😱👿💔 #shorts #squidgame #maa,https://www.youtube.com/watch?v=hgB034gB9eE
906,GH'S,Gaming,South Korea,2020.0,Jul,7.0,UCdrBnBNLsN4_cH32HWbr9qg,21088811027,25200000,False,997,HUNTRIX'S ALARM ⏰ - K DEMON HUNTERS ANIMATION | GH'S ANIMATION,https://www.youtube.com/watch?v=dvK2pwK7u9I,Enderman Teleport: Now vs Then - MINECRAFT MOVIE ANIMATION | GH'S ANIMATION,https://www.youtube.com/watch?v=Flr8DcXmN8Y,Zoeystery 💕 - K DEMON HUNTERS ANIMATION | GH'S ANIMATION,https://www.youtube.com/watch?v=X3xdhZvoeGo,Bugatti Challenge - K DEMON HUNTERS ANIMATION | GH'S ANIMATION,https://www.youtube.com/watch?v=MlQepQTpod4,The Wind Did It - MINECRAFT ANIMATION | GH'S ANIMATION,https://www.youtube.com/watch?v=qHCk0ezwrLo
907,JesseAndMike,Entertainment,United States,2007.0,Apr,29.0,UCV1JuyDF9Re3HyXFGeqnC7Q,10749665092,13300000,False,781,MAGGOTS CRAWL OUT FACE!,https://www.youtube.com/watch?v=Ke9j2NJYuYQ,SWITCH 2 GETS DESTROYED! #shorts #switch2,https://www.youtube.com/watch?v=Q8k2i-xqzq8,SWITCH 2 ACCIDENTALLY DESTROYED! #shorts,https://www.youtube.com/watch?v=LZ61EVAMZm4,FINGERS SMELL LIKE SKUNK! #shorts #jesseandmike,https://www.youtube.com/watch?v=VTm8dlARtU4,WORM EATS WAY OUT OF SKIN!,https://www.youtube.com/watch?v=kHdWZfu0NCM
908,Wolfoo Channel,,Pakistan,2021.0,Aug,11.0,UCMtQs8QRDylZYddOyh6crKg,110607585,344000,False,214,Health Checkup Day - Funny Challenges for Kids | Wolfoo Channel | Kids Cartoon,https://www.youtube.com/watch?v=pKLRSaJNq1g,Baby Lucy's Arrival 👶🏻 Wolfoo Learns How to Be a Big Brother 👨‍👩‍👧‍👦 | Wolfoo Channel,https://www.youtube.com/watch?v=MMR-hLt7YUU,Wolfoo Turned into a Puzzle!?! 🧩💥 Body Puzzle Mission to Bring Him Back | Wolfoo New Episodes 2025,https://www.youtube.com/watch?v=Ef4iQeKQiTk,Too Cold or Too Hot?! ❄️🔥 Wolfoo & Bufo’s Summer Temperature Battle | Wolfoo Channel | Kids Cartoon,https://www.youtube.com/watch?v=XU9pSP7DbmA,"Lucy, A Girl Joins an All-boys Class?! - Social Rules for Kids | Wolfoo New Episodes 2025",https://www.youtube.com/watch?v=V6i3SrBw8ns
909,Susy Mouriz,Entertainment,Mexico,2017.0,Mar,18.0,UC2Rh-eKkibnZq8pRxYYoSSQ,15339411684,32100000,False,2241,BEBIDA MATCHA,https://www.youtube.com/watch?v=NUdAs7o-ym4,NO LE GUSTA EL PICANTE,https://www.youtube.com/watch?v=zJ3TVVg9Rcw,VENTAJAS DE SER CHIQUITAS,https://www.youtube.com/watch?v=eEHqjYAhEkM,24 HORAS ESPOSADOS,https://www.youtube.com/watch?v=61ecHPduNAA,24 HORAS ESPOSADOS😭| Susy Mouriz,https://www.youtube.com/watch?v=GIkYux8G9xg
910,7 Minutoz,Music,Brazil,2012.0,Jun,4.0,UCe6pKugTDyOPT1Md2DTybbQ,5112859305,13900000,False,577,7 Minutoz - CORINGA E ARLEQUINA já está disponível! #7minutoz #7mz,https://www.youtube.com/watch?v=hNaRXKgawkI,"Os palhaços tão invadindo tudo, e a próxima casa pode ser a sua… #7minutoz #7mz",https://www.youtube.com/watch?v=Vify7KUGDzo,Estreou ontem a nova música do 7MZ: CORINGA E ARLEQUINA 🎪 #7minutoz #7mz,https://www.youtube.com/watch?v=VqnNTBQDqQs,"QUEM RI POR ULTIMO, RI MELHOR #7minutoz #7mz",https://www.youtube.com/watch?v=EbG-FlvosuI,7 Minutoz - CORINGA E ARLEQUINA ft. Amanda Areia e Anny,https://www.youtube.com/watch?v=bq7m7Yzq_2c
911,The LaBrant Fam,Comedy,United States,2012.0,Aug,24.0,UC4-CH0epzZpD_ARhxCx6LaQ,4638328034,12800000,False,632,The LaBrant Family Christmas Morning 2024 With 5 Kids,https://www.youtube.com/watch?v=m7u90CbdGvg,I Legally Adopted Everleigh and Got Cancelled For Praying Over Trump,https://www.youtube.com/watch?v=9lygbCsK3Yk,A day in my life with 5 kids! (LaBrant Family),https://www.youtube.com/watch?v=kBPAHXSY_9Q,Everleigh's 1st day of Middle School!,https://www.youtube.com/watch?v=BXYQmPiYxww,How we really feel about being done having kids,https://www.youtube.com/watch?v=OANUujCxSTA
913,Matheus Yurley,Entertainment,Brazil,2015.0,Jan,27.0,UCwRmte1Z_O942CQ8EXmztXA,1624353,11100,False,239,Matheus Yurley! TROLLEI MINHA NAMORADA SONHANDO COM A MINHA EX APANHEI MUITO,https://www.youtube.com/watch?v=goKW1xkRo4E,Matheus Yurley! TROLLEI MINHA NAMORADA TERMINANDO COM ELA ELA CHOROU,https://www.youtube.com/watch?v=RGL-jVVKyDE,Matheus Yurley! TROLLEI MINHA NAMORADA TERMINANDO COM ELA!! SOLTEIRO DE NOVO,https://www.youtube.com/watch?v=6Q5hgQTI7rg,Matheus Yurley! TROLLEI MINHA NAMORADA USANDO A CALCINHA DELA,https://www.youtube.com/watch?v=5DBf1YgycPo,Matheus Yurley! TROLLEI MINHA NAMORADA VENDENDO NOSSA FILHA!! ELA SURTOU!!,https://www.youtube.com/watch?v=6GChuOSudGQ
914,gymvirtual,Sports,Spain,2010.0,Nov,1.0,UCfwP2H1CDJvssk6g2pm8EgA,2772532325,13600000,False,1865,AUMENTAR Glúteos y Piernas rápidamente | Los mejores ejercicios focalizados 13 minutos 🔥,https://www.youtube.com/watch?v=cwXGVO2zRfU,Rutina de Glúteos y Abdomen en 12 Minutos | Workout Express para Cintura y Cadera,https://www.youtube.com/watch?v=CPHaR4UC68M,Calendario de Entrenamiento GRATIS para TODO el Cuerpo | Rutina Semanal en Casa 💪,https://www.youtube.com/watch?v=hxX_mIFjijg,RUTINA PARA ADELGAZAR Y TONIFICAR Abdomen y Espalda | 12 minutos,https://www.youtube.com/watch?v=M4jaLCqETN0,El Mejor Entrenamiento de Brazos para Principiantes | 11 Minutos SIN PESAS,https://www.youtube.com/watch?v=1j1uTS2ArVE
916,Top Viral Talent,Entertainment,United States,2014.0,Jan,2.0,UCDnEa2HC2eeT-cN3pAKnNTw,1297327542,13300000,False,1813,What's Happening? Nobody Could SEE THAT Coming on AGT 2025! (Week 8),https://www.youtube.com/watch?v=5qiGcM6n0iY,she laid an egg on stage...,https://www.youtube.com/watch?v=GFwQTyHhcC4,Proud Dad Brought to TEARS When Daughters Step On Stage to Surprise Him!,https://www.youtube.com/watch?v=Z5ociVwxUwU,🎤 The HARDEST Song Ever Attempted on AGT… And She NAILED Every Note! 💯,https://www.youtube.com/watch?v=dbQUU5G1MCA,These TINY Kids Took On the TOUGHEST Challenges… and WON!,https://www.youtube.com/watch?v=ntO64sc-xVc
917,Akon,Music,United States,2005.0,Nov,5.0,UCk-YnK2xj2oak3mqWrUYlTA,48295079,99000,False,3427,Дота 2  Возвращение в РЕЙТИНГ !,https://www.youtube.com/watch?v=AlLm8qwf2_w,ДОТА 2 Clavision Masters 2025 | BOOM Esports vs Tundra Esports [BO3],https://www.youtube.com/watch?v=oGtLA2KBYYs,ДОТА 2 Clavision Masters 2025 | PARIVISION vs Xtreme Gaming [BO3],https://www.youtube.com/watch?v=gs4WLw0AqQg,ДОТА 2 Riyadh Masters 2025  Team Spirit vs Team Falcons [BO5] ФИНАЛ !,https://www.youtube.com/watch?v=bAU8XfhWhk4,ДОТА 2 Riyadh Masters 2025 | Team Spirit vs Team Falcons [BO5] ФИНАЛ !,https://www.youtube.com/watch?v=qdcI_0gPq9c
919,Rauw Alejandro,Music,,2014.0,Dec,11.0,UC_Av98lDjf5KvFib5elhpYg,16586216190,15000000,False,236,Buenos Términos | BTS | Part 1  #rauwalejandro,https://www.youtube.com/watch?v=m9m6jZdSpKQ,Rauw Alejandro - Buenos Términos (Official Video),https://www.youtube.com/watch?v=Gs8wHV1pE0c,Carita Linda - Rauw Alejandro - Puerto Rico #rauwalejandro #cosanuestra,https://www.youtube.com/watch?v=pUay-bwuAv0,Carita Linda - Rauw Alejandro - Puerto Rico #rauwalejandro #cosanuestra,https://www.youtube.com/watch?v=ZZHB46ReScQ,Baja Pa' Acá - Rauw Alejandro - Puerto Rico  #rauwalejandro #cosanuestra,https://www.youtube.com/watch?v=R4y4XvbsZug
920,EnriqueIglesiasVEVO,Music,United States,2009.0,May,12.0,UCVttQE6tS_agDSAU61Q65aA,17338895679,12700000,False,154,La Botella (Remix - Official Video),https://www.youtube.com/watch?v=plsXYJWRz_M,ASI ES LA VIDA (Remix - Audio),https://www.youtube.com/watch?v=-0KBqQNyakQ,Enrique Iglesias - Amigo Vulnerable,https://www.youtube.com/watch?v=N-nLNjofE28,"Enrique Iglesias, Ana Mena - Espacio en Tu Corazón (Remix - Audio)",https://www.youtube.com/watch?v=eybl_OPE8LI,"Enrique Iglesias, Bizzey - Fría (Dutch Remix - Audio)",https://www.youtube.com/watch?v=JN6sGOcr8Jg
922,The Shiny Peanut,Education,Indonesia,2016.0,Oct,26.0,UCgiO267R4Qo-SJF2UzH5ccQ,2873011356,12700000,False,2337,Ada Peternakan Terbesar di Bawah Laut? Inilah Hal-Hal Gak Lazim yang Pernah Ditemukan di Bawah Laut,https://www.youtube.com/watch?v=d2hzndwaM_s,Hewan Menyerupai Alien?  Beginilah Penampakan Binatang Teraneh yang Pernah Terekam Kamera,https://www.youtube.com/watch?v=mEb32I5ao2g,Lebih Parah dari Korea Utara?! Inilah Pemimpin Paling Diktator yang Bikin Negaranya Miskin,https://www.youtube.com/watch?v=478NOVlio0Q,Hidup Hemat! Anak Kos Tunjukkan Bisa Makan Murah dengan Cara Ini,https://www.youtube.com/watch?v=NFLhfCW-tQw,"Buron Kelas Kakap KPK?! Inilah Koruptor Terbesar Sepanjang Sejarah Indonesia, Dimana Keberadaannya?",https://www.youtube.com/watch?v=k2fVLtS2yAM
923,Talking Angela,Entertainment,United Kingdom,2014.0,Sep,2.0,UCPcynnZcILjm0e2aaaTuCjw,4237856803,13500000,False,425,Who's the Fastest Hero? 🐞🤩 #TalkingTomHeroDash x #MiraculousLadybug,https://www.youtube.com/watch?v=6cequuIIuQs,Angela's Summer Hits ☀️🎵,https://www.youtube.com/watch?v=MyTTUd-lgsM,Play as Ladybug in Talking Tom Hero Dash 🚨🐞 LIMITED TIME #MiraculousLadybug #TalkingTomHeroDash,https://www.youtube.com/watch?v=KB3n3fQYOvE,💖 ALL EPISODES 💖 Talking Angela: In the City! 💖 Cartoons for Kids,https://www.youtube.com/watch?v=S-VO_AdAJX4,Ouch! Epic Ladybug Crashes 🙈🐞⚡ Talking Tom Hero Dash x Miraculous Ladybug,https://www.youtube.com/watch?v=fv925ariHwA
925,Duo Tiempo De Sol,Music,Spain,2013.0,Mar,26.0,UC7S5EdUYwr7r04MrIjtSPNg,8414342429,14500000,False,570,Top 05 de Canciones Favoritas de Dúo Tiempo de Sol #Shorts #duotiempodesol,https://www.youtube.com/watch?v=mip4O969TSw,Las Botargas bailan Soy una Serpiente #Shorts #30años #duotiempodesol,https://www.youtube.com/watch?v=DpyJRGUMroM,El Dragón y más Canciones Infantiles 🎶 30 Años | Dúo Tiempo de Sol,https://www.youtube.com/watch?v=-3vDmpGO7aU,¡Saludamos a Dúo Tiempo de Sol en sus 30 años! #short #duotiempodesol,https://www.youtube.com/watch?v=ZrzgWJzLHek,Saludo y Velita para Dúo tiempo de Sol en sus 30 años #short #duotiempodsol,https://www.youtube.com/watch?v=JYvOSL2jivI
926,Troom Troom India,Howto & Style,,2015.0,Apr,19.0,UCwP0n9or789Y33-JNNe-tlA,7160256552,13100000,False,2917,वन कलर्ड हाउस चैलेंज! मरमेड vs वैम्पायर सीक्रेट रूम्स!,https://www.youtube.com/watch?v=U6vwvtofjUI,नर्ड से बैलेरिना  कैप्पुचिना तक !  इटालियन ब्रेनरॉट पार्टी में पॉप्युलर कैसे बनें ?,https://www.youtube.com/watch?v=gap5-H06e1A,इस नन्हीं कैट को बचाओ! बैलेरीना कैप्पुचीनो Vs ट्रालालेरो ट्रालाला,https://www.youtube.com/watch?v=9T6Lc1T4Y_E,मुझे टुन टुन साहूर और ट्रालेरो ट्रालाला ने गोद लिया था! बॉम्बार्डिरो क्रोकोडिलो कैसे बनें?!,https://www.youtube.com/watch?v=m_j4BWwVnKc,मैंने एक सीक्रेट रूम बनाया! पुअर vs रिच vs गीगा रिच गर्ल!,https://www.youtube.com/watch?v=paMx_V7u7ls
927,MrSuicideSheep,Entertainment,Canada,2010.0,Apr,9.0,UC5nc_ZtjKW1htCVZVRxlQAQ,7340518946,12700000,False,3778,Illenium - Refuge (feat. Norma Jean Martine),https://www.youtube.com/watch?v=HRx6ujf_bBA,Said The Sky & Parson James - Heavenly,https://www.youtube.com/watch?v=_MIybpzp8ho,Fifteen0Eight - All That I Know,https://www.youtube.com/watch?v=x0KWA2TCQRA,Lyrah - Vertigo,https://www.youtube.com/watch?v=RAtWNItcWfI,Edward Cross  - Bloom,https://www.youtube.com/watch?v=Gu1T-zgqgDw
928,Adam W,Comedy,United States,2015.0,Oct,4.0,UC_k6e2PPDUnxEdMJC9Q044g,17982325936,20600000,False,1003,How we raise kids now,https://www.youtube.com/watch?v=RnuDrvc1R_w,When ur the short friend,https://www.youtube.com/watch?v=KhS7YzYOS1o,Package pants 👖 📦,https://www.youtube.com/watch?v=7skGpwdPug8,Worst surprise ever,https://www.youtube.com/watch?v=8RDD1Hvdlsw,Made for each other,https://www.youtube.com/watch?v=A8OEWvV_630
929,Right to Shiksha,Education,India,2020.0,Apr,23.0,UCl-k7PGX6Cu-Kygzl5XpxhA,617248811,14700000,False,172,Big Egg Vs Small Egg by Right To Shiksha,https://www.youtube.com/watch?v=-0JVpj0WDPE,बंदर नारियल क्यों तोड़ रहे है? By Right To Shiksha,https://www.youtube.com/watch?v=qCv6XbuZGvo,डायनासोर के पंख होते थे? By Right To Shiksha,https://www.youtube.com/watch?v=jSGt8L0Xh0g,नौकरियां क्यों जा रही हैं? By Right To Shiksha,https://www.youtube.com/watch?v=wIln0JWkvWU,Donal Trump का पाकिस्तान प्रेम by Right To Shiksha,https://www.youtube.com/watch?v=vIZ5xcgO-bo
930,Beyoncï¿½ï¿½,Music,United States,2009.0,Sep,2.0,UCoPQ_TWm8JZ5nJv4a5BzSWA,3354309826,483000,False,1149,Krazy In Luv (Rockwilder Remix),https://www.youtube.com/watch?v=vVelneB9-k0,Krazy In Luv (Adam 12 So Crazy Remix),https://www.youtube.com/watch?v=lms9KXh-1Ww,TEXAS HOLD 'EM (PONY UP) REMIX,https://www.youtube.com/watch?v=yWBdzLCqi18,AMEN,https://www.youtube.com/watch?v=vGKpnCJc_KY,FLAMENCO,https://www.youtube.com/watch?v=wFIaAEfL0h0
931,FACT FIRE KING,,India,2020.0,Jul,29.0,UCwnAOMuBD6NJVkyBn2Jg4IQ,11888256775,25100000,False,2559,CHOTU KA HELI COPTER #shorts @FACTFIREKING,https://www.youtube.com/watch?v=a-8faCi5F8c,CHOTU KA MOTU PATLU #shorts @FACTFIREKING,https://www.youtube.com/watch?v=MT9MSBBrzFg,CHOTU KA JUMPING BOLL #shorts @FACTFIREKING,https://www.youtube.com/watch?v=6hr76Grhcyw,CHOTU KA DIRTY CLOTH #shorts @FACTFIREKING,https://www.youtube.com/watch?v=lqrLMlXYogI,CHOTU KA SNACK CANDY #shorts @FACTFIREKING,https://www.youtube.com/watch?v=vAvAyyrgIZI
932,Ian Lucas,Entertainment,,2016.0,Apr,16.0,UCmzDf_a7CCFuxos7hspcWRQ,4608188520,37400000,False,523,Puntuando las caras de mis amigos😱,https://www.youtube.com/watch?v=BOC6gAyScCk,muevelooo💃 #ianlucas #fedevigevani #lukasurkijo,https://www.youtube.com/watch?v=YRhYj6KHNFQ,PASAMOS UNA NOCHE EN MI ANTIGUA MANSIÓN!,https://www.youtube.com/watch?v=fzuPbmUvZT4,A quien lo hizo volver en el tiempo?🥹 #ianlucas,https://www.youtube.com/watch?v=kYWco6ODtFk,MI HERMANO SE REENCONTRÓ CON SUS 3 EX NOVIAS!😳,https://www.youtube.com/watch?v=OK2FLQd4K2o
933,Franco Escamilla,Comedy,Mexico,2007.0,Oct,19.0,UCUjrDJokSX8JavRwy5iUOkA,5683703204,14000000,False,3716,Los Amos del Universo.- Cosas de casados,https://www.youtube.com/watch?v=BzOhH4vMI-g,Los Amos del Universo.- Cosas de casados,https://www.youtube.com/watch?v=f1Ft-KfsYsI,¡Eso es Cruz Azul! #lamesareñoña #francoescamilla #mesa459,https://www.youtube.com/watch?v=3rxrbHkZh_I,La del ventrílocuo. #lamesareñoña #francoescamilla #mesa459,https://www.youtube.com/watch?v=amCNiMKYGeo,"Si baila bachata, le encanta la... #lamesareñoña #francoescamilla #mesa459",https://www.youtube.com/watch?v=Lp1T0KxDPHc
934,Adexe & Nau,Music,Spain,2013.0,Dec,22.0,UCKR6KdJmTdhLVQJnoJu9tRQ,4733052731,12900000,False,637,AyN - Cádiz #los40summerlive 14/7/25,https://www.youtube.com/watch?v=1PAvHzXNDLY,AyN - Ceuta #los40summerlive,https://www.youtube.com/watch?v=TxaMAzRXE44,AyN - Cáceres,https://www.youtube.com/watch?v=0VfHzz6tQ70,AyN - San Pedro del Pinatar,https://www.youtube.com/watch?v=5gvsNFFfKvI,10 Años de Adexe & Nau II (Video Oficial),https://www.youtube.com/watch?v=InY75oBROxw
935,Diana and Roma IND,,United States,2019.0,Nov,7.0,UCGRdNfemQ7iXpacd75SE7rA,7986393335,17500000,False,734,Petualangan Seru Keluarga Diana dan Roma di Festival Mainan!,https://www.youtube.com/watch?v=_FtTiSoX-tk,Petualangan Menyelamatkan Truk Es Krim Ibu!,https://www.youtube.com/watch?v=fjwpDnwEyOU,Sekolah Superhero: Misi Pertama Anak-Anak - Kompilasi Video!,https://www.youtube.com/watch?v=37vnKaJiMo0,Tantangan Oliver di Dalam Mesin GUMBALL,https://www.youtube.com/watch?v=vE-iAVi6nB4,Aturan Keselamatan Kereta Api untuk Anak-anak,https://www.youtube.com/watch?v=QhTDkou1oOk
936,Jass Records,Music,,2012.0,Feb,10.0,UC9Gjog4enoDWRWTaYuamx1g,7388649977,14300000,False,6948,#barkat #ranjitbawa #jassrecords,https://www.youtube.com/watch?v=ynCrlZqYUyk,#nikkenikkechaa #khushipandher #jassrecords #teamjassrecords,https://www.youtube.com/watch?v=IkFUP0rzuTI,#gorgeous #ranjitbawa #jassrecords,https://www.youtube.com/watch?v=uxBCMALv244,#gorgeous #ranjitbawa #jassrecords  #teamjassrecords,https://www.youtube.com/watch?v=_OEjoQlncgQ,#sheesha #jassrecords #teamjassrecords #amarsehmbi,https://www.youtube.com/watch?v=Qew0J91K4tw
937,Future,Music,United States,2020.0,Nov,7.0,UCSDvKdIQOwTfcyOimSi9oYA,13366859395,14600000,False,79,Future - LIL DEMON (Official Music Video),https://www.youtube.com/watch?v=6OxmafNPn3o,Future - LOST MY DOG (Official Music Video),https://www.youtube.com/watch?v=uLy0bbrEhTg,Future - BRAZZIER (Official Music Video),https://www.youtube.com/watch?v=ufWyjtt7A84,"Future, Travis Scott - SOUTH OF FRANCE (REMIX - Official Audio)",https://www.youtube.com/watch?v=JEKO7VRrnuk,Future - BRAZZIER (Official Video Trailer),https://www.youtube.com/watch?v=1Nc1NqmOQbI
938,YoungBoy Never Broke Again,Entertainment,United States,2015.0,Jan,4.0,UClW4jraMKz6Qj69lJf-tODA,16917755286,14500000,False,204,YoungBoy Never Broke Again - XXX [Official Music Video],https://www.youtube.com/watch?v=qJX_Zq-wf4w,YoungBoy Never Broke Again - Wine & Dine [Official Music Video],https://www.youtube.com/watch?v=YBUCyBB8IJo,YoungBoy Never Broke Again - F*ck the Drugs [Official Music Video],https://www.youtube.com/watch?v=3zPVjtXfG7c,YoungBoy Never Broke Again - My Shit [Official Audio],https://www.youtube.com/watch?v=XWjhVQY-TCY,YoungBoy Never Broke Again - Games of War [Official Audio],https://www.youtube.com/watch?v=XYSzfe_Ag4I
939,Blossom,Howto & Style,United States,2017.0,Jun,1.0,UC2WuPTt0k8yDJpfenggOAVQ,5394768144,13000000,False,1475,No more hanger creases or lost jeans with this hanger hack! 🙌👖,https://www.youtube.com/watch?v=5KNQ5P7UA_M,Who knew a slinky could solve my lid chaos? ✨,https://www.youtube.com/watch?v=iyePdQTnGLs,One soda tab = double the closet space 🧠✨,https://www.youtube.com/watch?v=lb6PVsoeEYU,Snatch your waist AND these must-have corset sewing gadgets! 🧷🧵,https://www.youtube.com/watch?v=0vPh6VfDmWs,Turning your bathroom into a five-star experience with this toilet napkin décor! 🧻🌸,https://www.youtube.com/watch?v=iW8iDifJO_o
941,Piuzinho,Gaming,Brazil,2015.0,May,13.0,UCIvBHgnnLSVr9enuPvBuwyw,1144901994,12800000,False,641,SE EU RIR O VIDEO ACABA !,https://www.youtube.com/watch?v=RxWieI3hRF0,Primeira vez no Simulador realista de Tanks !!   (   World of Tanks ),https://www.youtube.com/watch?v=wrSt4y_HT1A,BUZEIRA passou o RATO nos RELOGIOS !! ‹ TENT NAO RI COM PIUZINHO ›,https://www.youtube.com/watch?v=uwXZvuvTuAk,VALE A PENA JOGAR FREE FIRE EM 2025 ?,https://www.youtube.com/watch?v=ovzI1WaZiwU,PIUZINHO REAGINDO A INTELIGENCIA ARTIFICAL !! se rir o vídeo acaba,https://www.youtube.com/watch?v=j_VKV3DYniI
942,Heidi y Zidane,,United States,2019.0,Dec,2.0,UCLVpcJc8LpFclTssfVZ5wGw,7202741825,15400000,False,1169,Heidi y Zidane se convierten en superhéroes y ayudan a un amigo - Historias divertidas,https://www.youtube.com/watch?v=FTufE5ErTko,Heidi y Zidane: ¡Diversión con el Juego de Vasos Coloridos! #shorts,https://www.youtube.com/watch?v=QagG5j-Rc8E,Heidi y Zidane hace Helados de Fruta - Las alegres aventuras de Heidi y Zidane,https://www.youtube.com/watch?v=CTmwFlHVw9A,Heidi y Zidane aprenden a conducir con seguridad - Dibujos Educativos para Niños,https://www.youtube.com/watch?v=eytI-o6wDpw,Diversión con el Juego de Vasos Coloridos con Heidi y Zidane: ¡Desafío y Risas! | Heidi y Zidane,https://www.youtube.com/watch?v=NgTEE0W0Gkw
943,Go Ami Go!,People & Blogs,Colombia,2015.0,Dec,3.0,UCp4Fk7Xy_wYq8sFKcKNrQCA,4705044321,21700000,False,466,Fui al Restaurante de Destino Final del Aire,https://www.youtube.com/watch?v=1zT5YDaRuDE,Intercambie $1 con un Coreano desde mi País,https://www.youtube.com/watch?v=uAfyeJi9q70,Viajé en Avión de Corea Primera Clase ✈️ 🇰🇷,https://www.youtube.com/watch?v=499AEE944mM,Encerrado en la Habitación del Juego del Calamar 🦑,https://www.youtube.com/watch?v=DkPkMngDf6A,Fui a la Cabina de Fotos del Juego del Calamar 🦑,https://www.youtube.com/watch?v=L3n5R_ObvDY
944,Morgz,Gaming,United Kingdom,2014.0,Jun,10.0,UCBwSufNse8VMBvQM_rCSvgQ,3593772924,12600000,False,905,Morgz & Bald Martin go on a 'LADS HOLIDAY',https://www.youtube.com/watch?v=BkQqZy16SkY,POV: Assist in a Charity Football Match! ⚽️ #Shorts,https://www.youtube.com/watch?v=jWaWSQfARfg,Morgz & AngryGinge vs PRO Footballers! ⚽️ #Shorts,https://www.youtube.com/watch?v=DUEqy2cx-_Y,Scoring A Goal Wearing A GOPRO! ⚽️ #Shorts,https://www.youtube.com/watch?v=TNlhWh8sJFk,I Wore a GoPro in a PROFESSIONAL Football Match!,https://www.youtube.com/watch?v=F8GcAEQLIRY
945,CaseyNeistat,People & Blogs,United States,2010.0,Feb,15.0,UCtinbF-Q-fVthA0qrFQTgXQ,3221746735,12600000,False,1117,Planned Obsolescence and the Death of Great Products,https://www.youtube.com/watch?v=MAZRqzcZRKo,New York City Lunch Crisis,https://www.youtube.com/watch?v=EnhXwiPC3rE,The IMPOSSIBLE Camera,https://www.youtube.com/watch?v=Ud2BcD5NC2A,the very WORST Nintendo Switch 2 review.,https://www.youtube.com/watch?v=AjKGToaFDvA,DO HARD THINGS,https://www.youtube.com/watch?v=StMltAX0mp0
947,NickiMinajAtVEVO,Music,United States,2010.0,Apr,1.0,UCaum3Yzdl3TbBt8YUeUGZLQ,9733672729,12400000,False,111,Nicki Minaj - Anaconda (Lyric Video),https://www.youtube.com/watch?v=4bllQDnguPM,"Nicki Minaj - If It's Okay (Visualizer) ft. David Guetta, Davido",https://www.youtube.com/watch?v=p7wJgqeD7wI,Nicki Minaj - Remember Me (Visualizer) ft. Parker Ighile,https://www.youtube.com/watch?v=HGXknm9lZ5Y,Nicki Minaj - Turn Yo Cap Back (Cap Backwards) (Visualizer) ft. Swae Lee,https://www.youtube.com/watch?v=J9WJkjlDeJs,Nicki Minaj - Arctic Tundra (Visualizer) ft. Juice WRLD,https://www.youtube.com/watch?v=OBfCeimLNvQ
948,Ellie Goulding,Music,United Kingdom,2007.0,Jan,29.0,UCt-am4x4ZyeohfgM85qFgdQ,7699546759,13000000,False,256,I’ll Save my Love for You ❤️❤️❤️@marshmello #NewMusic,https://www.youtube.com/watch?v=XIEK4xajvd8,"Marshmello, Ellie Goulding, AVAION - Save My Love (Official Lyric Video)",https://www.youtube.com/watch?v=q6gO89g1hJc,Anyma - Hypnotized (feat. Ellie Goulding) [Live from Sphere Las Vegas],https://www.youtube.com/watch?v=DKvWHjQAGqo,‘Hypnotized' with Anyma is out now 🤍 @anyma_ofc #newmusic,https://www.youtube.com/watch?v=rBFTucb_S58,I was so happy when @HUGELBeats  asked me to jump on this song with my friend @jbalvin #newmusic,https://www.youtube.com/watch?v=OE0liS27_NE
949,colinfurze,Entertainment,United Kingdom,2006.0,Nov,15.0,UCp68_FLety0O-n9QU6phsgw,1858921155,13200000,False,431,Coming home #GTA6 style #secretgarage,https://www.youtube.com/watch?v=JsGNY3gzEQU,Digging a SECRET Garage Part 6 THE COVER UP!,https://www.youtube.com/watch?v=5DajwrI85A0,Lifting the covers of the #secretgarage,https://www.youtube.com/watch?v=yzpWDGvqAlE,Things I put her through. #crazypartnerthings,https://www.youtube.com/watch?v=PL-f7CYVdvk,Neighbours reaction #secretgarage,https://www.youtube.com/watch?v=h5J1znfI1-M
950,People Vs Food,Entertainment,United States,2013.0,Jul,30.0,UCHEf6T_gVq4tlW5i91ESiWg,1435931119,12600000,False,978,Trying & Rating Dumplings From Around The World!,https://www.youtube.com/watch?v=fbjNRTIR9gM,Try Not To Eat: Mario Kart World,https://www.youtube.com/watch?v=PVAuoKqOc-M,Izzy WENT for it #dogfood #punishment #challenge,https://www.youtube.com/watch?v=puVeoswaea8,Firefighters Vs. World’s Hottest Foods!,https://www.youtube.com/watch?v=jFdgVkgDL_o,How fast could you eat a Snack Wrap? #Mcdonalds #challenge #speed,https://www.youtube.com/watch?v=p-6QNzoZI8E
951,Wolfoo Family,,United States,2019.0,Oct,21.0,UCoL0M9swO14BT8u9pTn9MvQ,354594443,12600000,False,211,Oh! What happened to Wolfoo's parents? I Love Mommy & Daddy ❤Wolfoo Kids Stories About Family,https://www.youtube.com/watch?v=jQ05zief-NU,🔴 LIVE: Rich vs Broke Vs Giga Rich Pizza | Family Cooking Challenge | Wolfoo Family,https://www.youtube.com/watch?v=ZVDWMBS7GpI,🔴 LIVE: Wolfoo and Lucy Make DIY Toys with Slides and Bus! | Family Fun Playtime | Wolfoo Family,https://www.youtube.com/watch?v=L1cb4I5sHH0,"Bufo Wonders Where His Mom Is! Rich vs Broke Baby, Who Will Be Loved More? | Wolfoo Family",https://www.youtube.com/watch?v=80SbngQjCcQ,Wolfoo Misses His Nanny! I Exposed the World's Most EVIL Babysitters!🥺 | Wolfoo Family,https://www.youtube.com/watch?v=qdE-PMrB1NM
952,Ja Mill,People & Blogs,,2006.0,Feb,22.0,UCDNbdfdkvfdeoigVTAhm8oA,7605510,1060000,False,32,Napakagandang Camp site sa Nueva Ecija,https://www.youtube.com/watch?v=ar5INiShy-8,OUR FIRST TIME IN HONG KONG (DISNEYLAND),https://www.youtube.com/watch?v=pk7DKYhzc84,FIRST time in Dubai,https://www.youtube.com/watch?v=NuMmHEkvdKM,A DAY IN OUR LIVES,https://www.youtube.com/watch?v=DGflrNxIadk,MY RHINOPLASTY JOURNEY | CAMILLE TRINIDAD,https://www.youtube.com/watch?v=3jPoLpAP1FQ
953,Health Time,Howto & Style,India,2016.0,Sep,25.0,UCPMqs8vxEwbie26nFA3ykAw,1007594094,12400000,False,1608,"1 बार लगाओ चावल और नीम का पानी, चेहरे पर आएगा गजब का निखार",https://www.youtube.com/watch?v=BRd8EpqfE5k,"डिलीवरी के बाद सिर्फ 14 दिन इसे पी लो, पेट की चर्बी होगी गायब!",https://www.youtube.com/watch?v=ma4o_wpAWU8,Health Time is live,https://www.youtube.com/watch?v=IhQooeeQlww,Health Time is live,https://www.youtube.com/watch?v=MuRKjEgN9Wg,Health Time is live,https://www.youtube.com/watch?v=4qta07OMAxg
954,Yair17,Gaming,Mexico,2014.0,Jan,22.0,UCXH1p4gixwXwrUGSx-WvLNQ,1799956212,13700000,False,1389,BARBIE ME DA UN BESO POR KILL EN FREE FIRE *2025* - Yair17,https://www.youtube.com/watch?v=XwKSii9TLHA,PASAMOS UNA NOCHE JUNTOS EN MI CASA CON BARBIE - Yair17,https://www.youtube.com/watch?v=aU4ht_Xa-bg,CHEQUÉ EL CELULAR DE BARBIE Y DESCUBRÍ QUE TIENE A OTRO HOMBRE... - Yair17,https://www.youtube.com/watch?v=WKcjT4hogKo,ME LLAMA OTRA MUJER POR TELÉFONO ENFRENTE DE BARBIE Y ASÍ REACCIONA - Yair17,https://www.youtube.com/watch?v=uxE4qV-buDs,BARBIE ME ENCUENTRA UNA TANGA EN MI CARRO Y TERMINA MUY MAL - Yair17,https://www.youtube.com/watch?v=LOrdy3wcfSY
956,First We Feast,Howto & Style,United States,2014.0,Feb,28.0,UCPD_bxCRGpmmeQcbe2kpPaA,4793771779,14900000,False,2378,Laufey and Clairo rank Taylor Swift albums 😲,https://www.youtube.com/watch?v=K9wj2tcbUtY,6 Hot Ones guests who felt NOTHING 🤐,https://www.youtube.com/watch?v=rfoCrCqyw-g,Laufey vs. Clairo | Hot Ones Versus,https://www.youtube.com/watch?v=LfJDIOoOJ_M,Clairo vs. Laufey on HOT ONES VERSUS 🥵,https://www.youtube.com/watch?v=4-FCWBreff4,THE WINGS OF DEATH ARE BEHIND CODY RHODES 😤,https://www.youtube.com/watch?v=Iz3024IgdxE
958,Bebefinn - Nursery Rhymes & Kids Songs,,United States,2022.0,Mar,30.0,UC-cY4X2sLECUhishGNiyofQ,17863370078,32000000,False,805,🔴LIVEㅣBaby Shark Doo Doo DooㅣTop Songs for Kidsㅣ ⁨@Bebefinn⁩  Nursery Rhyme +More,https://www.youtube.com/watch?v=FGfyvk8gL0s,🔴LIVEㅣTop Songs for KidsㅣBaby Shark Doo Doo Dooㅣ ⁨@Bebefinn⁩  Nursery Rhyme +More,https://www.youtube.com/watch?v=QsCIWS6o8K8,✨ Dive into the Pinkfong World! | Bebefinn Sing-Along Movie #BebefinnMovie #Bebefinn #Shorts,https://www.youtube.com/watch?v=XxPR2HSfxhQ,2025 New Songs for KidsㅣBest Nursery Rhymes of The YearㅣBebefinn,https://www.youtube.com/watch?v=FWobizewBVU,Sounds All AroundㅣEP169ㅣSong for KidsㅣBebefinn Nursery Rhymegs,https://www.youtube.com/watch?v=idycKrjGB3E
959,Troom Troom PT,Howto & Style,,2015.0,Apr,19.0,UCgCQlMYN2XypwYC2wcR32bA,4620183468,12800000,False,3269,Desafio da Casa de Uma Cor! Sereia vs Vampira com Quartos Secretos!,https://www.youtube.com/watch?v=7VPM4MlX554,De Nerd a Bailarina Cappuccina! Como se tornar Popular na Festa do Cérebro Italiano!?,https://www.youtube.com/watch?v=SyqVS7_YbqQ,Salve este Gatinho! Dicas Secretas para Donos de Animais de Estimação!Como Cuidar dos Seus Bichinhos,https://www.youtube.com/watch?v=GdctsQl-Yg4,Fui Adotado por Tun Tun Tun Sahur e Tralalero Tralala! Como se Tornar Bombardiro Crocodilo?!,https://www.youtube.com/watch?v=FcK87WSzQEM,Eu Construi uma Casa Pequena Secreta! Menina Pobre vs Rica vs Super Rica!,https://www.youtube.com/watch?v=mW1_IjINC-w
960,Parafernalha,Entertainment,Brazil,2011.0,May,13.0,UCddYq41_tZ1FnLlguLT6-Ow,4905417556,12700000,False,3285,ELE ENTREGOU EXATAMENTE O QUE PROMETEU #pegadinha #comedia #humor #pranks #shorts,https://www.youtube.com/watch?v=IqbNO1j7a-w,SE ARREPENDIMENTO MATASSE... | CÂMERAS ESCONDIDAS,https://www.youtube.com/watch?v=6ECpLqjeXr4,ME DÁ A MÃO QUE TE MOSTRO COMO SER FELIZ #pegadinha #comedia #humor #pranks #shorts,https://www.youtube.com/watch?v=l4ErFNiLwXs,VAMOS RIR COM VIVI FERNANDEZ DANDO CHOQUE EM GERAL | CÂMERAS ESCONDIDAS,https://www.youtube.com/watch?v=tNmWAqg-uDw,QUAL A NOTA QUE ESSE DETETIVE MERECE? #pegadinha #comedia #humor #pranks #shorts,https://www.youtube.com/watch?v=cgB1yF-4m-o
961,NDTV,Entertainment,India,2006.0,May,8.0,UCZFMm1mMw0F81Z37aaEzTUA,7174686233,15100000,False,233370,"Uttarakhand Cloudburst | Iron Bridge Destroyed By Floods, 12 Villages Cut Off In Uttarkashi",https://www.youtube.com/watch?v=O80iaWCapdE,Uttarakhand Floods | Enroute Uttarkashi: NDTV Captures Fresh Landslide On Camera,https://www.youtube.com/watch?v=wepgFOKu19A,"Trump Tariff | 'Unfair, Unjustified, Unreasonable': India's Sharp Response On Trump's 50% Tariff",https://www.youtube.com/watch?v=37ccvHoZ_e0,50 Tariff On India | India Response To Trump Tariff | Trump 50 Percent Tariff | Donald Trump News,https://www.youtube.com/watch?v=OF1p_RvFdFE,Trump 50% Tariff | Trump Tariffs On India | India Counterstrike On Trump 50% Tariffs,https://www.youtube.com/watch?v=8DSep3-OiOY
962,elcarteldesantatv,Music,Mexico,2008.0,Nov,27.0,UCunw-c0EKIX5LpPo8GpA2Aw,9921556414,13700000,False,404,En el Vicio y la Trampa (VIDEO OFICIAL) | @JIJOE7 ft @RichardAhumada,https://www.youtube.com/watch?v=tx7qycFJdww,Solo pégate y date una vueltita pa ver como es 🔥 #eduardo3ro #babiloniamusic #rap #ppcdsalvc,https://www.youtube.com/watch?v=-CTARTIpmcs,Escucha Ahora Blunt #eduardo3ro,https://www.youtube.com/watch?v=UdaVC-mP02c,El hijo del loco mas loco 😎🔥 #eduardo3ro,https://www.youtube.com/watch?v=-6nRbM6bSlA,12/12 (Video Oficial) @EDUARDO_TERCERO  #EDUARDO3RO,https://www.youtube.com/watch?v=vCekdtlrG6s
963,Family Fitness,Entertainment,India,2017.0,Jan,18.0,UC2UpMSseXzfwDDj6D-b0Fuw,14235,111,False,82,9. Februar 2025,https://www.youtube.com/watch?v=7x9EezYd4hk,JN BotL 25.1,https://www.youtube.com/watch?v=jBaQGOIxqS8,AN BotL 25.1,https://www.youtube.com/watch?v=oEsVoXACPbg,FS BotL 25.1,https://www.youtube.com/watch?v=BV-n2-WkX6Y,Tanja Kühne Video,https://www.youtube.com/watch?v=5xEH8B4s8d0
964,Zee Tamil,Entertainment,India,2008.0,Aug,26.0,UC_wIGmvdyAQLtl-U2nHV9rg,16583262428,17000000,False,173265,"Ninaithale Inikkum - Full Ep - 1324 - Siddarth, Bommi, Deivanayagam - Zee Tamil",https://www.youtube.com/watch?v=O6BPZ75MQOM,"Sandhya Raagam - Full Ep - 576 - Janaki, Sandhya, Maya - Zee Tamil",https://www.youtube.com/watch?v=51VvWWrZno0,Manasellam | Ep - 158 | Webisode | Jul 22 2025 | Zee Tamil,https://www.youtube.com/watch?v=PDDcq1m_yCI,"Karthigai Deepam - Full Ep - 885 - Karthikeyan, Deepa, Abirami - Zee Tamil",https://www.youtube.com/watch?v=zCROBjWSMxI,Idhayam | Ep - 750 | Webisode | Jul 30 2025 | Zee Tamil,https://www.youtube.com/watch?v=K2LEebORWTw
965,Flowers Comedy,Entertainment,India,2015.0,Aug,19.0,UCmAPdImtXLGh5E-lTTH4Qmg,15055475324,14500000,False,28059,നിലാവിലലിഞ്ഞ് പാർവണ...😍,https://www.youtube.com/watch?v=KdYYdQxmvwE,Uppum Mulakum 3 | Flowers | EP # 367,https://www.youtube.com/watch?v=I97TkexyoUs,Ithu Item Vere | Comedy Show | Ep# 309,https://www.youtube.com/watch?v=FGLPXlL_gvw,'ഓപ്പറേഷൻ ചന്ദ്രമതിയ്ക്ക് ' ഒരുങ്ങി അഡ്വ. മോഹൻ തമ്പി!,https://www.youtube.com/watch?v=5zGxwdWxjUc,ചുരുളഴിയാത്ത രഹസ്യങ്ങൾ !,https://www.youtube.com/watch?v=CCRqlAMDjmI
966,Mundo Bita,Music,Brazil,2011.0,Sep,29.0,UC0cGVh96osM7yqMu0ENSKKQ,20486610457,14100000,False,422,Mundo Bita - Festa do Pijama com o Bicho-preguiça,https://www.youtube.com/watch?v=F0sG-b_R21k,Essa música me dá uma fominha 😋 #shorts #mundobita,https://www.youtube.com/watch?v=uhK7El0C09Q,Mundo Bita em Libras,https://www.youtube.com/watch?v=4R9DTwDkbhs,"Depois das férias, é hora de encontrar a galera! 🧡 #shorts #mundobita",https://www.youtube.com/watch?v=8k2z4KDtHDU,Cada caminho tem um meio de transporte 🧡 #shorts #mundobita,https://www.youtube.com/watch?v=866RJjO_TPg
967,Wave Music Bhakti,Music,India,2011.0,Apr,19.0,UCjb5iAXrj1D6NjHJYvDGw7w,5761625867,13700000,False,21503,Madhu Pandey का सबसे प्यारा शिव चर्चा गीत | Najar Lagi Guru Shiv Bhangiya Pe,https://www.youtube.com/watch?v=4pi-HssYNp8,दुवरा काँवरिया करे जयकार | Duara Kanwariya Kare Jaykar | Anjali Kumari | Bol Bam Geet 2025,https://www.youtube.com/watch?v=OKfbwru-MbI,हमरा घर आई गुरु जी || Hamra Ghar Aai Guru Ji || Sapna Singh || Shiv Charcha Geet 2025,https://www.youtube.com/watch?v=MmKuSh-uOw4,Priti Prakash (2025 ) का जबरदस्त शिव चर्चा || कागवा बोल ना | Kagawa Bola Na || Dehati Shiv Charcha,https://www.youtube.com/watch?v=om20Dqn5vKc,Nisha Upadhaya का सबसे प्यारा शिव भजन - महाकाल की दीवानी - Mahakal Ki Deewani | Shiv Bhajan 2025,https://www.youtube.com/watch?v=4cFGQ9wtQh4
968,Troom Troom Indonesia,People & Blogs,,2020.0,Jul,29.0,UCtGmhXT_NSTK5j_r9a9xdYA,5893894559,13600000,False,2423,Tantangan Rumah Satu Warna! Ruang Rahasia Putri Duyung vs Vampir!,https://www.youtube.com/watch?v=PGU6DvapqxI,Dari Kutu Buku Menjadi Ballerina Cappuccina! Cara Menjadi Populer Di Pesta Italian Brainrot!,https://www.youtube.com/watch?v=RwtvizpdOAQ,Selamatkan Kucing Mungil Ini! Ballerina Capuccina vs Tralalero Tralala,https://www.youtube.com/watch?v=eJS85zfs7wE,Aku diadopsi Tong Sahur & Tralalero! Bagaimana jadi Bombardiro Crocodilo?!,https://www.youtube.com/watch?v=42AtZSIsPj4,Aku Membangun Rumah Kecil Rahasia! Gadis Miskin vs Gadis Kaya vs Gadis Super Kaya!,https://www.youtube.com/watch?v=QTImF74Cy7c
969,CKM,Comedy,India,2018.0,Feb,20.0,UCKLnU73XTFYuXhKH5MRVzyw,3201372,20400,False,105,AAMAR CHEHRA KI ACHE JADU | PARULIYA SONG | DJ CKM,https://www.youtube.com/watch?v=5_Q_RiHue-A,NAGPURI DJ REMIX | PAYAL RE PAYAL REMIX  | DJ CKM |,https://www.youtube.com/watch?v=rthg87MQYjw,COD WARZONE GAMEPLAY,https://www.youtube.com/watch?v=VE6P6SH_91A,Chan chala ge chan chala,https://www.youtube.com/watch?v=ZDzOL59mb0M,Jani man kar fashio ( Nagpuri Mashup ) Out Now #coversong #nagpurimusic #djckm,https://www.youtube.com/watch?v=TYEtkFLbzac
970,Quantum Tech HD,Science & Technology,Pakistan,2022.0,Apr,23.0,UC4Tklxku1yPcRIH0VVCKoeA,2625617687,16900000,False,476,Man Builds Cozy House with ABANDONED PALLETS in the Middle of the Forest | by @lesnoy,https://www.youtube.com/watch?v=TfVnUvtUh90,Rescuing Completely DESTROYED TRUCK from RIVER | Will it run? by @RestorationsSkills6886,https://www.youtube.com/watch?v=_BeKnbTcyLU,Man Builds Homemade Volkswagen Beetle From Scratch Using PVC | by @ksthacks,https://www.youtube.com/watch?v=4vOTTBmQjkg,Man Builds TWO-STORY Bamboo Cabin in the Jungle in JUST 3 Days | Start to Finish @UlilEbell,https://www.youtube.com/watch?v=xnI1JQEfTRo,Man Turns RANDOM Things Into AMAZING KNIVES | Start to Finish by @knivesproject3349,https://www.youtube.com/watch?v=2-QKvdH_Qnc
971,_vector_,Comedy,United States,2019.0,Mar,24.0,UCzJ53fi4NuDCYWOk9PtEkCA,23125172484,31300000,False,613,Homemade hologram,https://www.youtube.com/watch?v=8NSC7sU4Y9M,Back cracking gadgets,https://www.youtube.com/watch?v=AJtwSStCqhs,Instant slushy maker,https://www.youtube.com/watch?v=os5R2CUqDUA,Juicing whole fruits,https://www.youtube.com/watch?v=kXhTCTmc9vg,Making a black lightbulb,https://www.youtube.com/watch?v=RF9NQ6EOh0o
972,DEV Ke Facts,,India,2012.0,Sep,29.0,UC2lZDDm1-wTuadQ1qVCZ3dA,6873347020,22800000,False,804,3 Unique Bicycles Gadgets 🚲Part 2,https://www.youtube.com/watch?v=tlzhTdwVLrw,3 Cute Silicon Lamps लेकर आया,https://www.youtube.com/watch?v=ZuJZaS9O_7w,Safety Kit for Bicycling 🚲,https://www.youtube.com/watch?v=foq-iNA8nYA,3 Unique Bicycles 🚲 Gadgets लेकर आया,https://www.youtube.com/watch?v=cVRgpKOW20I,Small vs Big Bicycle 🚲,https://www.youtube.com/watch?v=L08k5K9t2aY
973,Hero Movies 2023,People & Blogs,,2017.0,Feb,22.0,UCGzmSVjq_yQRgcgpA9SBTjw,1852481512,13800000,False,2076,Santhanam Ka Mazedar Comdey Scene,https://www.youtube.com/watch?v=AoZurybO5Wc,ये आदमी दवाई के एक एड के लिए जयम रवि को साइन करना चाहता है | Bhaigiri 2 Dubbed Action Movie Scene,https://www.youtube.com/watch?v=W_5zdA7Zk38,जगपति बाबू के घर मैं आकर उनके आदमियों को रवि तेजा ने मारा | Nela Ticket Dubbed Action Movie Scene,https://www.youtube.com/watch?v=da8AhG38ACw,विशाल इस घर से फोटो लेकर भाग जाता है | Dashing Detective South Dubbed Thriller Movie Scene,https://www.youtube.com/watch?v=-iVIp7AYiE0,"Simha 2 (Full HD) - Balakrishna Superhit Action Hindi Dubbed Full Movie | Manoj Manchu, Deeksha Seth",https://www.youtube.com/watch?v=wZF-Rck2Vtg
974,LOUD,Gaming,United States,2006.0,Jan,4.0,UCTrRtszYvMOgEqL4ClnS7PQ,49016956,118000,False,44,Every day is a date. 💕 #loud #quelquechose #fyp #fy #ptp #reels #shorts,https://www.youtube.com/watch?v=nP8MF7UtZ3o,Loud - Quelque chose (Clip officiel),https://www.youtube.com/watch?v=bMeIHhm7YAE,LA fait reculer l’odomètre de la Blue Volvo le temps d’une tournée éphémère.  #loud #rap #lla,https://www.youtube.com/watch?v=fPwJ7jr6EEM,Loud Lary Ajust - C'est pas ce que tu penses (Clip Officiel),https://www.youtube.com/watch?v=Z_EOU7dTDVs,Plus que 2 jours avant d’illuminer la marquise ✨ #rapfrancais #loud #olympia #paris #rapqueb,https://www.youtube.com/watch?v=YDWE-33BzLU
975,Gibby :),People & Blogs,Mexico,2014.0,Aug,30.0,UCY62oxtmOKk5-JLJOXBMWnA,3084419827,12800000,False,396,PROBANDO DULCES COREANOS 😱😱,https://www.youtube.com/watch?v=HB5fCxLWKfo,GRWM para sacar la INE 😰,https://www.youtube.com/watch?v=b-8E0wQwchY,MI VIDEO MÁS SINCERO... - Gibby :),https://www.youtube.com/watch?v=2V48VBkv5Fg,jejeje 🙈,https://www.youtube.com/watch?v=t7nJ5xIr4Wo,Les ha pasado? 😢,https://www.youtube.com/watch?v=2la__AJ4rNs
977,SAAIHALILINTAR,Entertainment,Indonesia,2012.0,Apr,28.0,UCEIdGryox368qWinrZ9eA8A,1093884788,12200000,False,345,SAAIH HALILINTAR and BABY EL | THE MOVIE,https://www.youtube.com/watch?v=Q6nkdNGYC58,"PRANK FATIM Seharian Nyari HP, TERNYATA DI ATAP! **NANGIS**",https://www.youtube.com/watch?v=fPWe0OUgvNc,PRANK ATTA HALILINTAR KITA DI INDONESIA,https://www.youtube.com/watch?v=ExOCyCnpaPI,NGABUBURIT DI MALL CUMA BELI WARNA IJO CHALLENGE,https://www.youtube.com/watch?v=mGqAOC2V558,QAHTAH SEDIH ABANGNYA GAK BISA NGOMONG LAGI SAMA DIA,https://www.youtube.com/watch?v=Q6vpZ2peaRE
978,Timba Vk,Gaming,Spain,2012.0,Jun,16.0,UCp7wTrsCU7eICb5z69D3rwA,3265982479,13500000,False,1119,ESCALÉ una MONTAÑA con LOS COMPAS 😨💀🏔️ TIMBA VK en PEAK,https://www.youtube.com/watch?v=oe1ktR60uJY,Las CAJAS MISTERIOSAS de EL JUEGO DEL CALAMAR 3 en GTA 5 😱🚗 ¡AGUJEROS con SORPRESAS!,https://www.youtube.com/watch?v=OxuGJH9uVM4,Jugamos al ESCONDITE de EL JUEGO DEL CALAMAR 3 en MINECRAFT 😱🦑 SQUID GAME 3,https://www.youtube.com/watch?v=k2R3A6v--JI,¡El MEJOR ESCONDITE SECRETO de 1 PIXEL! 😂🔎 Los COMPAS en ROBLOX,https://www.youtube.com/watch?v=zmzieIBrxs0,GTA 5 ¡MEGA RAMPA 99% IMPOSIBLE! ✈😡 AVION Vs MOTO,https://www.youtube.com/watch?v=47JlOEvaeEs
979,Heidi and Zidane HZHtube,Entertainment,Canada,2015.0,Nov,24.0,UCAgx4HcQIYn9lM0rhtIuH9w,4848553427,12900000,False,1328,love you daddy 💞💞💞,https://www.youtube.com/watch?v=bx_Tb-SXEHk,We got you Heidi 🤣,https://www.youtube.com/watch?v=dkiDwLq7jLI,Heidi and Friends Water Balloon Pool Challenge! 💦😂🎈,https://www.youtube.com/watch?v=PIq6QXruLTo,Did not expect that from Heidi and Zack 😭,https://www.youtube.com/watch?v=4ib14oivzlA,Guess how many cousins I have? 😍,https://www.youtube.com/watch?v=E9m4H6-UK5Y
981,Zee Kids,Film & Animation,India,2012.0,Jul,6.0,UCWKeZvw4iSZVM2qXKZde58A,10592630424,15900000,False,5011,"Vikram Betal - Ep 7 - Aham Sharma,Makarand Deshpande,Sooraj Thapar - Bengali Tv Serial - Zee Kids",https://www.youtube.com/watch?v=snO-YgwV5G0,Bhootu Animation - Ep 6 - Bengali Tv Serial - Zee Kids,https://www.youtube.com/watch?v=ENbihXetI00,"Vikram Betal - Ep 6 - Aham Sharma,Makarand Deshpande,Sooraj Thapar - Bengali Tv Serial - Zee Kids",https://www.youtube.com/watch?v=jWMpNemcbeY,Bhootu Animation - Ep 5 - Bengali Tv Serial - Zee Kids,https://www.youtube.com/watch?v=OmeEqHMyOFE,"Vikram Betal - Ep 5 - Aham Sharma,Makarand Deshpande,Sooraj Thapar - Bengali Tv Serial - Zee Kids",https://www.youtube.com/watch?v=V-bZTnu2Mrs
982,Pari's Lifestyle,People & Blogs,India,2018.0,Nov,26.0,UCt_KDu-DtBqvIw7X-V7mlmQ,9064850411,13700000,False,827,Comment me Tag Karo Apne Kanjoos Bhai ko😂 #shorts,https://www.youtube.com/watch?v=j4pGyAu9x7g,Ab lag Rahe Hai na ek dam bhai bhen 🤣 #shorts,https://www.youtube.com/watch?v=FEb9Vcutqks,A family that races together stays together ❤️  #shorts,https://www.youtube.com/watch?v=eDBRrhnkMNs,Pari Gone Missing In The Game During Hide & Seek! | We Couldn’t Find Her,https://www.youtube.com/watch?v=oZxuFnabma0,Chori Karna Buri Baat Hai Part-2 #shorts,https://www.youtube.com/watch?v=CfR0yULgQ7I
983,DisneyChannelUK,Music,United Kingdom,2007.0,Dec,6.0,UCLeuoGy_hUDTBf5Hk0ynrpQ,14295358852,13500000,False,4692,Grace Foley’s Red Carpet Transformation for the Freakier Friday UK Premiere! 💜💚 @DisneyClubUK,https://www.youtube.com/watch?v=CzQdOAv1vMs,Jessie isn’t Jessie without Zuri @DisneyClubUK,https://www.youtube.com/watch?v=1ztxTTbQsd4,So FREAKin' ready for Lindsay Lohan's return 💚💜 Freakier Friday @DisneyClubUK,https://www.youtube.com/watch?v=_Dj9qiCy7tE,Forever aspiring to be this iconic ✨ @DisneyClubUK,https://www.youtube.com/watch?v=UeYiuOPLIt4,Lindsay Lohan & Jamie Lee Curtis REUNITE at the UK Freakier Friday Premiere 💜💚 @DisneyClubUK,https://www.youtube.com/watch?v=J-ATa3CSsL4
984,MoniLina,Comedy,United States,2016.0,May,10.0,UCFwOAy34fL31Im7_udynwvg,19634129970,17600000,False,970,OMG A very expensive surprise!😱 #shorts Best video by MoniLina,https://www.youtube.com/watch?v=RUmfpiOKPqg,OMG He was unlucky!😂  #shorts Best video by MoniLina,https://www.youtube.com/watch?v=C-iGpNzzc5s,OMG The Octopus!🐙 #shorts Best video by MoniLina,https://www.youtube.com/watch?v=76DJICwueVY,OMG A surprise in a can!😂 #shorts Best video by MoniLina,https://www.youtube.com/watch?v=scE-N7M506Y,OMG The biggest one...😱 #shorts Best video by MoniLina,https://www.youtube.com/watch?v=5aP94iq9Hg0
985,bharatzkitchen HINDI,Howto & Style,India,2016.0,Aug,10.0,UCfD08FDOGbzIxCduGKkJ0Xg,2970975468,14200000,False,959,शादी जैसे एकदम चटपटे स्वादिष्ट छोले मसाला बनाने की सबसे आसान विधि। Punjabi Chole Masala Recipe,https://www.youtube.com/watch?v=Mne8b26MOU4,जब घर में न हो कोई सब्ज़ी तो आलू की सब्जी बनाएं एकदम खास और नए तरीके से।।aloo ki sabji। NEW ALOO,https://www.youtube.com/watch?v=yik2eyfFAJE,कुकर में 15 मिनट में मसाला पुलाव ऐसे बनाये खाने वाले हाथ न रोक पाए | Masala Veg Pulao Rice Recipe,https://www.youtube.com/watch?v=92x5kRuGGyM,आलू कचोरी बनाने का सबसे आसान तरीका | Instant Aloo Kachori- Kachori Recipe Aloo Snacks bharatzkitchen,https://www.youtube.com/watch?v=XdEpi91VkaI,बेसन में दूध घोलकर बनाएं बाजार में मिलने वाली महंगी वाली रेसिपी |Rakshabandhan Special - Besan Laddu,https://www.youtube.com/watch?v=o1yGqGUVX_0
986,TKOR,Education,,2006.0,Aug,16.0,UC1zZE_kJ8rQHgLTVfobLi_g,3687720937,12500000,False,1907,Turning 700 Glowsticks Into a GIANT GLOWSTICK,https://www.youtube.com/watch?v=mL0bZMvI-Mc,Glow In The Dark Tie Dye Paper Towels,https://www.youtube.com/watch?v=iwawtKUzTXA,How many glowstick to create a GIANT GLOWSTICK?,https://www.youtube.com/watch?v=3OK38Iz8CIw,How hot does a GIANT Glowstick get?,https://www.youtube.com/watch?v=jlW-8PG1oj4,Creed's FAVORITE TKOR Projects,https://www.youtube.com/watch?v=F2F6Q5gd4xA
987,ANNA KOVA,People & Blogs,,2006.0,Jun,18.0,UCMTmEpo6V_CHJW2vX6xkzcg,53265590,326000,False,495,"Sind das die besten Bücher für den Sommer? Ich lese,heule und finde Jahreshighlight | Reading Vlog",https://www.youtube.com/watch?v=EUY-pl2SBPw,1-6 welche Jeans ist die beste? 😍 #plussize #plussizejeans #kleidung #outfitinspo #outfits,https://www.youtube.com/watch?v=zhytAUSUdKE,1-5 wie findest du mein Outfit? 😍 #plussize #plussizefashion #outfits #outfitinspo #ootd #curvy,https://www.youtube.com/watch?v=ozDweJP0bUw,Anzeige | Shorts zu finden auf www.anna-kova.de 🤍 von 1-5? #plussize #plussizefashion #outfits,https://www.youtube.com/watch?v=tp-qgyDC3Lk,Anzeige | Outfit von Ulla Popken. 20% mit „Anna904“ 🤍 #plussize #outfits #curvy #ootd,https://www.youtube.com/watch?v=cWugbA4EXuc
988,Avril Lavigne,Music,United States,2005.0,Oct,8.0,UC_k8KFBzEf0uQ8LRFSAgSUA,7431509674,13300000,False,261,Young & Dumb BTS,https://www.youtube.com/watch?v=XtoSft2yMMw,Only a couple shows left on The Greatest Hits Tour 2025!,https://www.youtube.com/watch?v=QI6jMOE_8m4,"Keep Holding On - Tampa, FL - The Greatest Hits Tour 2025",https://www.youtube.com/watch?v=I5WPeFig9m4,Avril Lavigne Niagara Falls June 4 Recap,https://www.youtube.com/watch?v=Sl6Bo16WOPg,Avril On Tour: Madison Square Garden 05/30/25,https://www.youtube.com/watch?v=HuT5Lmxwnlc
989,Caylus,Education,United States,2016.0,Apr,6.0,UCVAYy7_zddIx6USjXscV9Vg,7845524931,19000000,False,2091,They Added TORNADOS To Peak.. (UPDATE),https://www.youtube.com/watch?v=0hwP0liRX2E,I SAVED Little Brother From HUGE Zombie Apocalypse in GTA 5..,https://www.youtube.com/watch?v=7n_UFEHM4Qs,I Opened Up a 5 STAR RESTAURANT..,https://www.youtube.com/watch?v=ojRHZtqOC08,We Beat The BACKROOMS BOSS..,https://www.youtube.com/watch?v=yYm8tNAs8DU,CLIMB THE BACKROOMS.. (Part 2),https://www.youtube.com/watch?v=4e_rNbLs6oc
990,Migos ATL,Music,United States,2012.0,Jan,17.0,UC9YcTIQuhwgoOQqYMKYqW9A,8004255503,12900000,False,99,"Takeoff, Rich The Kid - Crypto (Official Video)",https://www.youtube.com/watch?v=EPQJHNXdJfM,Mayor Andrew Young & The Atlanta Olympics | Home Courts With Quavo,https://www.youtube.com/watch?v=-Al3uI-mUN8,"Quavo hangs with Melissa Proctor, Atlanta Hawks| Home Courts With Quavo",https://www.youtube.com/watch?v=3MC377aQYtY,Playing Hoops With Josh Smith & Chris Allen| Home Courts With Quavo,https://www.youtube.com/watch?v=-Mw_IA9KCqQ,From The Streets To The NBA | Home Courts With Quavo,https://www.youtube.com/watch?v=mi-Q_UPg1VU
991,Natan por Aï¿,Sports,Brazil,2017.0,Feb,12.0,UCjaxmdb_gTWbz9XF5rzvgGg,19304021483,31600000,False,1932,ERROR,https://www.youtube.com/watch?v=F7-MKM9hXPc,ANIMALS,https://www.youtube.com/watch?v=OH-t0gzCDmg,EMOJI BOOM,https://www.youtube.com/watch?v=K6TqxxK6WfU,MOREI ESCONDIDO EM UM MERCADO POR 2 DIAS,https://www.youtube.com/watch?v=oyxDvw_5ylE,QUEM É MELHOR?,https://www.youtube.com/watch?v=KG5jQalC-OA
992,Free Fire India Official,People & Blogs,India,2018.0,Sep,14.0,UC4AB0_ectRryjCF_ugD0U8w,3360671171,18000000,False,2377,Minato’s Save | Minato Collectibles Highlight | Free Fire MAX x NARUTO SHIPPUDEN,https://www.youtube.com/watch?v=FVEK8qC_NIU,Itachi VS Sasuke | Itachi Collectibles Highlight | Free Fire MAX x NARUTO SHIPPUDEN,https://www.youtube.com/watch?v=BujEhMPYMeo,Ddakji Master Challenge | Aftermovie | Free Fire MAX x SQUID GAME,https://www.youtube.com/watch?v=xB7YDddxeCg,Hacker samuday me darr ka mahol hai 💀 #FreeFireMAX #Booyah,https://www.youtube.com/watch?v=ZT4HpJ44T8Y,Admin craftlands maps par akele hi ghumte rehta hai!  #FreeFireMAX #Booyah #FFMCraftland,https://www.youtube.com/watch?v=SPCOU473nho
993,Panda,,United Kingdom,2006.0,Sep,11.0,UCrRCYfAdzBO3ViaOseB9dJw,4077282519,3290000,False,135,Quantas moscas aparecem neste vídeo? 😄,https://www.youtube.com/watch?v=rZrtxic-XAI,Vamos brincar ao jogo dos sons? 🐼😄,https://www.youtube.com/watch?v=kQWtaMEuIfw,Camiluki quem? 😂,https://www.youtube.com/watch?v=pIMEVtq3wgg,Panda e Os Caricas - Os Sons Da Selva,https://www.youtube.com/watch?v=-8u30sIK7ss,Cantem connosco: Mah na Mah na... 🎶,https://www.youtube.com/watch?v=1oWlz8Pg6jw
994,RobTopGames,Gaming,Sweden,2012.0,May,9.0,UCz_yk8mDSAnxJq0ar66L4sw,493130400,17300000,False,68,Geometry Dash Random Gauntlet Contest,https://www.youtube.com/watch?v=WqxQLPXLtTA,Geometry Dash Space Gauntlet Contest Results,https://www.youtube.com/watch?v=phJKY2QFfJ8,The Geometry Dash Awards 2024: Winners,https://www.youtube.com/watch?v=r_-mwt6HQ0w,Who Is The BEST Platformer Creator? 🛠️ 2024 Awards 🏆 #geometrydash,https://www.youtube.com/watch?v=dKVl60Np4F0,Cool And HARD Platformer Levels 🔥 2024 Awards 🏆 #geometrydash,https://www.youtube.com/watch?v=AxWVKWYD0eo
995,Make Joke Of,Comedy,India,2017.0,Aug,1.0,UCvgteBQjoaxE0bhFkpu8qAw,2536718207,13000000,False,86,airport के बाहर से जहाज़ देख लिया #animation @MakeJokeOf #saurabhshukla #plane,https://www.youtube.com/watch?v=Iorcj2yW9oE,जब कोहली ने cup उठाया तो.. @MakeJokeOf,https://www.youtube.com/watch?v=HblSZp95l60,Aarti Shree Virat Kohli Ji Ki @MakeJokeOf #ipl #ipl2025 #rcb,https://www.youtube.com/watch?v=rLX8NOqoWpA,Share this to reach budhau trump 😖 @MakeJokeOf #indiavspakistan #ceasefire,https://www.youtube.com/watch?v=_zvRGOfYs7o,RJ Saurabh || Make Joke Of || MJO || Saurabh Shukla,https://www.youtube.com/watch?v=pZjcskYdO3M